{"type":"FeatureCollection","features":[{"type":"Feature","properties":{"nome":"Chã Grande","codigo_ibge":"2604502"},"geometry":{"type":"Polygon","coordinates":[[[-35.448962825699304,-8.169807402700421],[-35.444166541275074,-8.169689710664906],[-35.43632871063056,-8.165923565528256],[-35.43012863564315,-8.16474664517306],[-35.430362600737,-8.169807402700426],[-35.432585269128744,-8.171455091197707],[-35.43246828658179,-8.175338928369873],[-35.430479583283955,-8.178634305364445],[-35.43258526912872,-8.18393044696285],[-35.43597776298979,-8.184989675282539],[-35.431883373847135,-8.212647303629804],[-35.42884182762688,-8.216295756730926],[-35.43047958328395,-8.22088574611621],[-35.43667965827139,-8.230536493028879],[-35.438200431381496,-8.230654185064404],[-35.442411803071074,-8.235244174449694],[-35.44147594269561,-8.239363395692894],[-35.443815593634255,-8.241952620474347],[-35.440891029960945,-8.244306461184754],[-35.441241977601756,-8.247248762072758],[-35.43855137902229,-8.248543374463482],[-35.43937025685082,-8.252662595706685],[-35.44252878561799,-8.250308754996281],[-35.44521938419744,-8.250191062960758],[-35.44978170352783,-8.253251055884283],[-35.45457798795208,-8.253957208097418],[-35.45785349926617,-8.259371041731344],[-35.45937427237628,-8.264196415187671],[-35.46206487095576,-8.265137951471837],[-35.46651020773919,-8.26113642226415],[-35.46709512047385,-8.265020259436316],[-35.471423474710356,-8.270551785105772],[-35.47411407328981,-8.271022553247839],[-35.47855941007325,-8.275024082455532],[-35.48136699119963,-8.275730234668655],[-35.48546138034226,-8.27973176387635],[-35.48803499637478,-8.285969441758928],[-35.48721611854625,-8.291147891321815],[-35.49318222843982,-8.298091721417503],[-35.49938230342725,-8.307860160365692],[-35.509325819916526,-8.311155537360252],[-35.509793750104244,-8.300563254163437],[-35.51271831377757,-8.223592662933187],[-35.509208837369606,-8.218531905405808],[-35.50043514634964,-8.209587310706272],[-35.497393600129406,-8.204997321320983],[-35.49142749023584,-8.205821165569622],[-35.48674818835853,-8.205232705392023],[-35.483121729403635,-8.201584252290894],[-35.483121729403614,-8.197582723083205],[-35.48651422326466,-8.193698885911042],[-35.490608612407314,-8.19158042927167],[-35.492714298252096,-8.185578135460139],[-35.49189542042355,-8.183695062891815],[-35.48686517090546,-8.180517377932773],[-35.47282726527355,-8.175338928369884],[-35.465106417175996,-8.173220471730513],[-35.46300073133121,-8.17451508412123],[-35.45586479596832,-8.17357354783707],[-35.448962825699304,-8.169807402700421]]]}},{"type":"Feature","properties":{"nome":"Caetés","codigo_ibge":"2603207"},"geometry":{"type":"Polygon","coordinates":[[[-36.77320525697642,-8.731904564345182],[-36.7021968509883,-8.723901505929803],[-36.628263881326916,-8.756149123662356],[-36.626392160575975,-8.762975261722538],[-36.61949019030696,-8.771331396244468],[-36.61024856909928,-8.772155240493118],[-36.598667296952975,-8.769448323676148],[-36.59433894271644,-8.772037548457595],[-36.591297396496195,-8.772390624564148],[-36.58743697244744,-8.76956601571167],[-36.58170482764773,-8.771331396244472],[-36.57772742105202,-8.770389859960304],[-36.575972682848025,-8.766388330752616],[-36.571878293705396,-8.762151417473886],[-36.566029166358774,-8.760032960834524],[-36.56134986448145,-8.761327573225248],[-36.558542283355074,-8.758032196230683],[-36.55561771968175,-8.758149888266203],[-36.55128936544524,-8.766035254646061],[-36.55070445271059,-8.769330631640624],[-36.54590816828636,-8.773920621025917],[-36.54005904093973,-8.783806752009616],[-36.54403644753542,-8.784983672364813],[-36.54836480177194,-8.78874981750146],[-36.54871574941273,-8.794045959099881],[-36.55772340552656,-8.802402093621813],[-36.56088193429373,-8.80640362282951],[-36.56497632343636,-8.80746285114919],[-36.57222924134618,-8.816054369742172],[-36.57433492719099,-8.822409739660266],[-36.581821810194675,-8.825705116654829],[-36.5841614611333,-8.8284120334718],[-36.57959914180295,-8.831354334359801],[-36.575621735207235,-8.838533548526545],[-36.567432956921934,-8.84500661048016],[-36.548364801771946,-8.875018079537822],[-36.543217569706904,-8.881255757420396],[-36.55128936544526,-8.887258051231926],[-36.5625196899508,-8.890788812297531],[-36.56918769512595,-8.888788047693684],[-36.57433492719097,-8.888199587516084],[-36.58345956585172,-8.891259580439613],[-36.59480687290418,-8.890671120262008],[-36.60521831958119,-8.891612656546169],[-36.61130141202168,-8.894672649469701],[-36.61375804550726,-8.897850334428755],[-36.61223727239713,-8.90632416098621],[-36.61621467899285,-8.903852628240282],[-36.61656562663364,-8.900557251245711],[-36.62089398087014,-8.89632033796699],[-36.62802991623303,-8.887964203445057],[-36.63083749735944,-8.887140359196398],[-36.638792310550826,-8.878313456532391],[-36.644992385538266,-8.873723467147096],[-36.64499238553829,-8.870192706081484],[-36.6494377223217,-8.86948655386836],[-36.652362285995025,-8.866426560944843],[-36.656222710043814,-8.868191941477646],[-36.66253976757817,-8.869015785726285],[-36.66628320908,-8.867838865371086],[-36.665698296345326,-8.86513194855411],[-36.66745303454934,-8.860541959168826],[-36.67154742369196,-8.854775049428337],[-36.67107949350425,-8.848655063581283],[-36.66733605200241,-8.845359686586711],[-36.665581313798405,-8.839475084810699],[-36.66745303454933,-8.83253125471501],[-36.7369406674273,-8.832766638786046],[-36.75893338625063,-8.833825867105732],[-36.754722014561054,-8.82805895736523],[-36.759635281532226,-8.82582280869036],[-36.767590094723644,-8.818996670630176],[-36.77028069330311,-8.814288989209365],[-36.77460904753959,-8.808992847610956],[-36.77893740177609,-8.801813633444217],[-36.780107227245445,-8.79557595556164],[-36.77846947158838,-8.792045194496035],[-36.773088274429476,-8.790279813963238],[-36.76209191501783,-8.78439521218722],[-36.75975226407917,-8.780040606872976],[-36.7591673513445,-8.774626773239039],[-36.772386379147875,-8.764152182077737],[-36.77414111735187,-8.761798341367323],[-36.77390715225799,-8.758032196230687],[-36.77133353622548,-8.73531763337527],[-36.77320525697642,-8.731904564345182]]]}},{"type":"Feature","properties":{"nome":"Goiana","codigo_ibge":"2606200"},"geometry":{"type":"Polygon","coordinates":[[[-34.84825744720037,-7.687740825209443],[-34.852819766530715,-7.690800818132965],[-34.86089156226908,-7.709396159745168],[-34.86416707358318,-7.713397688952865],[-34.8735256773378,-7.7119853845266215],[-34.87878989194978,-7.710455388064848],[-34.882533333451605,-7.713750765059414],[-34.886627722594255,-7.713279996917344],[-34.887914530610516,-7.709396159745164],[-34.89458253578568,-7.706100782750599],[-34.897039169271245,-7.699627720796983],[-34.891657972112355,-7.696450035837938],[-34.89177495465929,-7.693154658843375],[-34.896220291442724,-7.691271586275053],[-34.89563537870805,-7.687623133173926],[-34.89680520417738,-7.6845631402504],[-34.89949580275684,-7.68373929600175],[-34.907918546135996,-7.685386984499038],[-34.91201293527862,-7.68797620928049],[-34.917043184796725,-7.688446977422561],[-34.918563957906855,-7.691742354417132],[-34.922775329596426,-7.691624662381612],[-34.92417912015963,-7.691860046452658],[-35.02571997089712,-7.641487855249976],[-35.07251298967015,-7.618302524252487],[-35.06724877505821,-7.619244060536652],[-35.06701480996432,-7.615007147257925],[-35.06034680478918,-7.610417157872638],[-35.06373929865021,-7.6050033242387],[-35.061633612805444,-7.601943331315179],[-35.06350533355634,-7.594175656970834],[-35.06783368779286,-7.591233356082827],[-35.075905483531216,-7.58970335962107],[-35.069822391090725,-7.581464917134648],[-35.060229822242235,-7.57852261624665],[-35.053678799614005,-7.573579550754797],[-35.04712777698579,-7.563458035700044],[-35.04829760245511,-7.5614572710962085],[-35.047127776985796,-7.554866517107061],[-35.04782967226738,-7.55110037197042],[-35.04630889915726,-7.548628839224497],[-35.03870503360664,-7.545686538336493],[-35.03659934776187,-7.5434503896616],[-35.03905598124745,-7.537801171956629],[-35.04279942274929,-7.5381542480631945],[-35.04630889915725,-7.5361534834593495],[-35.05098820103456,-7.539566552489443],[-35.05648638074041,-7.539095784347354],[-35.06128266516464,-7.541214240986725],[-35.061750595352365,-7.539213476382878],[-35.07777720428213,-7.513791996710497],[-34.98536099220538,-7.462007501081583],[-34.984191166736046,-7.469304407283845],[-34.988285555878704,-7.476130545344017],[-34.990157276629596,-7.488841285180211],[-34.986179870033894,-7.493431274565487],[-34.98512702711152,-7.500022028554631],[-34.98419116673605,-7.507907394934485],[-34.979043934671004,-7.509672775467296],[-34.96945136582254,-7.5210889029127586],[-34.96605887196148,-7.527326580795327],[-34.962783360647386,-7.535565023281751],[-34.960794657349524,-7.53874270824079],[-34.95471156490904,-7.539095784347362],[-34.950617175766396,-7.537565787885591],[-34.9395038338078,-7.530033497612294],[-34.93271884608569,-7.528503501150525],[-34.926869718739084,-7.530975033896457],[-34.923009294690296,-7.534035026819987],[-34.9172771498906,-7.541802701164316],[-34.91400163857648,-7.54380346576817],[-34.90990724943386,-7.542626545412962],[-34.91096009235623,-7.538625016205275],[-34.90148450605468,-7.537095019743513],[-34.89972976785071,-7.5394488604539145],[-34.90183545369549,-7.542273469306407],[-34.90101657586696,-7.544745002052321],[-34.895518396161116,-7.545098078158883],[-34.89142400701851,-7.537212711779032],[-34.887212635328915,-7.536388867530382],[-34.881597473076155,-7.540743472844638],[-34.87364265988474,-7.543215005590567],[-34.87177093913382,-7.5487465312600195],[-34.867442584897304,-7.547922687011371],[-34.865219916505595,-7.544391925945767],[-34.85796699859576,-7.537918863992157],[-34.85387260945314,-7.539684244524961],[-34.84931029012274,-7.541449625057766],[-34.83854789580495,-7.544274233910243],[-34.83386859392763,-7.548628839224503],[-34.839015825992675,-7.553924980822906],[-34.83714410524178,-7.556161129497787],[-34.836910140147886,-7.5626341914514095],[-34.83340066373992,-7.564046495877654],[-34.831879890629786,-7.5684011011919],[-34.831528942988996,-7.575698007394157],[-34.82673265856475,-7.586643366697543],[-34.82509490290771,-7.591939508295951],[-34.82310619960985,-7.594293349006352],[-34.81877784537334,-7.602884867599332],[-34.812928718026704,-7.613006382654081],[-34.808249416149415,-7.616890219826248],[-34.80672864303928,-7.621009441069462],[-34.80883432888409,-7.630189419840036],[-34.81351363076136,-7.635132485331887],[-34.82041560103041,-7.646195536670791],[-34.822755251969056,-7.6506678340205685],[-34.828487396768736,-7.666085490673712],[-34.8311779953482,-7.678796230509898],[-34.83468747175618,-7.684092372108321],[-34.8379629830703,-7.682209299539993],[-34.84229133730678,-7.681973915468954],[-34.84825744720037,-7.687740825209443]]]}},{"type":"Feature","properties":{"nome":"Glória do Goitá","codigo_ibge":"2606101"},"geometry":{"type":"Polygon","coordinates":[[[-35.30448938023751,-7.941602545826648],[-35.299927060907144,-7.936894864405828],[-35.29091940479333,-7.937130248476869],[-35.28378346943047,-7.938071784761043],[-35.25442085015035,-7.946427919282967],[-35.25442085015037,-7.946780995389532],[-35.23008848038838,-7.956196358231159],[-35.237926311032865,-7.976674772411677],[-35.239915014330734,-7.980558609583853],[-35.24400940347337,-7.98208860604561],[-35.24822077516295,-7.989385512247864],[-35.25278309449332,-7.9947993458818045],[-35.25594162326051,-7.9965647264146025],[-35.2548887803381,-7.999271643231574],[-35.24494526384882,-8.012217767138793],[-35.25371895486877,-8.016690064488568],[-35.25430386760344,-8.021044669802817],[-35.25898316948075,-8.026223119365715],[-35.25956808221541,-8.056587664529934],[-35.26073790768473,-8.057882276920665],[-35.2631945411703,-8.060589193737625],[-35.27278711001879,-8.054233823819535],[-35.29782137506237,-8.070828400827885],[-35.31221022833506,-8.060824577808656],[-35.318995216057175,-8.063531494625632],[-35.322270727371276,-8.063649186661152],[-35.32531227359152,-8.06129534595075],[-35.330693470750425,-8.06035380966658],[-35.33841431884799,-8.056116896387856],[-35.34157284761515,-8.053174595499838],[-35.34555025421088,-8.051644599038083],[-35.35034653863511,-8.06153073002179],[-35.3621617758753,-8.06094226984418],[-35.3793582102744,-8.070357632685809],[-35.38848284893514,-8.074359161893497],[-35.39667162722042,-8.073888393751417],[-35.40123394655078,-8.075653774284213],[-35.41573978237045,-8.074241469857972],[-35.42930975781462,-8.081302991989192],[-35.42966070545542,-8.081185299953674],[-35.429426740361556,-8.08094991588263],[-35.43901930921001,-8.039757703450537],[-35.46557434736373,-8.031166184857558],[-35.46674417283306,-8.029165420253717],[-35.46557434736373,-8.02186851405145],[-35.463702626612815,-8.01669006448856],[-35.460076167657895,-8.013276995458481],[-35.46206487095575,-8.009275466250791],[-35.460076167657895,-8.007745469789029],[-35.46159694076801,-8.00056625562229],[-35.45902332473551,-7.9968001104856405],[-35.455396865780585,-7.993975501633156],[-35.45726858653152,-7.988914744105788],[-35.3876639711066,-8.00339086447478],[-35.30472334533138,-7.941955621933204],[-35.30448938023751,-7.941602545826648]]]}},{"type":"Feature","properties":{"nome":"Calumbi","codigo_ibge":"2603405"},"geometry":{"type":"Polygon","coordinates":[[[-37.93940426734758,-8.068709944188518],[-37.94162693573929,-8.077772230923582],[-37.95391010316721,-8.078242999065667],[-37.9589403526853,-8.080949915882623],[-37.96116302107704,-8.080008379598462],[-37.96748007861139,-8.08189145216679],[-37.973446188504965,-8.080126071633993],[-37.98198591443103,-8.083303756593029],[-37.992865291295765,-8.093189887576733],[-38.01099758607031,-8.114962914147984],[-38.01684671341695,-8.119552903533275],[-38.02456756151449,-8.121789052208157],[-38.02819402046942,-8.133558255760189],[-38.09733070570658,-8.054116131784012],[-38.14213502118178,-7.9601978874388415],[-38.1493879390916,-7.945368690963295],[-38.15418422351582,-7.941602545826635],[-38.15535404898516,-7.937601016618952],[-38.16401075745818,-7.934305639624393],[-38.168105146600816,-7.9291271900614975],[-38.163425844723506,-7.9053533988864055],[-38.12938392356614,-7.90452955463776],[-38.11990833726458,-7.908531083845451],[-38.09393821184555,-7.922301052001324],[-38.086451328841854,-7.92465489271173],[-38.08738718921733,-7.9332464113047045],[-38.0848135731848,-7.936659480334788],[-38.08212297460535,-7.936777172370312],[-38.07381721377314,-7.929951034310143],[-38.07171152792834,-7.926537965280052],[-38.07264738830381,-7.9237133564275695],[-38.0700737722713,-7.919594135184351],[-38.06644731331636,-7.919476443148833],[-38.061768011439085,-7.923124896249958],[-38.052409407684465,-7.921712591823727],[-38.03474504309765,-7.962198652042692],[-38.10563646653879,-8.016101604310965],[-38.08972684015596,-8.014336223778157],[-38.082941852433876,-8.017631600772726],[-38.07767763782191,-8.022810050335618],[-38.07299833594459,-8.024575430868426],[-38.07159454538143,-8.022692358300102],[-38.06352274964306,-8.022103898122502],[-38.05849250012495,-8.02492850697499],[-38.055801901545514,-8.02516389104602],[-38.055801901545514,-8.030224648573398],[-38.05369621570071,-8.031990029106208],[-38.05077165202741,-8.030813108750996],[-38.04843200108877,-8.032460797248286],[-38.04527347232159,-8.046348457439677],[-38.03883943224027,-8.047996145936956],[-38.037318659130165,-8.05105613886048],[-38.0370846940363,-8.055881512316814],[-38.03439409545684,-8.063531494625629],[-38.028194020469414,-8.06541456719395],[-38.02643928226542,-8.07023994065028],[-38.02304678840437,-8.074241469857975],[-38.01871843416789,-8.077419154817017],[-38.0159108530415,-8.083068372521998],[-38.011699481351926,-8.08436298491272],[-38.004680528535964,-8.082009144202312],[-37.99965027901786,-8.077536846852537],[-37.93940426734758,-8.068709944188518]]]}},{"type":"Feature","properties":{"nome":"Araripina","codigo_ibge":"2601102"},"geometry":{"type":"Polygon","coordinates":[[[-40.34538431011049,-7.329133192979216],[-40.29999508190064,-7.474129780740169],[-40.272504183371474,-7.562163423309331],[-40.32397650402182,-7.646666304812874],[-40.33848233984148,-7.672323168556286],[-40.3597731633832,-7.709631543816204],[-40.36000712847708,-7.7116323084200555],[-40.35333912330192,-7.824969738626061],[-40.351467402550995,-7.828971267833752],[-40.35146740255098,-7.833208181112489],[-40.3464371530329,-7.84121123952786],[-40.343980519547294,-7.842388159883065],[-40.34503336246969,-7.848743529801155],[-40.427623040604125,-7.871811168763129],[-40.431717429746776,-7.872635013011768],[-40.441894911329896,-7.8725173209762485],[-40.446808178301055,-7.873811933366969],[-40.449615759427445,-7.876048082041856],[-40.45406109621089,-7.877107310361544],[-40.457219624978066,-7.881814991782351],[-40.45452902639862,-7.887817285593887],[-40.457102642431124,-7.892407274979174],[-40.46119703157377,-7.8957026519737425],[-40.46611029854494,-7.897938800648619],[-40.464823490528694,-7.904882630744319],[-40.467748054202,-7.905824167028481],[-40.474533041924104,-7.9053533988863975],[-40.47932932634834,-7.909708004200657],[-40.480148204176864,-7.913827225443858],[-40.48623129661736,-7.913709533408344],[-40.488921895196796,-7.916416450225309],[-40.492197406510925,-7.916181066154276],[-40.495355935278106,-7.918652598900189],[-40.495823865465844,-7.924890276782761],[-40.50026920224926,-7.9288918059904585],[-40.50132204517166,-7.934658715730952],[-40.505299451767364,-7.943721002466002],[-40.511616509301746,-7.9444271546791345],[-40.515710898444375,-7.949017144064421],[-40.519805287587026,-7.951724060881385],[-40.51734865410143,-7.957726354692918],[-40.5175826191953,-7.960315579474359],[-40.520390200321685,-7.964670184788611],[-40.51957132249314,-7.967259409570056],[-40.52097511305632,-7.974085547630238],[-40.520390200321664,-7.975733236127523],[-40.5229638163542,-7.990797816674111],[-40.52530346729283,-7.991974737029318],[-40.526356310215235,-7.997270878627729],[-40.560632196466486,-7.997270878627732],[-40.55408117383828,-7.983853986578418],[-40.54425463989593,-7.964552492753099],[-40.54390369225514,-7.961610191865089],[-40.54402067480208,-7.9530186732720995],[-40.54542446536525,-7.944309462643602],[-40.54589239555299,-7.93689486440583],[-40.54144705876954,-7.88687574930972],[-40.53840551254929,-7.8739296254024875],[-40.537937582361565,-7.869221943981679],[-40.53817154745543,-7.8569819722875724],[-40.5420319715042,-7.838504322710898],[-40.54425463989593,-7.832855105005918],[-40.54753015121003,-7.8274412713719865],[-40.554900051666785,-7.818378984636923],[-40.55911142335636,-7.8148482235713255],[-40.56835304456405,-7.808728237724264],[-40.578413543600256,-7.805197476658661],[-40.62859905623432,-7.792604428857995],[-40.64521057789878,-7.786837519117505],[-40.65375030382483,-7.782247529732213],[-40.66381080286105,-7.774715239458908],[-40.67001087784848,-7.767889101398738],[-40.67352035425647,-7.761651423516164],[-40.67562604010124,-7.7527068288166285],[-40.67562604010123,-7.747763763324776],[-40.67352035425646,-7.739407628802842],[-40.6665014014405,-7.726343812860089],[-40.661003221734674,-7.720576903119598],[-40.65117668779233,-7.714221533201506],[-40.63924446800522,-7.704217710182276],[-40.63561800905029,-7.699863104868033],[-40.630821724626045,-7.6917423544171335],[-40.62778017840581,-7.685033908392479],[-40.62438768454478,-7.673264704840448],[-40.621814068512236,-7.6583178163293795],[-40.62204803360613,-7.651373986233678],[-40.624855614732496,-7.637721710113328],[-40.626610352936474,-7.631719416301798],[-40.63210853264232,-7.617949448145936],[-40.63678783451961,-7.608534085304305],[-40.64556152553957,-7.594764117148433],[-40.65117668779232,-7.588526439265872],[-40.65913150098373,-7.581817993241207],[-40.66264097739172,-7.5794641525307975],[-40.67726379575831,-7.562987267557962],[-40.68135818490096,-7.557691125959561],[-40.6941092825166,-7.538742708240798],[-40.70124521787948,-7.525796584333561],[-40.704286764099734,-7.518735062202354],[-40.71013589144635,-7.501434332980868],[-40.71376235040128,-7.4939020427075675],[-40.7152831235114,-7.487899748896049],[-40.71493217587061,-7.480485150658264],[-40.71317743766661,-7.472952860384961],[-40.70604150230373,-7.460006736477735],[-40.70124521787947,-7.456358283376614],[-40.67199958114632,-7.452709830275484],[-40.663342872673326,-7.449414453280918],[-40.65667486749815,-7.439410630261688],[-40.65410125146564,-7.43811601787097],[-40.65234651326166,-7.43329064441464],[-40.548466011585504,-7.392686892160152],[-40.542616884238875,-7.360321582392076],[-40.54039421584716,-7.341373164673323],[-40.54191498895727,-7.335841639003873],[-40.541564041316484,-7.332310877938263],[-40.536299826704514,-7.32713242837537],[-40.523665711635786,-7.318423217746862],[-40.51664675881983,-7.320306290315191],[-40.51032970128546,-7.322777823061123],[-40.500503167343126,-7.3279562726240055],[-40.482838802756305,-7.339254708033958],[-40.47628778012809,-7.344668541667891],[-40.44903084669279,-7.361145426640717],[-40.43358915049769,-7.367147720452262],[-40.411011518939695,-7.368560024878504],[-40.39393206708754,-7.3682069487719435],[-40.38749802700624,-7.367030028416738],[-40.372758226092714,-7.362440039031444],[-40.36094298885253,-7.355613900971269],[-40.358252390273066,-7.3524362160122205],[-40.354158001130436,-7.344315465561323],[-40.35076550726939,-7.334193950506579],[-40.34538431011049,-7.329133192979216]]]}},{"type":"Feature","properties":{"nome":"Passira","codigo_ibge":"2610509"},"geometry":{"type":"Polygon","coordinates":[[[-35.45726858653152,-7.988914744105788],[-35.455396865780585,-7.993975501633156],[-35.45902332473551,-7.9968001104856405],[-35.46159694076801,-8.00056625562229],[-35.460076167657895,-8.007745469789029],[-35.46206487095575,-8.009275466250791],[-35.460076167657895,-8.013276995458481],[-35.463702626612815,-8.01669006448856],[-35.46557434736373,-8.02186851405145],[-35.46674417283306,-8.029165420253717],[-35.46557434736373,-8.031166184857558],[-35.43901930921001,-8.039757703450537],[-35.429426740361556,-8.08094991588263],[-35.42966070545542,-8.081185299953674],[-35.442996715805734,-8.07965530349191],[-35.462532801143475,-8.093778347754336],[-35.510846593026656,-8.057646892849622],[-35.5522584146408,-8.071063784898932],[-35.58349275467178,-8.078596075172221],[-35.63028577344485,-8.10413524688012],[-35.64982185878259,-8.105312167235315],[-35.65075771915804,-8.073064549502773],[-35.66467864224302,-8.047054609652792],[-35.660818218194244,-8.046819225581759],[-35.6584785672556,-8.050232294611835],[-35.654969090847615,-8.04846691407904],[-35.653097370096695,-8.043641540622712],[-35.645025574358336,-8.043170772480622],[-35.64373876634209,-8.040581547699183],[-35.63987834229331,-8.042229236196462],[-35.63636886588533,-8.032460797248289],[-35.63402921494667,-8.029047728218194],[-35.63344430221202,-8.024457738832904],[-35.630051808350984,-8.023986970690832],[-35.62303285553502,-8.018337752985852],[-35.613323304139605,-8.0215154379449],[-35.60946288009082,-8.013159303422958],[-35.610398740466294,-8.011393922890157],[-35.65415021301907,-7.944309462643607],[-35.64853505076633,-7.942426390075284],[-35.64186704559116,-7.9386602449386405],[-35.63718774371385,-7.94219100600425],[-35.62958387816324,-7.9412494697200735],[-35.625840436661385,-7.944427154679133],[-35.61952337912704,-7.944780230785687],[-35.61320632159268,-7.940307933435913],[-35.612738391404946,-7.937483324583438],[-35.600806171617826,-7.935600252015104],[-35.59577592209971,-7.9397194732583225],[-35.589926794753104,-7.9408963936135155],[-35.583609737218715,-7.943485618394961],[-35.57963233062303,-7.9464279192829705],[-35.57050769196227,-7.944427154679133],[-35.56243589622391,-7.941014085649031],[-35.55553392595492,-7.941131777684562],[-35.553428240110115,-7.9441917706080805],[-35.54547342691868,-7.9468986874250565],[-35.53833749155581,-7.946192535211935],[-35.53552991042942,-7.941484853791127],[-35.53459405005397,-7.934894099801992],[-35.53155250383371,-7.930892570594291],[-35.52546941139322,-7.9315987228074185],[-35.5225448477199,-7.933011027233666],[-35.51575985999783,-7.9396017812228],[-35.51400512179382,-7.938542552903112],[-35.50757108171253,-7.927008733422137],[-35.50441255294536,-7.925007968818287],[-35.499967216161906,-7.919594135184361],[-35.442060855430285,-7.961139423723009],[-35.44416654127506,-7.963493264433406],[-35.44533636674438,-7.967847869747658],[-35.44907980824621,-7.971025554706709],[-35.452121354466485,-7.975497852056469],[-35.45200437191954,-7.979734765335209],[-35.45644970870297,-7.98361860250738],[-35.45726858653152,-7.988914744105788]]]}},{"type":"Feature","properties":{"nome":"Camutanga","codigo_ibge":"2603603"},"geometry":{"type":"Polygon","coordinates":[[[-35.23710743320435,-7.440587550616896],[-35.25956808221541,-7.42105067272054],[-35.31326307125747,-7.4781313099478615],[-35.31536875710226,-7.47154055595873],[-35.318059355681726,-7.466950566573441],[-35.31981409388571,-7.456946743554219],[-35.32882174999951,-7.454710594879333],[-35.33244820895442,-7.4488259931033145],[-35.33513880753386,-7.440705242652425],[-35.337829406113315,-7.436821405480248],[-35.3338519995176,-7.435526793089525],[-35.334202947158396,-7.430701419633203],[-35.342625690537574,-7.4219922090046975],[-35.33864828394186,-7.421286056791572],[-35.333501051876816,-7.422698361217817],[-35.33186329621976,-7.419167600152214],[-35.332916139142135,-7.415283762980037],[-35.32624813396699,-7.416225299264202],[-35.32379150048142,-7.420226828471886],[-35.313146088710525,-7.417049143512847],[-35.310806437771895,-7.412694538198593],[-35.30671204862925,-7.413165306340672],[-35.29852327034397,-7.410223005452668],[-35.29594965431145,-7.407986856777791],[-35.291855265168806,-7.407516088635712],[-35.28565519018137,-7.404691479783223],[-35.28109287085101,-7.404573787747698],[-35.28004002792861,-7.406574552351544],[-35.275477708598224,-7.404338403676654],[-35.27267012747186,-7.404338403676656],[-35.27079840672094,-7.407516088635704],[-35.26647005248442,-7.40986992934611],[-35.265651174655915,-7.412341462092041],[-35.25512274543196,-7.419873752365339],[-35.24599810677123,-7.424110665644059],[-35.24529621148963,-7.426817582461022],[-35.241903717628595,-7.429995267420071],[-35.23663950301662,-7.43776294176441],[-35.23710743320435,-7.440587550616896]]]}},{"type":"Feature","properties":{"nome":"Flores","codigo_ibge":"2605608"},"geometry":{"type":"Polygon","coordinates":[[[-37.93940426734758,-8.068709944188518],[-37.99965027901786,-8.077536846852537],[-38.004680528535964,-8.082009144202312],[-38.011699481351926,-8.08436298491272],[-38.0159108530415,-8.083068372521998],[-38.01871843416789,-8.077419154817017],[-38.02304678840437,-8.074241469857975],[-38.02643928226542,-8.07023994065028],[-38.028194020469414,-8.06541456719395],[-38.03439409545684,-8.063531494625629],[-38.0370846940363,-8.055881512316814],[-38.037318659130165,-8.05105613886048],[-38.03883943224027,-8.047996145936956],[-38.04527347232159,-8.046348457439677],[-38.04843200108877,-8.032460797248286],[-38.05077165202741,-8.030813108750996],[-38.05369621570071,-8.031990029106208],[-38.055801901545514,-8.030224648573398],[-38.055801901545514,-8.02516389104602],[-38.05849250012495,-8.02492850697499],[-38.06352274964306,-8.022103898122502],[-38.07159454538143,-8.022692358300102],[-38.07299833594459,-8.024575430868426],[-38.07767763782191,-8.022810050335618],[-38.082941852433876,-8.017631600772726],[-38.08972684015596,-8.014336223778157],[-38.10563646653879,-8.016101604310965],[-38.03474504309765,-7.962198652042692],[-38.052409407684465,-7.921712591823727],[-38.0488999312765,-7.920417979432998],[-38.04527347232158,-7.915592605976666],[-38.03743564167709,-7.912179536946581],[-38.03462806055071,-7.911708768804504],[-38.02550342188997,-7.906412627206078],[-38.02807703792248,-7.899939565252478],[-38.02433359642063,-7.8966441882579055],[-38.02035618982492,-7.896526496222383],[-38.014974992666026,-7.894054963476462],[-38.012167411539636,-7.8900534342687685],[-38.01310327191512,-7.883462680279636],[-38.01205042899273,-7.880873455498185],[-38.00456354598904,-7.878401922752268],[-38.000937087034124,-7.876165774077382],[-38.00175596486265,-7.872752705047289],[-37.999533296470915,-7.868751175839597],[-38.00210691250344,-7.863925802383266],[-38.00503147617675,-7.863690418312228],[-38.00982776060101,-7.85203890679572],[-38.008073022397014,-7.846625073161791],[-38.00737112711541,-7.837327402355698],[-38.00877491767861,-7.834149717396641],[-38.00900888277246,-7.817437448352767],[-38.01322025446204,-7.815672067819969],[-38.01801653888627,-7.808257469582185],[-38.01895239926176,-7.804491324445541],[-38.021409032747314,-7.803785172232422],[-38.02246187566972,-7.798959798776081],[-38.020824120012655,-7.791192124431746],[-38.00070312194025,-7.778952152737647],[-37.990291675263265,-7.77883446070213],[-37.98479349555741,-7.77294985892611],[-37.97637075217828,-7.774832931494438],[-37.97063860737859,-7.777539848311404],[-37.95905733523225,-7.768712945647383],[-37.95777052721598,-7.766241412901458],[-37.95110252204084,-7.771184478393301],[-37.945136412147264,-7.770242942109149],[-37.93718159895584,-7.771066786357788],[-37.92887583812363,-7.771066786357786],[-37.920219129650604,-7.772008322641944],[-37.91565681032025,-7.77377370317475],[-37.91203035136534,-7.772832166890592],[-37.90232079996993,-7.774479855387869],[-37.897758480639574,-7.779187536808688],[-37.89389805659078,-7.781188301412526],[-37.88851685943189,-7.781894453625652],[-37.87939222077113,-7.780952917341487],[-37.873894041065306,-7.7890736677923895],[-37.86909775664107,-7.787308287259579],[-37.863482594388294,-7.792604428857993],[-37.85856932741714,-7.792604428857999],[-37.85763346704168,-7.794487501426321],[-37.8523692524297,-7.797076726207763],[-37.846988055270806,-7.802961327983775],[-37.84464840433215,-7.806609781084902],[-37.837863416610055,-7.81143515454123],[-37.83809738170394,-7.818614368707972],[-37.83950117226711,-7.822027437738063],[-37.830727481247166,-7.82238051384462],[-37.7457981521741,-7.871928860798647],[-37.69151825039738,-7.983853986578411],[-37.69830323811946,-7.987031671537467],[-37.700174958870385,-7.99020935649651],[-37.70462029565384,-8.003743940581334],[-37.7195940616612,-8.011040846783597],[-37.72556017155476,-8.015160068026805],[-37.73082438616674,-8.015748528204401],[-37.739013164452004,-8.01833775298585],[-37.74895668094128,-8.022927742371138],[-37.75445486064712,-8.022927742371147],[-37.76077191818148,-8.018455445021372],[-37.767205958262785,-8.017513908737211],[-37.77621361437659,-8.025281583081542],[-37.77831930022137,-8.028930036182674],[-37.784402392661846,-8.031636952999637],[-37.783583514833325,-8.04046385566366],[-37.79013453746157,-8.041287699912298],[-37.794813839338865,-8.047525377794873],[-37.79516478697967,-8.050232294611845],[-37.79153832802474,-8.056705356565452],[-37.79656857754286,-8.0610599618797],[-37.79610064735512,-8.068239176046442],[-37.799259176122305,-8.072829165431733],[-37.800545984138566,-8.0796553034919],[-37.80323658271801,-8.082715296415424],[-37.806395111485195,-8.08318606455751],[-37.811425361003295,-8.080949915882632],[-37.8150518199582,-8.078242999065662],[-37.82230473786803,-8.078360691101182],[-37.82756895247999,-8.07600685039078],[-37.831897306716485,-8.075653774284223],[-37.834119975108216,-8.079655303491906],[-37.838799276985526,-8.07918453534983],[-37.8494446887564,-8.083892216770629],[-37.85775044958862,-8.080714531811589],[-37.865939227873895,-8.07930222738535],[-37.881380924068985,-8.074829930035577],[-37.888633841978816,-8.080243763669511],[-37.893079178762264,-8.081185299953674],[-37.8985773584681,-8.079419919420861],[-37.90220381742299,-8.074006085786925],[-37.905830276377905,-8.073064549502773],[-37.910509578255216,-8.074712238000055],[-37.92033611219756,-8.075418390213175],[-37.92758903010738,-8.070475324721324],[-37.929460750858304,-8.06729763976228],[-37.936011773486506,-8.064237646838755],[-37.93940426734758,-8.068709944188518]]]}},{"type":"Feature","properties":{"nome":"Escada","codigo_ibge":"2605202"},"geometry":{"type":"Polygon","coordinates":[[[-35.35900324710813,-8.300680946198957],[-35.33946716177037,-8.294796344422942],[-35.3230896051998,-8.300680946198952],[-35.30051197364183,-8.308095544436725],[-35.269160651063885,-8.296090956813664],[-35.276296586426774,-8.285145597510278],[-35.26471531428045,-8.243718001007142],[-35.26483229682737,-8.242894156758512],[-35.264247384092705,-8.247719530214834],[-35.26576815720285,-8.251838751458042],[-35.26483229682736,-8.255722588630213],[-35.26003601240313,-8.259841809873421],[-35.25945109966849,-8.26431410722319],[-35.255473693072766,-8.26502025943631],[-35.250326461007724,-8.273141009887219],[-35.24997551336694,-8.278201767414583],[-35.244360351114175,-8.274435622277933],[-35.23874518886139,-8.271964089532013],[-35.23640553792275,-8.277966383343536],[-35.23699045065741,-8.28455713733268],[-35.238277258673676,-8.286675593972038],[-35.23816027612673,-8.291618659463893],[-35.23406588698409,-8.291854043534933],[-35.2297375327476,-8.294560960351902],[-35.22002798135218,-8.290206355037649],[-35.21792229550739,-8.29126558335734],[-35.21429583655249,-8.288558666540371],[-35.21043541250372,-8.287499438220687],[-35.205171197891744,-8.290677123179728],[-35.20435232006321,-8.296090956813662],[-35.19979000073284,-8.29314865592565],[-35.19581259413714,-8.297738645310952],[-35.19078234461904,-8.29373711610326],[-35.1882087285865,-8.295384804600534],[-35.18411433944387,-8.292089427605982],[-35.170895311640486,-8.286440209901002],[-35.1627065333552,-8.284321753261638],[-35.15171017394354,-8.279143303698742],[-35.14586104659692,-8.289147126717964],[-35.14890259281715,-8.29950402584375],[-35.140128901797205,-8.309978617005052],[-35.15404982488218,-8.320806284272924],[-35.16165369043281,-8.338577781636472],[-35.170778329093565,-8.355172358644838],[-35.17405384040765,-8.351523905543704],[-35.18048788048897,-8.352230057756824],[-35.1903144144313,-8.354819282538275],[-35.19300501301075,-8.357526199355243],[-35.192888030463806,-8.376356925038484],[-35.22435633558868,-8.40389686135022],[-35.23804329357982,-8.417431445435048],[-35.23032244548224,-8.435320634834131],[-35.21488074928714,-8.458859041938183],[-35.20294852950001,-8.478984380012145],[-35.22283556247857,-8.478042843727989],[-35.2401489794246,-8.475218234875504],[-35.27267012747185,-8.478160535763502],[-35.27267012747185,-8.487693590640646],[-35.289866561870966,-8.464037491501074],[-35.29407793356053,-8.471216705667812],[-35.302149729298876,-8.489458971173452],[-35.31022152503723,-8.48475128975264],[-35.31607065238386,-8.479102072047665],[-35.31560272219612,-8.474982850804453],[-35.3191121986041,-8.469333633099495],[-35.321217884448885,-8.462742879110348],[-35.32566322123234,-8.457564429547455],[-35.327417959436325,-8.448855218918954],[-35.32531227359152,-8.447442914492719],[-35.31267815852281,-8.420020670216498],[-35.31794237313476,-8.41931451800338],[-35.319697111338776,-8.423786815353145],[-35.331395366032034,-8.437203707402446],[-35.33537277262774,-8.439675240148384],[-35.33689354573785,-8.438498319793174],[-35.340169057051966,-8.444029845462623],[-35.345316289117015,-8.443441385285027],[-35.34812387024338,-8.437556783509022],[-35.347304992414855,-8.429906801200197],[-35.34613516694554,-8.42767065252531],[-35.34367853345995,-8.42413989145971],[-35.34215776034984,-8.412370687907686],[-35.35444092777774,-8.404132245421264],[-35.359939107483584,-8.397541491432127],[-35.36438444426701,-8.39577611089933],[-35.35619566598173,-8.379769994068576],[-35.353505067402274,-8.381064606459283],[-35.34894274807192,-8.378004613535763],[-35.34426344619462,-8.37612154096744],[-35.343093620725284,-8.372473087866307],[-35.340052074505046,-8.369648479013827],[-35.33303312168909,-8.367412330338947],[-35.331863296219765,-8.361880804669484],[-35.33619165045627,-8.360468500243243],[-35.33864828394185,-8.361174652456365],[-35.34601818439859,-8.358585427674921],[-35.34859180043113,-8.353171594040985],[-35.347889905149515,-8.349287756868815],[-35.349761625900456,-8.343285463057285],[-35.35069748627589,-8.332575487824949],[-35.35221825938602,-8.325984733835806],[-35.35362204994922,-8.32433704533853],[-35.3535050674023,-8.319276287811155],[-35.35642963107562,-8.311390921431297],[-35.35561075324706,-8.309154772756415],[-35.356078683434816,-8.302328634696234],[-35.35900324710813,-8.300680946198957]]]}},{"type":"Feature","properties":{"nome":"Ferreiros","codigo_ibge":"2605509"},"geometry":{"type":"Polygon","coordinates":[[[-35.31326307125747,-7.4781313099478615],[-35.25956808221541,-7.42105067272054],[-35.23710743320435,-7.440587550616896],[-35.23172623604544,-7.4461190762863545],[-35.22646202143348,-7.448355224961229],[-35.22587710869883,-7.453886750630691],[-35.22271857993164,-7.454122134701733],[-35.22014496389911,-7.4575352037318146],[-35.213827906364756,-7.462125193117101],[-35.21242411580157,-7.460124428513263],[-35.208446709205866,-7.459771352406698],[-35.207276883736526,-7.464596725863032],[-35.20809576156506,-7.467539026751033],[-35.205171197891744,-7.469892867461439],[-35.203884389875476,-7.473305936491527],[-35.20095982620216,-7.472482092242891],[-35.19136725735371,-7.47577746923746],[-35.18774079839879,-7.475306701095372],[-35.186921920570256,-7.479425922338584],[-35.183412444162286,-7.483309759510747],[-35.1741708229546,-7.485663600221164],[-35.17510668333007,-7.489076669251248],[-35.17019341635889,-7.489547437393321],[-35.16715187013866,-7.491783586068205],[-35.1634084286368,-7.49237204624581],[-35.1644612715592,-7.4966089595245355],[-35.15732533619632,-7.497668187844218],[-35.15709137110244,-7.501905101122949],[-35.162589550808285,-7.503199713513674],[-35.16656695740399,-7.5006104887322325],[-35.17159720692209,-7.503199713513672],[-35.17498970078314,-7.502375869265037],[-35.17721236917485,-7.505435862188557],[-35.181306758317476,-7.506495090508249],[-35.183880374350025,-7.50943739139625],[-35.18832571113344,-7.5089666232541665],[-35.19347294319848,-7.5122620002487395],[-35.19043139697822,-7.517205065740581],[-35.19475975121473,-7.516381221491941],[-35.197216384700326,-7.519676598486519],[-35.19979000073284,-7.517911217953706],[-35.20353344223467,-7.521559671054836],[-35.20645800590801,-7.518146602024754],[-35.20809576156505,-7.5217950551258745],[-35.212658080895444,-7.521677363090353],[-35.21651850494421,-7.523795819729723],[-35.21803927805432,-7.521441979019318],[-35.223654440307094,-7.519558906450985],[-35.23219416623318,-7.504847402010956],[-35.26202471570098,-7.49107743385509],[-35.25851523929302,-7.508966623254171],[-35.3058931708007,-7.500257412625667],[-35.318527285869436,-7.488370517038116],[-35.31747444294704,-7.48436898783043],[-35.31326307125748,-7.483898219688355],[-35.31326307125747,-7.4781313099478615]]]}},{"type":"Feature","properties":{"nome":"Petrolina","codigo_ibge":"2611101"},"geometry":{"type":"Polygon","coordinates":[[[-40.95907475131895,-8.841946617556626],[-40.956384152739496,-8.837474320206846],[-40.951002955580606,-8.831825102501883],[-40.948429339548085,-8.83041279807564],[-40.94445193295237,-8.824528196299623],[-40.94176133437293,-8.813818221067287],[-40.943867020217716,-8.80911053964647],[-40.94211228201373,-8.803343629905987],[-40.942229264560645,-8.79687056795237],[-40.944451932952376,-8.78804366528834],[-40.93790091032414,-8.777569074127044],[-40.934742381556966,-8.776980613949439],[-40.930063079679655,-8.772861392706238],[-40.92865928911647,-8.768271403320938],[-40.92573472544315,-8.77027216792479],[-40.924447917426896,-8.774156005096962],[-40.91988559809651,-8.772037548457595],[-40.91122888962353,-8.775803693594236],[-40.8551942496428,-8.720135360793158],[-40.75821571823567,-8.623510199631028],[-40.58730421716712,-8.665173180205198],[-40.57923242142878,-8.667291636844558],[-40.534662071047435,-8.66046549878439],[-40.42949476135503,-8.644459381953627],[-40.42481545947773,-8.650226291694125],[-40.4214229656167,-8.656346277541175],[-40.419200297224954,-8.658347042145024],[-40.418030471755635,-8.66458472002759],[-40.415339873176194,-8.668468557199764],[-40.40633221706239,-8.677883920041388],[-40.40527937414,-8.685533902350205],[-40.403056705748284,-8.688829279344775],[-40.39931326424644,-8.689300047486844],[-40.393113189259,-8.69236004041038],[-40.394166032181396,-8.700245406790238],[-40.392294311430476,-8.704246935997915],[-40.393581119446736,-8.711779226271215],[-40.396388700573105,-8.723430737787726],[-40.39276224161821,-8.728020727173018],[-40.39498491000993,-8.738142242227763],[-40.39720757840164,-8.739672238689527],[-40.3981434387771,-8.744497612145848],[-40.39603775293233,-8.749440677637704],[-40.40071705480961,-8.75191221038363],[-40.40188688027895,-8.754266051094037],[-40.39896231660563,-8.758149888266207],[-40.40036610716882,-8.760739113047647],[-40.39755852604244,-8.764152182077739],[-40.39323017180593,-8.77356754491935],[-40.39592077038538,-8.77415600509696],[-40.39779249113629,-8.779569838730888],[-40.39568680529153,-8.781688295370246],[-40.391358451055005,-8.783100599796489],[-40.391592416148875,-8.785101364400344],[-40.39720757840164,-8.791927502460517],[-40.39545284019766,-8.79604672370373],[-40.392996206712056,-8.79757672016549],[-40.3917093986958,-8.802872861763905],[-40.381414934565754,-8.80911053964647],[-40.37954321381483,-8.8075805431847],[-40.37673563268842,-8.811817456463443],[-40.368663836950084,-8.812405916641033],[-40.364569447807455,-8.81417129717385],[-40.3615279015872,-8.817702058239453],[-40.36316565724424,-8.822409739660259],[-40.36187884922799,-8.83217817860844],[-40.362463761962644,-8.834767403389884],[-40.359188250648536,-8.83606201578061],[-40.3594222157424,-8.838651240562063],[-40.36234677941571,-8.845359686586711],[-40.36105997139948,-8.854068897215212],[-40.35497687895895,-8.855716585712502],[-40.351350420004046,-8.861012727310909],[-40.3486598214246,-8.862542723772675],[-40.33953518276388,-8.863601952092354],[-40.33555777616817,-8.862425031737148],[-40.3259652073197,-8.864661180412037],[-40.32163685308317,-8.86089503527539],[-40.31134238895311,-8.862307339701632],[-40.30911972056139,-8.865838100767242],[-40.305259296512624,-8.86936886183285],[-40.30128188991691,-8.869133477761796],[-40.29835732624359,-8.870663474223564],[-40.29742146586814,-8.877607304319259],[-40.29461388474174,-8.880667297242793],[-40.28993458286445,-8.882785753882153],[-40.28537226353407,-8.887375743267452],[-40.28467036825246,-8.890200352119928],[-40.27999106637518,-8.893142653007944],[-40.273089096106126,-8.901381095494362],[-40.275194781950944,-8.904676472488925],[-40.27566271213866,-8.910207998158382],[-40.27297211355921,-8.917034136218549],[-40.27496081685707,-8.924684118527372],[-40.2714513404491,-8.92797949552194],[-40.27390797393466,-8.930921796409939],[-40.28455338570554,-8.93433486544003],[-40.29005156541137,-8.940337159251563],[-40.29636862294574,-8.9388071627898],[-40.298123361149734,-8.939984083145003],[-40.29859129133746,-8.944809456601337],[-40.30502533141875,-8.954342511478465],[-40.30327059321475,-8.959638653076881],[-40.29718750077426,-8.964346334497687],[-40.29367802436627,-8.97129016459339],[-40.29391198946014,-8.975527077872126],[-40.29824034369667,-8.980587835399488],[-40.29917620407212,-8.986825513282069],[-40.29718750077427,-8.988826277885911],[-40.29742146586811,-8.994710879661916],[-40.29262518144389,-8.99718241240784],[-40.29157233852151,-8.999889329224814],[-40.287828897019665,-9.001066249580017],[-40.28350054278316,-9.008363155782272],[-40.28151183948529,-9.008833923924346],[-40.274843834310126,-9.004597010645627],[-40.27121737535521,-9.001419325686582],[-40.27016453243284,-8.998712408869606],[-40.26361350980461,-8.991650886738398],[-40.26022101594357,-8.990473966383192],[-40.2510963772828,-8.995181647804007],[-40.24606612776472,-9.00059548143793],[-40.242790616450584,-9.001654709757624],[-40.2323791697736,-9.01719005844629],[-40.230975379210406,-9.02307466022231],[-40.23284709996133,-9.030960026602157],[-40.23039046647574,-9.03354925138361],[-40.222669618378184,-9.038492316875464],[-40.21986203725181,-9.04814306378812],[-40.21319403207664,-9.054027665564139],[-40.2094505905748,-9.055675354061421],[-40.20816378255856,-9.061442263801917],[-40.20886567784014,-9.063796104512312],[-40.213427997170506,-9.060971495659834],[-40.22360547875363,-9.056616890345584],[-40.231560291945065,-9.05473381777725],[-40.23893019240183,-9.054380741670691],[-40.24782086596871,-9.057793810700783],[-40.25577567916012,-9.063207644334717],[-40.264198422539266,-9.070975318679048],[-40.27320607865307,-9.082391446124513],[-40.278821240905835,-9.094513725783106],[-40.28291563004849,-9.107812925796896],[-40.28665907155034,-9.117345980674033],[-40.289232687582846,-9.130409796616783],[-40.293327076725475,-9.146768989554099],[-40.29402897200708,-9.152065131152511],[-40.29285914653775,-9.157949732928525],[-40.28736096683193,-9.171131240906785],[-40.28584019372181,-9.181841216139137],[-40.286191141362586,-9.185607361275789],[-40.2901685479583,-9.195964260401567],[-40.295783710211076,-9.213618065729605],[-40.29788939605585,-9.224092656890909],[-40.30046301208837,-9.231154179022125],[-40.302334732839306,-9.242923382574151],[-40.30221775029236,-9.251750285238161],[-40.30525929651262,-9.25775257904971],[-40.3052592965126,-9.262931028612593],[-40.3095876507491,-9.27552407641326],[-40.31426695262643,-9.282350214473436],[-40.31906323705066,-9.287293279965285],[-40.32561425967889,-9.305888621577488],[-40.33251622994789,-9.31754013309399],[-40.336142688902825,-9.327190880006658],[-40.33731251437216,-9.335076246386505],[-40.336610619090564,-9.341784692411167],[-40.333803037964174,-9.350493903039666],[-40.33883328748227,-9.359909265881292],[-40.3486598214246,-9.368618476509791],[-40.35638066952216,-9.376974611031722],[-40.363750569978926,-9.379328451742131],[-40.37147141807647,-9.378739991564531],[-40.39124146850808,-9.372149237575394],[-40.40469446140533,-9.362851566769294],[-40.40984169347037,-9.35567235260256],[-40.414170047706854,-9.35296543578559],[-40.41814745430258,-9.352023899501427],[-40.423645634008416,-9.353436203927677],[-40.43078156937129,-9.356731580922235],[-40.43592880143633,-9.362145414556172],[-40.43932129529738,-9.368265400403224],[-40.44762705612959,-9.387331510157507],[-40.45277428819463,-9.397217641141202],[-40.45382713111702,-9.403573011059297],[-40.45604979950874,-9.406397619911791],[-40.46423857779401,-9.413341450007483],[-40.46774805420201,-9.420520664174216],[-40.4741820942833,-9.42075604824526],[-40.477808553238205,-9.419343743819015],[-40.4838916456787,-9.413929910185091],[-40.49722765602902,-9.408516076551157],[-40.501439027718575,-9.409339920799795],[-40.51068064892626,-9.407221464160425],[-40.51372219514653,-9.408045308409076],[-40.52003925268088,-9.412282221687796],[-40.53173750737414,-9.414989138504772],[-40.53817154745542,-9.420520664174218],[-40.54179800641033,-9.426052189843668],[-40.543669727161266,-9.43252525179728],[-40.54519050027138,-9.442293690745466],[-40.548349029038576,-9.449002136770128],[-40.55571892949532,-9.457946731469669],[-40.56519451579686,-9.464066717316719],[-40.572681398800555,-9.466891326169208],[-40.58145508982049,-9.467597478382325],[-40.58742119971406,-9.465714405813996],[-40.5936212747015,-9.466891326169202],[-40.59958738459505,-9.469598242986171],[-40.60859504070886,-9.476777457152902],[-40.61654985390027,-9.481014370431641],[-40.623217859075424,-9.482897442999962],[-40.628131126046604,-9.482662058928923],[-40.63585197414416,-9.48101437043164],[-40.643455839694774,-9.478189761579145],[-40.652112548167786,-9.473835156264892],[-40.662991925032536,-9.47171669962553],[-40.681358184900944,-9.467244402275764],[-40.70136220042641,-9.457593655363107],[-40.7152831235114,-9.448766752699086],[-40.72218509378044,-9.445942143846596],[-40.73049085461264,-9.444647531455868],[-40.74534763807306,-9.44335291906515],[-40.74979297485652,-9.44382368720723],[-40.75809873568873,-9.448766752699079],[-40.767457339443354,-9.452650589871244],[-40.77669896065102,-9.454415970404048],[-40.76710639180254,-9.445353683668992],[-40.76067235172124,-9.43228986772625],[-40.76008743898658,-9.425816805772632],[-40.764766740863884,-9.415930674788926],[-40.76500070595774,-9.413223757971965],[-40.760789334268175,-9.410516841155003],[-40.75669494512554,-9.410399149119481],[-40.75061185268506,-9.406515311947315],[-40.74745332391786,-9.405926851769705],[-40.743124969681354,-9.402984550881694],[-40.74406083005681,-9.396393796892573],[-40.7425400569467,-9.38332998094982],[-40.745815568260824,-9.374856154392361],[-40.7465174635424,-9.371090009255706],[-40.744528760244556,-9.364852331373134],[-40.73973247582031,-9.358261577383997],[-40.738211702710196,-9.353200819856633],[-40.74137023147738,-9.346727757903015],[-40.740668336195775,-9.343196996837415],[-40.73727584233473,-9.336841626919314],[-40.739381528179514,-9.331310101249867],[-40.742306091852846,-9.327190880006649],[-40.75166469560744,-9.318246285307112],[-40.75646098003168,-9.31506860034807],[-40.751547713060496,-9.30800707821685],[-40.743943847509875,-9.306241697684044],[-40.74265703949362,-9.300474787943553],[-40.739498510726456,-9.29659095077139],[-40.72323793670282,-9.305653237506442],[-40.72007940793564,-9.305888621577484],[-40.714113298042065,-9.300357095908032],[-40.70826417069543,-9.2961201826293],[-40.70709434522612,-9.292942497670259],[-40.70873210088316,-9.286822511823212],[-40.701245217879475,-9.28235021447344],[-40.69223756176567,-9.281173294118238],[-40.68720731224758,-9.27834868526575],[-40.68486766130893,-9.271051779063496],[-40.68112421980707,-9.263519488790191],[-40.68007137688468,-9.259164883475941],[-40.68264499291719,-9.257281810907616],[-40.68919601554543,-9.256928734801054],[-40.6901318759209,-9.251397209131609],[-40.68650541696598,-9.243511842751758],[-40.68942998063928,-9.241158002041345],[-40.69095075374941,-9.234096479910134],[-40.693407387234984,-9.231271871057643],[-40.68065628961934,-9.212205761303359],[-40.68217706272949,-9.207968848024633],[-40.6805393070724,-9.200318865715811],[-40.67702983066444,-9.193257343584602],[-40.673403371709526,-9.192786575442522],[-40.66989389530155,-9.186078129417863],[-40.67199958114634,-9.178898915251121],[-40.670478808036215,-9.175368154185522],[-40.67211656369325,-9.172425853297511],[-40.66743726181595,-9.159008961248198],[-40.67235052878713,-9.156537428502284],[-40.67773172594604,-9.151241286903872],[-40.68510162640279,-9.13758901078352],[-40.68732429479449,-9.137000550605917],[-40.69469419525125,-9.140531311671523],[-40.70019237495709,-9.142179000168808],[-40.70615848485067,-9.142061308133291],[-40.70990192635251,-9.14088438777808],[-40.722302076327345,-9.133822865646867],[-40.72885309895559,-9.128879800155016],[-40.7324795579105,-9.124054426698693],[-40.74312496968137,-9.122406738201398],[-40.75037788759116,-9.11793444085164],[-40.755291154562336,-9.119935205455482],[-40.757747788047936,-9.11864059306476],[-40.75634399748474,-9.111696762969068],[-40.756811927672466,-9.104988316944409],[-40.76312898520684,-9.106989081548244],[-40.769446042741194,-9.103222936411601],[-40.77506120499397,-9.100869095701189],[-40.779740506871256,-9.101457555878802],[-40.78371791346697,-9.104399856766811],[-40.78746135496881,-9.104046780660243],[-40.78945005826668,-9.098986023132866],[-40.79892564456821,-9.099221407203919],[-40.80407287663324,-9.098279870919752],[-40.80980502143296,-9.092277577108222],[-40.81074088180842,-9.085922207190121],[-40.813197515293986,-9.083215290373158],[-40.81834474735902,-9.08215606205347],[-40.82103534593846,-9.079919913378587],[-40.82103534593849,-9.076153768241944],[-40.81916362518755,-9.06909224611073],[-40.82360896197099,-9.062148416015031],[-40.824193874705664,-9.057323042558707],[-40.82302404923633,-9.052026900960287],[-40.82524671762804,-9.04567153104219],[-40.82489576998724,-9.040022313337227],[-40.82641654309737,-9.03684462837818],[-40.832265670444016,-9.031195410673194],[-40.83027696714613,-9.026723113323435],[-40.83425437374186,-9.020956203582939],[-40.83495626902346,-9.014600833664844],[-40.83437135628878,-9.010481612421634],[-40.83682798977439,-9.00565623896531],[-40.841390309104746,-9.002007785864171],[-40.846888488810585,-8.99553472391057],[-40.849579087390026,-8.988826277885915],[-40.85215270342254,-8.980470143363974],[-40.85098287795323,-8.954224819442958],[-40.85554519728361,-8.949517138022147],[-40.86127734208329,-8.947987141560384],[-40.86326604538115,-8.942690999961973],[-40.86548871377287,-8.932216408800668],[-40.8663075916014,-8.923389506136642],[-40.87250766658884,-8.919034900822396],[-40.88128135760877,-8.91562183179231],[-40.88338704345356,-8.904911856559965],[-40.88888522315939,-8.899027254783947],[-40.89297961230203,-8.891141888404093],[-40.89508529814681,-8.889141123800252],[-40.89672305380387,-8.880667297242791],[-40.89637210616308,-8.871016550330129],[-40.90151933822811,-8.866544252980354],[-40.90304011133823,-8.858658886600507],[-40.90690053538701,-8.856893506067694],[-40.91497233112535,-8.849478907829921],[-40.919183702814934,-8.837121244100288],[-40.921289388659716,-8.835473555603016],[-40.92725549855328,-8.835944323745098],[-40.930998940055126,-8.837238936135819],[-40.94644063625024,-8.845006610480157],[-40.95158786831527,-8.843476614018392],[-40.954863379629366,-8.84382969012495],[-40.95907475131895,-8.841946617556626]]]}},{"type":"Feature","properties":{"nome":"Carnaíba","codigo_ibge":"2603900"},"geometry":{"type":"Polygon","coordinates":[[[-37.69151825039738,-7.983853986578411],[-37.7457981521741,-7.871928860798647],[-37.830727481247166,-7.82238051384462],[-37.83950117226711,-7.822027437738063],[-37.83809738170394,-7.818614368707972],[-37.837863416610055,-7.81143515454123],[-37.84464840433215,-7.806609781084902],[-37.846988055270806,-7.802961327983775],[-37.79808935065298,-7.7544722093494265],[-37.782647654457875,-7.683856988037279],[-37.757262441773506,-7.689270821671201],[-37.76907767901368,-7.675618545550849],[-37.76720595826276,-7.657140895974181],[-37.761005883275345,-7.66679164288683],[-37.75691149413269,-7.666556258815797],[-37.75059443659834,-7.662907805714669],[-37.74416039651704,-7.6545516711927375],[-37.743458501235466,-7.645136308351114],[-37.740416955015206,-7.6360740216160465],[-37.74158678048452,-7.63266095258596],[-37.74638306490876,-7.6283063472717165],[-37.750711419145254,-7.62724711895203],[-37.75492279083484,-7.623480973815384],[-37.75585865121031,-7.61947944460769],[-37.745681169627176,-7.609357929552955],[-37.7343338625747,-7.612417922476475],[-37.72813378758727,-7.616537143719679],[-37.72123181731825,-7.615007147257921],[-37.71760535836336,-7.615830991506569],[-37.71175623101672,-7.6150071472579155],[-37.70766184187407,-7.613124074689595],[-37.70485426074769,-7.61689021982624],[-37.70005797632344,-7.6244225100995475],[-37.689880494740315,-7.633720180905646],[-37.68449929758142,-7.642547083569663],[-37.68017094334491,-7.645371692422153],[-37.68122378626731,-7.648078609239109],[-37.68005396079798,-7.652550906588881],[-37.68297852447131,-7.653610134908561],[-37.68742386125472,-7.664084726069867],[-37.685669123050744,-7.666203182709235],[-37.686838948520084,-7.6702047119169245],[-37.68520119286301,-7.672911628733895],[-37.684850245222215,-7.677972386261264],[-37.688827651817924,-7.68350391193071],[-37.69093333766271,-7.689741589813286],[-37.689880494740315,-7.7013931013297965],[-37.690582390021916,-7.708101547354442],[-37.69292204096055,-7.7111615402779705],[-37.693974883882966,-7.71563383762774],[-37.69654849991547,-7.719282290728869],[-37.69292204096056,-7.7217538234747956],[-37.693039023507495,-7.725637660646967],[-37.6916352329443,-7.728933037641537],[-37.693740918789075,-7.730463034103296],[-37.6923371282259,-7.737642248270034],[-37.68730687870781,-7.743291465975006],[-37.688593686724055,-7.745527614649888],[-37.6833294721121,-7.752589136781102],[-37.685201192863026,-7.7562375898822316],[-37.682744559377426,-7.761062963338571],[-37.68683894852008,-7.7624752677648035],[-37.69877116830721,-7.763887572191047],[-37.700993836698906,-7.7681244854697855],[-37.70602408621703,-7.7715375544998695],[-37.70508822584155,-7.77906984477316],[-37.70192969707438,-7.782600605838767],[-37.696548499915465,-7.785189830620214],[-37.693039023507495,-7.791074432396235],[-37.68952954709951,-7.792486736822476],[-37.68707291361394,-7.801195947450978],[-37.6826275768305,-7.802490559841696],[-37.68368041975288,-7.80766900940459],[-37.68754084380166,-7.812376690825402],[-37.692805058413626,-7.812965151003],[-37.67163121741883,-7.823322050128784],[-37.617234333095176,-7.894525731618542],[-37.616532437813575,-7.89593803604478],[-37.62109475714393,-7.895584959938227],[-37.62670991939672,-7.897703416577586],[-37.63045336089854,-7.900292641359035],[-37.63513266277585,-7.905941859064009],[-37.63501568022892,-7.912650305088662],[-37.639110069371576,-7.915827990047701],[-37.63934403446544,-7.921594899788191],[-37.6406308424817,-7.924066432534128],[-37.647649795297646,-7.9258318130669325],[-37.651276254252565,-7.93042180245221],[-37.651510219346434,-7.939484089187282],[-37.65268004481573,-7.941720237862155],[-37.65852917216238,-7.940307933435926],[-37.66028391036635,-7.948546375922343],[-37.66367640422741,-7.953018673272101],[-37.6711632872311,-7.95384251752075],[-37.67373690326362,-7.957844046728438],[-37.671631217418835,-7.960786347616444],[-37.670227426855625,-7.968554021960775],[-37.67338595562282,-7.970201710458069],[-37.678416205140934,-7.969377866209423],[-37.68309550701823,-7.973026319310549],[-37.68110680372037,-7.979734765335201],[-37.68648800087928,-7.979852457370732],[-37.69151825039738,-7.983853986578411]]]}},{"type":"Feature","properties":{"nome":"Bodocó","codigo_ibge":"2602001"},"geometry":{"type":"Polygon","coordinates":[[[-39.90459407326844,-7.338313171749794],[-39.9044770907215,-7.42105067272053],[-39.90436010817456,-7.517558141847145],[-39.904126143080695,-7.599942566711331],[-39.90400916053377,-7.707042319034763],[-39.81463449467726,-7.690565434061933],[-39.78819643907049,-7.803667480196899],[-39.76269424383919,-7.912532613053143],[-39.797204095184306,-7.956549434337711],[-39.85335571771194,-8.027988499898507],[-39.854993473369,-8.027753115827467],[-39.86072561816871,-8.021750822015935],[-39.861427513450295,-8.017866984843769],[-39.86622379787454,-8.013865455636083],[-39.87137102993957,-8.01327699545848],[-39.874295593612885,-8.009863926428396],[-39.87371068087823,-8.00268471226166],[-39.874997488894465,-7.999977795444695],[-39.87780507002087,-8.000448563586774],[-39.880612651147246,-7.9968001104856485],[-39.882016441710434,-7.991150892780668],[-39.883771179914426,-7.9898562803899456],[-39.8883334992448,-7.990797816674108],[-39.89231090584051,-7.985030906933621],[-39.89617132988929,-7.975733236127521],[-39.899095893562595,-7.974909391878881],[-39.900616666672725,-7.978440152944485],[-39.90330726525217,-7.9771455405537655],[-39.90459407326843,-7.968907098067342],[-39.90775260203563,-7.963257880362369],[-39.908805444958006,-7.95666712637323],[-39.91102811334973,-7.954195593627314],[-39.91009225297426,-7.9512532927393],[-39.910092252974266,-7.940543317506954],[-39.91676025814944,-7.931481030771903],[-39.920386717104336,-7.9291271900614975],[-39.92155654257367,-7.926184889173485],[-39.927522652467225,-7.920417979433003],[-39.929862303405876,-7.915945682083227],[-39.93266988453225,-7.9146510696925025],[-39.93243591943838,-7.906883395348164],[-39.928926443030406,-7.905706474992966],[-39.93243591943838,-7.902411097998403],[-39.93793409914422,-7.899821873216946],[-39.93945487225435,-7.895820344009262],[-39.9428473661154,-7.894761115689581],[-39.94062469772368,-7.891230354623965],[-39.93945487225434,-7.885228060812438],[-39.936296343487165,-7.883227296208588],[-39.93781711659731,-7.880049611249548],[-39.934073675095455,-7.874871161686651],[-39.93477557037704,-7.8712227085855275],[-39.9317340241568,-7.864396570525357],[-39.9336057449077,-7.862042729814946],[-39.93056419868748,-7.85968888910454],[-39.9281075652019,-7.853451211221961],[-39.933371779813854,-7.8455658448421115],[-39.93266988453227,-7.835915097929443],[-39.93805108169115,-7.832502028899364],[-39.938402029331954,-7.828853575798229],[-39.936530308581034,-7.825087430661587],[-39.93922090716049,-7.822380513844622],[-39.945420982147894,-7.8184966766724555],[-39.955364498637195,-7.8153189917134025],[-39.960628713249164,-7.814965915606842],[-39.96530801512645,-7.813435919145084],[-39.96788163115899,-7.810258234186033],[-39.97209300284855,-7.809316697901868],[-39.97677230472584,-7.805432860729699],[-39.98028178113381,-7.80449132444554],[-39.99162908818629,-7.8036674801968955],[-39.994436669312684,-7.801313639486492],[-40.00297639523876,-7.800019027095769],[-40.00812362730379,-7.796605958065688],[-40.01022931314859,-7.792839812929038],[-40.016429388136004,-7.794016733284232],[-40.01911998671544,-7.792722120893521],[-40.02742574754767,-7.795782113817034],[-40.03233901451885,-7.795664421781522],[-40.039007019694004,-7.798606722669524],[-40.04239951355503,-7.799195182847125],[-40.05421475079525,-7.805197476658658],[-40.05772422720321,-7.804609016481053],[-40.06509412765996,-7.8083751616177075],[-40.07293195830446,-7.810140542150511],[-40.08346038752838,-7.809199005866353],[-40.09024537525048,-7.79484057753288],[-40.09433976439311,-7.7928398129290395],[-40.09410579929927,-7.790721356289667],[-40.096796397878705,-7.784130602300534],[-40.09504165967473,-7.780717533270445],[-40.088958567234215,-7.778246000524522],[-40.1039323332416,-7.686916980960805],[-40.1183211865143,-7.601237179102053],[-40.13107228412996,-7.525796584333565],[-40.14323846901095,-7.453769058595169],[-40.15715939209593,-7.371502325766507],[-40.13762330675818,-7.379387692146367],[-40.12779677281584,-7.381859224892288],[-40.08743779412409,-7.383036145247491],[-40.07644143471243,-7.382800761176449],[-40.04520709468142,-7.38079999657261],[-40.00075372684704,-7.374444626654508],[-39.99408572167186,-7.3707961735533845],[-39.97595342689732,-7.363499267351133],[-39.961330608530744,-7.357026205397519],[-39.95290786515161,-7.353848520438474],[-39.94425115667859,-7.349140839017662],[-39.93840202933195,-7.34725776644933],[-39.92635282699791,-7.341020088566766],[-39.91044320061505,-7.337253943430112],[-39.90459407326844,-7.338313171749794]]]}},{"type":"Feature","properties":{"nome":"Santa Cruz Da Baixa Verde","codigo_ibge":"2612471"},"geometry":{"type":"Polygon","coordinates":[[[-38.11990833726458,-7.908531083845451],[-38.12938392356614,-7.90452955463776],[-38.163425844723506,-7.9053533988864055],[-38.23829467476036,-7.9060595510995215],[-38.22963796628737,-7.89746803250655],[-38.225660559691654,-7.888405745771491],[-38.22296996111219,-7.885698828954527],[-38.22378883894074,-7.882050375853397],[-38.22203410073676,-7.877578078503616],[-38.22378883894075,-7.873929625402489],[-38.22296996111221,-7.8702811723013575],[-38.224724699316205,-7.863572726276715],[-38.206709387088566,-7.838151246604328],[-38.221917118189815,-7.820379749240777],[-38.21524911301464,-7.815436683748925],[-38.21267549698215,-7.810729002328112],[-38.20589050926006,-7.807669009404586],[-38.203550858321385,-7.807551317369072],[-38.18424873807752,-7.796017497888078],[-38.177346767808494,-7.78848520761478],[-38.17465616922903,-7.789897512041027],[-38.171614623008786,-7.78660213504646],[-38.166350408396816,-7.783071373980858],[-38.164244722552034,-7.779893689021805],[-38.15570499662595,-7.780129073092842],[-38.14845207871613,-7.7837775261939814],[-38.14377277683882,-7.783424450087411],[-38.139210457508455,-7.786249058939907],[-38.13815761458607,-7.788720591685828],[-38.131372626863964,-7.795782113817034],[-38.12938392356612,-7.805903628871788],[-38.12564048206426,-7.805315168694181],[-38.1224819532971,-7.807433625333543],[-38.12411970895414,-7.812965151002995],[-38.12002531981152,-7.818967444814532],[-38.147750183434546,-7.844859692628988],[-38.14962190418545,-7.855687359896846],[-38.14985586927933,-7.861101193530789],[-38.14786716598147,-7.865808874951598],[-38.14307088155723,-7.869104251946159],[-38.14248596882256,-7.873341165224896],[-38.14049726552472,-7.875812697970822],[-38.14061424807164,-7.88240345195995],[-38.136051928741274,-7.886875749309718],[-38.13336133016182,-7.8932311192278135],[-38.11990833726458,-7.908531083845451]]]}},{"type":"Feature","properties":{"nome":"Solidão","codigo_ibge":"2614402"},"geometry":{"type":"Polygon","coordinates":[[[-37.61992493167461,-7.525914276369083],[-37.58366034212552,-7.599942566711334],[-37.5588600421758,-7.639251706575094],[-37.56470916952242,-7.634897101260853],[-37.568920541212,-7.634661717189804],[-37.57079226196292,-7.632778644621482],[-37.578747075154354,-7.634779409225326],[-37.58319241193777,-7.630307111875559],[-37.58822266145589,-7.629600959662437],[-37.59372084116171,-7.626776350809944],[-37.59606049210037,-7.629600959662439],[-37.59875109067982,-7.627011734880989],[-37.600856776524594,-7.628659423378273],[-37.607056851512034,-7.626894042845465],[-37.60939650245068,-7.6288948074493135],[-37.61161917084242,-7.62642327470339],[-37.61805321092369,-7.627600195058591],[-37.62015889676849,-7.631130956124198],[-37.628581640147644,-7.633955564976686],[-37.63396283730653,-7.63842786232646],[-37.63723834862065,-7.637486326042298],[-37.6395779995593,-7.63372018090564],[-37.64507617926512,-7.633720180905644],[-37.651393236799485,-7.617478680003841],[-37.65595555612987,-7.6138302269027225],[-37.65817822452157,-7.617125603897284],[-37.66086882310101,-7.616066375577604],[-37.66496321224366,-7.617478680003848],[-37.673151990528964,-7.616654835755204],[-37.67502371127989,-7.610299465837119],[-37.677363362218514,-7.607592549020147],[-37.679703013157166,-7.609475621588471],[-37.680755856079564,-7.613712534867201],[-37.684733262675266,-7.6145363791158465],[-37.688125756536344,-7.618184832216962],[-37.69315600605443,-7.619361752572177],[-37.70075987160505,-7.617125603897287],[-37.70485426074769,-7.61689021982624],[-37.70766184187407,-7.613124074689595],[-37.71175623101672,-7.6150071472579155],[-37.71760535836336,-7.615830991506569],[-37.72123181731825,-7.615007147257921],[-37.72813378758727,-7.616537143719679],[-37.7343338625747,-7.612417922476475],[-37.745681169627176,-7.609357929552955],[-37.74146979793759,-7.59758872600093],[-37.73491877530936,-7.5972356498943645],[-37.73059042107287,-7.582877221560888],[-37.72848473522807,-7.5799349206728905],[-37.72099785222439,-7.581935685276733],[-37.71725441072253,-7.5804056888149685],[-37.706608998951694,-7.56946032951158],[-37.70754485932715,-7.565105724197332],[-37.710001492812715,-7.561457271096203],[-37.707544859327136,-7.557926510030591],[-37.70859770224952,-7.553924980822913],[-37.706492016404745,-7.550629603828345],[-37.70099383669891,-7.5495703755086625],[-37.691869198038155,-7.550041143650738],[-37.68215964664277,-7.548393455153461],[-37.67841620514093,-7.541685009128796],[-37.67666146693692,-7.535565023281753],[-37.66531415988446,-7.529445037434697],[-37.65958201508479,-7.523089667516605],[-37.655838573582926,-7.523442743623156],[-37.64940453350163,-7.530739649825416],[-37.641332737763285,-7.529327345399179],[-37.630336378351615,-7.532505030358218],[-37.62682690194365,-7.528150425043976],[-37.61992493167461,-7.525914276369083]]]}},{"type":"Feature","properties":{"nome":"Xexéu","codigo_ibge":"2616506"},"geometry":{"type":"Polygon","coordinates":[[[-35.60630435132365,-8.775686001558723],[-35.61589692017213,-8.789102893608026],[-35.617300710735336,-8.79545826352612],[-35.615545972531336,-8.797694412201013],[-35.61648183290679,-8.802637477692858],[-35.62244794280034,-8.810052075930631],[-35.61601390271907,-8.813582836996249],[-35.61308933904575,-8.813935913102805],[-35.60735719424604,-8.821821279482668],[-35.60571943858899,-8.8226451237313],[-35.605719438589,-8.828058957365233],[-35.602092979634065,-8.833472790999165],[-35.599402381054645,-8.835826631709566],[-35.594840061724256,-8.834061251176768],[-35.5921494631448,-8.838533548526538],[-35.58536447542271,-8.839945852952777],[-35.58676826598591,-8.842652769769751],[-35.582556894296324,-8.846418914906401],[-35.58805507400216,-8.848890447652314],[-35.589692829659214,-8.851715056504807],[-35.594138166442676,-8.854892741463852],[-35.59542497445892,-8.859835806955708],[-35.606421333870585,-8.865131948554113],[-35.6093458975439,-8.863484260056834],[-35.61379123432732,-8.864425796340988],[-35.62034225695557,-8.868898093690769],[-35.62338380317581,-8.875606539715426],[-35.632157494195745,-8.881255757420398],[-35.63788963899545,-8.88255036981112],[-35.64432367907675,-8.883021137953198],[-35.65192754462736,-8.882314985740075],[-35.6563728814108,-8.880431913171751],[-35.660935200741164,-8.882903445917679],[-35.66315786913292,-8.889729583977854],[-35.67122966487126,-8.896673414073552],[-35.677429739858674,-8.898438794606356],[-35.68093921626666,-8.897026490180101],[-35.68749023889489,-8.898556486641867],[-35.692169540772184,-8.900792635316755],[-35.70024133651053,-8.90655954505724],[-35.70796218460809,-8.906677237092774],[-35.71369432940779,-8.904794164524443],[-35.72328689825627,-8.909501845945261],[-35.673218368169096,-8.865485024660684],[-35.720830264770676,-8.80098978919557],[-35.60630435132365,-8.775686001558723]]]}},{"type":"Feature","properties":{"nome":"Manari","codigo_ibge":"2609154"},"geometry":{"type":"Polygon","coordinates":[[[-37.55605246104941,-8.819820514878817],[-37.54903350823346,-8.815348217529044],[-37.54610894456013,-8.816172061777689],[-37.54189757287056,-8.811699764427923],[-37.536516375711685,-8.814171297173846],[-37.53207103892823,-8.8127589927476],[-37.53148612619356,-8.810522844072723],[-37.5279766497856,-8.80911053964647],[-37.5251690686592,-8.805697470616387],[-37.51873502857792,-8.802519785657335],[-37.50879151208864,-8.80322593787046],[-37.50013480361562,-8.791339042282912],[-37.498380065411645,-8.785807516613465],[-37.49171206023648,-8.782276755547851],[-37.48340629940428,-8.781688295370248],[-37.48001380554322,-8.784277520151694],[-37.47077218433555,-8.783806752009623],[-37.41169599813459,-8.814877449386971],[-37.415556422183364,-8.825705116654833],[-37.41766210802813,-8.825822808690345],[-37.42105460188917,-8.831001258253236],[-37.421288566983065,-8.836062015780618],[-37.41555642218335,-8.840534313130386],[-37.41555642218334,-8.842770461805262],[-37.418364003309726,-8.848537371545763],[-37.42245839245237,-8.85065582818513],[-37.42456407829715,-8.858541194564983],[-37.42351123537477,-8.86124811138195],[-37.41941684623214,-8.864072720234429],[-37.42199046226465,-8.871251934401167],[-37.423979165562514,-8.872899622898448],[-37.42959432781528,-8.87089885829461],[-37.43240190894164,-8.866779637051403],[-37.43860198392908,-8.867956557406597],[-37.44866248296529,-8.880196529100717],[-37.48118363101254,-8.84335892198287],[-37.47755717205765,-8.873370391040535],[-37.490542234767155,-8.88631651494777],[-37.48984033948556,-8.903852628240278],[-37.49334981589353,-8.914680295508143],[-37.50060273380334,-8.928921031806096],[-37.504697122946,-8.930921796409942],[-37.50762168661931,-8.936571014114913],[-37.518501063484045,-8.938336394647719],[-37.521659592251225,-8.945162532707892],[-37.52177657479815,-8.949281753951102],[-37.525286051206145,-8.954342511478478],[-37.52528605120614,-8.963404798213535],[-37.52797664978558,-8.960462497325521],[-37.53312388185062,-8.959874037147928],[-37.54599196201322,-8.960933265467613],[-37.55593547850249,-8.97046632034475],[-37.559795902551244,-8.971996316806507],[-37.572430017619986,-8.971996316806505],[-37.59570954445957,-8.968818631847459],[-37.59863410813288,-8.970584012380275],[-37.60541909585498,-8.980117067257414],[-37.61021538027921,-8.987884741601745],[-37.618404158564495,-8.992592423022554],[-37.62284949534794,-8.996123184088164],[-37.62787974486604,-8.998359332763053],[-37.62869862269456,-9.00047778940241],[-37.638408174089975,-9.003773166396986],[-37.64086480757554,-9.000595481437939],[-37.63992894720009,-8.995181647803996],[-37.64484221417127,-8.992592423022563],[-37.652329097174935,-8.995063955768485],[-37.657827276880774,-8.992710115058081],[-37.65806124197466,-8.985766284962382],[-37.666834932994576,-8.988943969921431],[-37.682159646642766,-8.997300104443369],[-37.687072913613946,-8.987767049566227],[-37.69140126785043,-8.990827042489746],[-37.6977183253848,-8.989179353992467],[-37.69713341265015,-8.98482474867823],[-37.695261691899205,-8.98152937168365],[-37.689997477287235,-8.980587835399495],[-37.684031367393686,-8.976350922120758],[-37.678767152781724,-8.977174766369398],[-37.67186518251269,-8.974467849552443],[-37.689412564552576,-8.955637123869193],[-37.69046540747499,-8.94881098580902],[-37.69865418576026,-8.94492714863685],[-37.69912211594799,-8.935864861901798],[-37.63571757551053,-8.902440323814037],[-37.596879369928885,-8.862071955630586],[-37.59606049210037,-8.859835806955711],[-37.591030242582264,-8.855951969783543],[-37.5854150803295,-8.847242759155044],[-37.580735778452194,-8.845830454728793],[-37.56868657611814,-8.830765874182198],[-37.55605246104941,-8.819820514878817]]]}},{"type":"Feature","properties":{"nome":"Terezinha","codigo_ibge":"2615102"},"geometry":{"type":"Polygon","coordinates":[[[-36.637037572346856,-9.020838511547419],[-36.60053901770389,-9.033431559348086],[-36.599369192234555,-9.03613847616506],[-36.59258420451248,-9.041434617763468],[-36.595625750732715,-9.044729994758029],[-36.5970295412959,-9.049673060249885],[-36.5930521347002,-9.05002613635645],[-36.59001058847994,-9.044376918651471],[-36.586969042259696,-9.044023842544913],[-36.586150164431174,-9.049084600072288],[-36.58182181019467,-9.050614596534047],[-36.580301037084546,-9.058853039020464],[-36.57772742105201,-9.058617654949424],[-36.578780263974416,-9.064502256725437],[-36.575036822472576,-9.065443793009592],[-36.570123555501404,-9.064619948760951],[-36.56977260786061,-9.070151474430407],[-36.56602916635875,-9.070739934608014],[-36.561700812122254,-9.069092246110733],[-36.56380649796706,-9.07427069567362],[-36.56228572485691,-9.075565308064343],[-36.558659265902016,-9.073093775318421],[-36.54661006356794,-9.078507608952346],[-36.544036447535426,-9.081567601875866],[-36.544621360270085,-9.084862978870435],[-36.54274963951917,-9.092042193037177],[-36.54707799375568,-9.094042957641017],[-36.548598766865815,-9.096867566493504],[-36.545440238098614,-9.1008690957012],[-36.53771939000107,-9.100516019594636],[-36.53491180887468,-9.098044486848714],[-36.53304008812376,-9.10133986384328],[-36.56322158523238,-9.118993669171317],[-36.608259865801436,-9.121700585988286],[-36.616214678992854,-9.116286752354354],[-36.62194682379255,-9.121347509881721],[-36.62335061435574,-9.118052132887149],[-36.62697707331065,-9.114756755892593],[-36.632826200657284,-9.117110596602988],[-36.63855834545698,-9.121700585988282],[-36.64417350770975,-9.122642122272442],[-36.64990565250943,-9.125584423160452],[-36.654935902027525,-9.125466731124934],[-36.65657365768459,-9.127702879799813],[-36.66312468031283,-9.125819807231494],[-36.667219069455456,-9.12323058245004],[-36.671664406238904,-9.124878270947333],[-36.67669465575702,-9.125231347053896],[-36.679034306695655,-9.122642122272438],[-36.68406455621376,-9.119935205455478],[-36.695060915625426,-9.116169060318827],[-36.69763453165795,-9.114521371821548],[-36.70324969391071,-9.115698292176752],[-36.70687615286561,-9.11357983553738],[-36.704536501926974,-9.096396798351433],[-36.70219685098832,-9.091336040824055],[-36.69178540431132,-9.07497684788674],[-36.68932877082573,-9.068739170004173],[-36.691200491576666,-9.051085364676121],[-36.691551439217434,-9.041316925727951],[-36.69003066610733,-9.033313867312568],[-36.68839291045027,-9.020367743405341],[-36.637037572346856,-9.020838511547419]]]}},{"type":"Feature","properties":{"nome":"Itacuruba","codigo_ibge":"2607406"},"geometry":{"type":"Polygon","coordinates":[[[-38.62925034660915,-8.621038666885097],[-38.629016381515285,-8.621038666885095],[-38.63042017207847,-8.627511728838709],[-38.63322775320485,-8.629983261584636],[-38.63919386309843,-8.631160181939837],[-38.63580136923738,-8.635279403183054],[-38.63077111971927,-8.63728016778689],[-38.62983525934383,-8.648696295232359],[-38.6269106956705,-8.654227820901815],[-38.62889939896835,-8.658347042145024],[-38.62772957349902,-8.66234857135271],[-38.623050271621715,-8.666938560738],[-38.62538992256038,-8.671528550123288],[-38.62948431170301,-8.683768521817402],[-38.63498249140885,-8.687887743060605],[-38.64129954894321,-8.695773109440461],[-38.6420014442248,-8.704011551926886],[-38.64375618242879,-8.712367686448818],[-38.647031693742896,-8.717193059905155],[-38.65264685599567,-8.728726879386139],[-38.65393366401193,-8.73884839444088],[-38.65674124513831,-8.744732996216891],[-38.658379000795364,-8.758973732514848],[-38.6614205470156,-8.773214468812794],[-38.66188847720334,-8.783571367938574],[-38.65954882626471,-8.793692882993314],[-38.66025072154628,-8.79792979627205],[-38.66376019795426,-8.806639006900555],[-38.66200545975028,-8.815465909564576],[-38.65872994843618,-8.82288050780235],[-38.6574431404199,-8.829706645862522],[-38.65791107060764,-8.842770461805259],[-38.65908089607697,-8.848890447652323],[-38.66001675645243,-8.862542723772664],[-38.65779408806071,-8.876430383964065],[-38.65791107060765,-8.880431913171757],[-38.65954882626468,-8.892318808759297],[-38.66212244229722,-8.898438794606346],[-38.67335276680273,-8.910207998158384],[-38.676979225757655,-8.912444146833264],[-38.686922742246935,-8.91656336807647],[-38.69359074742208,-8.918681824715836],[-38.69312281723435,-8.91315029904638],[-38.69370772996901,-8.902911091956117],[-38.696047380907686,-8.89055342822649],[-38.69838703184634,-8.881726525562474],[-38.70236443844202,-8.873841159182621],[-38.70657581013162,-8.862307339701633],[-38.71710423935555,-8.853127360931056],[-38.72505905254695,-8.850302752078566],[-38.730206284612,-8.84747814322608],[-38.739681870913536,-8.844888918444632],[-38.74541401571324,-8.8388866246331],[-38.750561247778265,-8.836297399851652],[-38.76261045011232,-8.825940500725872],[-38.76565199633258,-8.821703587447136],[-38.7715011236792,-8.817348982132888],[-38.77465965244639,-8.81205284053448],[-38.784018256200994,-8.804755934332219],[-38.788697558078276,-8.79969517680486],[-38.797003318910505,-8.79345749892228],[-38.8070638179467,-8.787808281217306],[-38.816305439154405,-8.786160592720023],[-38.83022636223938,-8.786395976791066],[-38.83701134996147,-8.785454440506905],[-38.854909679642155,-8.784512904222744],[-38.85373985417283,-8.781452911299214],[-38.85678140039306,-8.778275226340167],[-38.85701536548694,-8.773920621025919],[-38.85338890653204,-8.770507551995822],[-38.851517185781105,-8.766388330752616],[-38.85245304615656,-8.760974497118692],[-38.8508152904995,-8.755560663484756],[-38.85221908106271,-8.751323750206032],[-38.851166238140316,-8.738024550192227],[-38.8544417494544,-8.731551488238628],[-38.85350588907896,-8.72543150239157],[-38.84870960465473,-8.722018433361477],[-38.84555107588754,-8.715309987336822],[-38.845902023528346,-8.709778461667375],[-38.843562372589695,-8.695537725369416],[-38.8346716990228,-8.692124656339336],[-38.74494608552551,-8.66105395896199],[-38.62925034660915,-8.621038666885097]]]}},{"type":"Feature","properties":{"nome":"Quixaba","codigo_ibge":"2611533"},"geometry":{"type":"Polygon","coordinates":[[[-37.846988055270806,-7.802961327983775],[-37.8523692524297,-7.797076726207763],[-37.85763346704168,-7.794487501426321],[-37.85856932741714,-7.792604428857999],[-37.863482594388294,-7.792604428857993],[-37.86909775664107,-7.787308287259579],[-37.873894041065306,-7.7890736677923895],[-37.87939222077113,-7.780952917341487],[-37.88851685943189,-7.781894453625652],[-37.89389805659078,-7.781188301412526],[-37.897758480639574,-7.779187536808688],[-37.90232079996993,-7.774479855387869],[-37.91203035136534,-7.772832166890592],[-37.91565681032025,-7.77377370317475],[-37.920219129650604,-7.772008322641944],[-37.92887583812363,-7.771066786357786],[-37.93718159895584,-7.771066786357788],[-37.945136412147264,-7.770242942109149],[-37.95110252204084,-7.771184478393301],[-37.95777052721598,-7.766241412901458],[-37.957185614481325,-7.761769115551684],[-37.954728980995746,-7.760709887231999],[-37.952623295150936,-7.756590665988789],[-37.94759304563285,-7.756237589882232],[-37.943147708849416,-7.741055317300121],[-37.93402307018865,-7.735406099595147],[-37.92688713482578,-7.729874573925692],[-37.92232481549541,-7.723636896043119],[-37.92326067587088,-7.716104605769819],[-37.921388955119944,-7.713279996917336],[-37.91308319428773,-7.709513851780691],[-37.90501139854938,-7.710102311958296],[-37.8943659867785,-7.713633073023895],[-37.89226030093374,-7.710926156206935],[-37.89927925374968,-7.706100782750597],[-37.90337364289233,-7.698097724335219],[-37.902788730157674,-7.694684655305142],[-37.897407532998756,-7.690800818132974],[-37.8914414231052,-7.6895062057422505],[-37.88325264481992,-7.685622368570079],[-37.880562046240456,-7.68362160396623],[-37.87284119814293,-7.675500853515337],[-37.86839586135948,-7.664555494211945],[-37.85716553685394,-7.65196244641128],[-37.843946509050554,-7.64713707295495],[-37.8419578057527,-7.6479609172036005],[-37.83786341661007,-7.644547848173509],[-37.834353940202085,-7.644665540209031],[-37.83107842888798,-7.647372457025999],[-37.827802917573855,-7.64760784109703],[-37.823942493525095,-7.645724768528706],[-37.81914620910083,-7.646901688883917],[-37.815870697786735,-7.644194772066954],[-37.80978760534624,-7.6437240039248655],[-37.80335356526495,-7.63442633311876],[-37.80440640818735,-7.631130956124202],[-37.80101391432629,-7.626070198596827],[-37.79504780443271,-7.627364810987552],[-37.791070397837025,-7.625481738419218],[-37.78580618322505,-7.62583481452578],[-37.78159481153548,-7.628188655236192],[-37.778202317674435,-7.634779409225324],[-37.777968352580565,-7.643253235782787],[-37.77106638231154,-7.647372457025993],[-37.76779087099743,-7.651962446411283],[-37.76919466156064,-7.65490474729929],[-37.76720595826276,-7.657140895974181],[-37.76907767901368,-7.675618545550849],[-37.757262441773506,-7.689270821671201],[-37.782647654457875,-7.683856988037279],[-37.79808935065298,-7.7544722093494265],[-37.846988055270806,-7.802961327983775]]]}},{"type":"Feature","properties":{"nome":"Alagoinha","codigo_ibge":"2600609"},"geometry":{"type":"Polygon","coordinates":[[[-36.82198697904729,-8.422845279068977],[-36.82116810121877,-8.417784521541618],[-36.814734061137486,-8.43096602951988],[-36.784669546575806,-8.42284527906898],[-36.701611938253656,-8.421079898536176],[-36.67704560339781,-8.525825810149215],[-36.68792498026252,-8.528650419001693],[-36.69061557884197,-8.525825810149213],[-36.694943933078484,-8.525472734042651],[-36.70067607787818,-8.529121187143772],[-36.70827994342882,-8.530651183605539],[-36.71307622785306,-8.5333581004225],[-36.72196690141992,-8.542538079193088],[-36.723370691983106,-8.545833456187658],[-36.72629525565644,-8.547951912827024],[-36.72442353490552,-8.553836514603029],[-36.725944308015634,-8.559014964165922],[-36.73530291177024,-8.572667240286275],[-36.75905036879756,-8.599030256242807],[-36.767824059817514,-8.602561017308421],[-36.778352489041424,-8.602678709343934],[-36.77882041922918,-8.59008566154327],[-36.78349972110649,-8.589261817294629],[-36.78420161638807,-8.581141066843731],[-36.7832657560126,-8.576198001351884],[-36.77963929705771,-8.57043109161139],[-36.77882041922917,-8.564193413728809],[-36.77987326215158,-8.56078034469873],[-36.78595635459205,-8.555601895135835],[-36.788646953171515,-8.548422680969104],[-36.78736014515526,-8.544538843796937],[-36.8263153332838,-8.503699707471402],[-36.82198697904729,-8.422845279068977]]]}},{"type":"Feature","properties":{"nome":"São João","codigo_ibge":"2613206"},"geometry":{"type":"Polygon","coordinates":[[[-36.44448430009579,-8.800872097160058],[-36.43980499821849,-8.798282872378614],[-36.43149923738628,-8.798047488307564],[-36.42822372607216,-8.799106716627247],[-36.42635200532122,-8.796517491845806],[-36.421204773256186,-8.794869803348528],[-36.41547262845649,-8.787337513075226],[-36.40845367564052,-8.783689059974101],[-36.40880462328133,-8.780982143157132],[-36.400615844996054,-8.777686766162569],[-36.39464973510249,-8.780511375015053],[-36.39453275255556,-8.784748288293777],[-36.399913949714474,-8.784042136080654],[-36.400264897355264,-8.791692118389477],[-36.39511766529023,-8.793692882993314],[-36.39125724124146,-8.79086827414083],[-36.38517414880095,-8.79239827060259],[-36.38201562003377,-8.794281343170919],[-36.379442004001234,-8.791574426353954],[-36.376166492687155,-8.793339806886758],[-36.36540409836933,-8.795222879455086],[-36.36177763941442,-8.798047488307567],[-36.36119272667977,-8.792280578567086],[-36.350196367268104,-8.785454440506902],[-36.34738878614173,-8.788514433430432],[-36.34867559415797,-8.791103658211878],[-36.34575103048465,-8.794399035206437],[-36.34680387340706,-8.801225173266609],[-36.34200758898282,-8.801460557337663],[-36.31533556828219,-8.843358921982874],[-36.322471503645076,-8.868662709619723],[-36.30609394707451,-8.953165591123266],[-36.309369458388616,-8.956696352188876],[-36.31042230131102,-8.96411095042666],[-36.31592048101683,-8.96881863184747],[-36.32656589278772,-8.975762461943164],[-36.33299993286901,-8.977763226547005],[-36.33662639182392,-8.98047014336397],[-36.33990190313804,-8.980234759292932],[-36.342007588982824,-8.984589364607174],[-36.34481517010919,-8.986237053104468],[-36.35276998330061,-8.985648592926855],[-36.360724796492036,-8.989061661956951],[-36.36879659223037,-8.99153319470287],[-36.372189086091424,-8.989650122134552],[-36.37768726579727,-8.989179353992467],[-36.38470621861321,-8.978704762831173],[-36.389385520490514,-8.976821690262847],[-36.39102327614757,-8.972231700877554],[-36.39780826386966,-8.958932500863764],[-36.40014791480831,-8.956343276082311],[-36.397691281322736,-8.946104068992058],[-36.3982761940574,-8.93845408668324],[-36.405412129420284,-8.933628713226913],[-36.409857466203725,-8.927861803486408],[-36.41126125676692,-8.922565661888],[-36.40950651856294,-8.91774028843168],[-36.41079332657919,-8.911973378691176],[-36.41629150628503,-8.906677237092762],[-36.422023651084714,-8.90479416452444],[-36.43079734210467,-8.902793399920595],[-36.448461706691475,-8.882079601669028],[-36.462499612323406,-8.84500661048016],[-36.460276943931696,-8.838768932597587],[-36.459575048650095,-8.83170741046636],[-36.45770332789916,-8.826882037010037],[-36.45232213074027,-8.821821279482661],[-36.45243911328719,-8.81887897859465],[-36.44799377650375,-8.81346514496072],[-36.44764282886297,-8.80887515557544],[-36.44577110811205,-8.806168238758463],[-36.44448430009579,-8.800872097160058]]]}},{"type":"Feature","properties":{"nome":"Abreu E Lima","codigo_ibge":"2600054"},"geometry":{"type":"Polygon","coordinates":[[[-34.86627275942799,-7.891112662588447],[-34.865219916505595,-7.896173420115824],[-34.861008544816016,-7.8972326484355],[-34.863114230660806,-7.903941094460153],[-34.861008544816016,-7.909708004200647],[-34.865687846693305,-7.911473384733451],[-34.87270679950926,-7.90994338827169],[-34.88054463015374,-7.913474149337295],[-34.88487298439028,-7.9140626095149],[-34.88849944334519,-7.911591076768976],[-34.89341271031636,-7.912885689159705],[-34.89645425653659,-7.9178287546515485],[-34.895401413614216,-7.920771055539557],[-34.897741064552854,-7.927361809528685],[-34.89949580275684,-7.929715650239093],[-34.904175104634135,-7.932304875020541],[-34.90639777302587,-7.935482559979586],[-34.9125978480133,-7.934423331659901],[-34.912831813107175,-7.929951034310145],[-34.915756376780486,-7.927126425457647],[-34.91856395790687,-7.9271264254576455],[-34.923594207424955,-7.929951034310137],[-34.927454631473736,-7.928185653777326],[-34.928624456943055,-7.925831813066928],[-34.933888671555025,-7.924890276782768],[-34.93868495597926,-7.926184889173493],[-34.94324727530962,-7.924419508640689],[-34.95003226303173,-7.920064903326434],[-34.95775311112927,-7.920064903326436],[-34.96184750027193,-7.915592605976658],[-34.96512301158603,-7.916651834296344],[-34.98559495729925,-7.9201825953619505],[-34.99741019453943,-7.919005675006746],[-35.00782164121644,-7.916651834296351],[-35.01823308789343,-7.915827990047701],[-35.0238482501462,-7.918181830758115],[-35.025252040709404,-7.925714121031412],[-35.031920045884554,-7.927008733422127],[-35.03800313832503,-7.9192410590778],[-35.04455416095326,-7.911708768804492],[-35.050754235940715,-7.907707239596805],[-35.062686455727835,-7.90547109092192],[-35.0668978274174,-7.898762644897268],[-35.07391678023337,-7.899586489145913],[-35.07883004720454,-7.896291112151339],[-35.083392366534895,-7.89181881480157],[-35.09743027216682,-7.884521908599322],[-35.10351336460732,-7.873458857260407],[-35.1102983523294,-7.863808110347746],[-35.11205309053338,-7.857570432465176],[-35.116966357504566,-7.854157363435094],[-35.12223057211651,-7.851685830689161],[-35.12340039758585,-7.848625837765638],[-35.14001191925029,-7.794487501426321],[-35.13065331549568,-7.80402055630346],[-35.12538910088371,-7.810611310292598],[-35.119656956084015,-7.812612074896439],[-35.116147479676044,-7.8173197563172465],[-35.1059699980929,-7.825087430661587],[-35.10152466130947,-7.830618956331043],[-35.100003888199346,-7.828147423585112],[-35.10257750423184,-7.823086666057741],[-35.10187560895025,-7.815789759855485],[-35.099301992917724,-7.804726708516581],[-35.09380381321191,-7.8060213209073],[-35.083158401441025,-7.804255940374504],[-35.07321488495175,-7.808375161617711],[-35.06841860052753,-7.8116705386122804],[-35.054146729801744,-7.880049611249553],[-34.97728919646702,-7.900057257287995],[-34.93073014278786,-7.892760351085738],[-34.923243259784165,-7.886875749309726],[-34.918096027719116,-7.8860519050610804],[-34.912129917825574,-7.8873465174518005],[-34.9021864013363,-7.885934213025555],[-34.900314680585375,-7.886640365238677],[-34.88814849570437,-7.887699593558356],[-34.88417108910866,-7.889229590020125],[-34.881831438170025,-7.89217189090813],[-34.87352567733779,-7.892054198872609],[-34.86627275942799,-7.891112662588447]]]}},{"type":"Feature","properties":{"nome":"Itapissuma","codigo_ibge":"2607752"},"geometry":{"type":"Polygon","coordinates":[[[-34.922775329596426,-7.691624662381612],[-34.918563957906855,-7.691742354417132],[-34.917043184796725,-7.688446977422561],[-34.91201293527862,-7.68797620928049],[-34.907918546135996,-7.685386984499038],[-34.89949580275684,-7.68373929600175],[-34.89680520417738,-7.6845631402504],[-34.89563537870805,-7.687623133173926],[-34.896220291442724,-7.691271586275053],[-34.89177495465929,-7.693154658843375],[-34.891657972112355,-7.696450035837938],[-34.897039169271245,-7.699627720796983],[-34.89458253578568,-7.706100782750599],[-34.887914530610516,-7.709396159745164],[-34.886627722594255,-7.713279996917344],[-34.882533333451605,-7.713750765059414],[-34.87878989194978,-7.710455388064848],[-34.8735256773378,-7.7119853845266215],[-34.86416707358318,-7.713397688952865],[-34.86252931792613,-7.7297568818901725],[-34.864985951411725,-7.733405334991308],[-34.87013318347676,-7.738113016412113],[-34.877269118839656,-7.740584549158036],[-34.8796087697783,-7.745409922614365],[-34.884989966937205,-7.765417568652814],[-34.88768056551663,-7.771184478393304],[-34.8879145306105,-7.781423685483567],[-34.888967373532914,-7.7876613633661425],[-34.890137199002226,-7.801313639486498],[-34.88943530372064,-7.804726708516576],[-34.896103308895796,-7.8048444005521],[-34.9040581220872,-7.807315933298023],[-34.908035528682916,-7.805903628871778],[-34.925231963082005,-7.806492089049383],[-34.926167823457476,-7.805432860729697],[-34.93166600316331,-7.785189830620223],[-34.936111339946734,-7.770596018215699],[-34.93704720032221,-7.7609452713030445],[-34.936696252681394,-7.74917606775101],[-34.94324727530965,-7.741643777477717],[-34.942311414934174,-7.732581490742665],[-34.94254538002805,-7.7238722801141595],[-34.941726502199515,-7.721283055332711],[-34.92932635222466,-7.709160775674132],[-34.92324325978416,-7.701275409294275],[-34.922775329596426,-7.691624662381612]]]}},{"type":"Feature","properties":{"nome":"Exu","codigo_ibge":"2605301"},"geometry":{"type":"Polygon","coordinates":[[[-39.81463449467726,-7.690565434061933],[-39.90400916053377,-7.707042319034763],[-39.904126143080695,-7.599942566711331],[-39.90436010817456,-7.517558141847145],[-39.9044770907215,-7.42105067272053],[-39.90459407326844,-7.338313171749794],[-39.89769210299939,-7.339725476176035],[-39.89008823744877,-7.3398431682115595],[-39.88353721482057,-7.338077787678749],[-39.87488050634756,-7.332428569973778],[-39.85768407194846,-7.325484739878086],[-39.84809150309998,-7.325131663771529],[-39.839785742267765,-7.32913319297922],[-39.82867240030915,-7.332428569973778],[-39.82411008097881,-7.33184010979618],[-39.81533638995884,-7.3286624248371295],[-39.812060878644736,-7.3301924212989],[-39.8008305541392,-7.330427805369931],[-39.79697013009044,-7.331840109796184],[-39.78924928199287,-7.331957801831704],[-39.780358608426,-7.3297216531568115],[-39.77626421928337,-7.328073964659533],[-39.76047157544747,-7.326308584126726],[-39.741286437750524,-7.326779352268807],[-39.70619167367073,-7.33772471157219],[-39.697534965197725,-7.342197008921964],[-39.684900850129004,-7.350435451408382],[-39.67133087468482,-7.358556201859276],[-39.65308159736334,-7.372208477979625],[-39.64571169690656,-7.3809176886081245],[-39.63962860446608,-7.395746885083675],[-39.63413042476025,-7.406809936422585],[-39.631322843633846,-7.415283762980048],[-39.62886621014828,-7.425640662105824],[-39.62664354175656,-7.427052966532063],[-39.61553019979796,-7.425640662105821],[-39.60874521207587,-7.423757589537506],[-39.605469700761745,-7.424110665644067],[-39.599152643227384,-7.42870065502935],[-39.593069550786886,-7.432349108130472],[-39.58792231872187,-7.432349108130478],[-39.58335999939149,-7.429995267420073],[-39.5765750116694,-7.427876810780715],[-39.571544762151305,-7.429877575384559],[-39.56253710603749,-7.460359812584307],[-39.557506856519375,-7.472599784278408],[-39.55282755464207,-7.480602842693787],[-39.54580860182612,-7.483898219688356],[-39.54592558437306,-7.5035527896202305],[-39.54721239238931,-7.508025086970007],[-39.54615954946692,-7.50990815953833],[-39.549902990968775,-7.5172050657405824],[-39.5500199735157,-7.520500442735162],[-39.55832573434792,-7.528738885221576],[-39.55867668198871,-7.534741179033109],[-39.56230314094363,-7.539566552489439],[-39.56043142019271,-7.547216534798254],[-39.556454013597,-7.550394219757295],[-39.555167205580744,-7.561221887025169],[-39.55271057209516,-7.564634956055258],[-39.55388039756448,-7.568989561369499],[-39.5568049612378,-7.57051955783126],[-39.56277107113136,-7.57758107996248],[-39.56639753008626,-7.577110311820395],[-39.568971146118784,-7.579817228637366],[-39.57271458762063,-7.589114899443471],[-39.57774483713872,-7.593704888828753],[-39.57786181968565,-7.597117957858845],[-39.58488077250161,-7.5965294976812405],[-39.58698645834641,-7.60088410299549],[-39.592835585693024,-7.603237943705899],[-39.59903566068046,-7.606886396807031],[-39.60219418944765,-7.610770233979196],[-39.60184324180684,-7.616419451684166],[-39.60500177057403,-7.621715593282581],[-39.60254513708844,-7.627247118952037],[-39.606171596043346,-7.633131720728039],[-39.608862194622795,-7.634308641083249],[-39.612020723389975,-7.638898630468534],[-39.61517925215716,-7.63819247825541],[-39.61681700781421,-7.6439593879959045],[-39.614945287063286,-7.650785526056077],[-39.610032020092135,-7.654080903050654],[-39.6099150375452,-7.661613193323946],[-39.61295658376544,-7.664555494211945],[-39.60897917716974,-7.6682039473130725],[-39.6092131422636,-7.671970092449735],[-39.60511875312096,-7.674323933160136],[-39.604884788027086,-7.6783254623678205],[-39.60886219462281,-7.68044391900719],[-39.606288578590274,-7.685622368570082],[-39.6109678804676,-7.693036966807854],[-39.609915037545186,-7.695979267695863],[-39.613541496500105,-7.6973915721221084],[-39.613190548859315,-7.703158481862591],[-39.615998129985684,-7.703746942040191],[-39.61950760639366,-7.7023346376139505],[-39.62371897808323,-7.704100018146766],[-39.626292594115775,-7.70221694557844],[-39.631439826180795,-7.703276173898119],[-39.63565119787036,-7.699392336725951],[-39.640447482294604,-7.698568492477311],[-39.643489028514836,-7.699980796903551],[-39.646179627094305,-7.697509264157628],[-39.64968910350229,-7.700451565045633],[-39.65261366717558,-7.696567727873458],[-39.65577219594276,-7.690094665919855],[-39.66185528838327,-7.685033908392473],[-39.663960974228054,-7.685269292463514],[-39.66828932846456,-7.689153129635678],[-39.66981010157468,-7.682680067682072],[-39.674372420905065,-7.679620074758543],[-39.67612715910905,-7.675853929621889],[-39.67858379259464,-7.675383161479816],[-39.68209326900262,-7.678443154403337],[-39.68665558833298,-7.678207770332302],[-39.69063299492868,-7.68173853139791],[-39.6974179826508,-7.682444683611034],[-39.70045952887102,-7.685857752641121],[-39.70373504018515,-7.682797759717593],[-39.707361499140056,-7.682444683611037],[-39.71157287082962,-7.684092372108319],[-39.716369155253865,-7.680679303078231],[-39.717889928363995,-7.676795465906065],[-39.724440950992225,-7.675147777408774],[-39.72701456702473,-7.671734708378692],[-39.73110895616739,-7.673147012804936],[-39.733097659465244,-7.671028556165565],[-39.739297734452656,-7.670087019881409],[-39.74409401887689,-7.673029320769407],[-39.753920552819245,-7.672793936698371],[-39.76187536601066,-7.668086255277556],[-39.765735790059416,-7.6666739508513135],[-39.76877733627967,-7.667850871206515],[-39.77170189995299,-7.672205476520765],[-39.7756793065487,-7.674559317231172],[-39.78492092775639,-7.676913157941583],[-39.78960022963368,-7.675618545550849],[-39.80761554186132,-7.685975444676637],[-39.81463449467726,-7.690565434061933]]]}},{"type":"Feature","properties":{"nome":"Igarassu","codigo_ibge":"2606804"},"geometry":{"type":"Polygon","coordinates":[[[-34.92417912015963,-7.691860046452658],[-34.922775329596426,-7.691624662381612],[-34.92324325978416,-7.701275409294275],[-34.92932635222466,-7.709160775674132],[-34.941726502199515,-7.721283055332711],[-34.94254538002805,-7.7238722801141595],[-34.942311414934174,-7.732581490742665],[-34.94324727530965,-7.741643777477717],[-34.936696252681394,-7.74917606775101],[-34.93704720032221,-7.7609452713030445],[-34.936111339946734,-7.770596018215699],[-34.93166600316331,-7.785189830620223],[-34.926167823457476,-7.805432860729697],[-34.925231963082005,-7.806492089049383],[-34.908035528682916,-7.805903628871778],[-34.9040581220872,-7.807315933298023],[-34.896103308895796,-7.8048444005521],[-34.88943530372064,-7.804726708516576],[-34.88768056551663,-7.807080549226985],[-34.881480490529235,-7.809316697901867],[-34.874110590072455,-7.8099051580794665],[-34.865219916505595,-7.81131746250572],[-34.85457450473472,-7.814848223571327],[-34.84509891843319,-7.816378220033091],[-34.8429932325884,-7.828382807656157],[-34.84474797079239,-7.835208945716327],[-34.84439702315158,-7.841093547492336],[-34.837846000523356,-7.840505087314741],[-34.836910140147886,-7.843094312096184],[-34.84077056419669,-7.844388924486902],[-34.84170642457213,-7.856981972287577],[-34.840770564196674,-7.861218885566302],[-34.84416305805772,-7.86592656698712],[-34.855042434922446,-7.871575784692082],[-34.855861312750974,-7.877342694432575],[-34.859253806612024,-7.8826388360309885],[-34.861944405191466,-7.889111897984608],[-34.86627275942799,-7.891112662588447],[-34.87352567733779,-7.892054198872609],[-34.881831438170025,-7.89217189090813],[-34.88417108910866,-7.889229590020125],[-34.88814849570437,-7.887699593558356],[-34.900314680585375,-7.886640365238677],[-34.9021864013363,-7.885934213025555],[-34.912129917825574,-7.8873465174518005],[-34.918096027719116,-7.8860519050610804],[-34.923243259784165,-7.886875749309726],[-34.93073014278786,-7.892760351085738],[-34.97728919646702,-7.900057257287995],[-35.054146729801744,-7.880049611249553],[-35.05239199159775,-7.877813462574666],[-35.04034278926368,-7.873341165224894],[-35.03765219068425,-7.871222708585532],[-35.03636538266798,-7.86780963955544],[-35.03671633030879,-7.849802758120843],[-35.03542952229253,-7.846389689090748],[-35.03624840012106,-7.842035083776506],[-35.034610644464,-7.837562786426736],[-35.03227099352535,-7.8249697386260655],[-35.02548600580325,-7.8220274377380585],[-35.0238482501462,-7.818496676672451],[-35.020923686472884,-7.817084372246212],[-35.020455756285145,-7.813788995251643],[-35.02431618033395,-7.806374397013857],[-35.02724074400724,-7.8051974766586545],[-35.02876151711737,-7.799901335060246],[-35.03227099352535,-7.799312874882645],[-35.03671633030878,-7.793545965142155],[-35.03999184162291,-7.793545965142151],[-35.039991841622886,-7.788249823543743],[-35.038120120871966,-7.780717533270443],[-35.04069373690451,-7.775303699636515],[-35.03858805105972,-7.769889866002582],[-35.039172963794364,-7.767418333256654],[-35.04420321331248,-7.763181419977929],[-35.04490510859407,-7.760239119089917],[-35.054029747254816,-7.749293759786533],[-35.06549403685422,-7.747646071289251],[-35.07309790240484,-7.745409922614362],[-35.075437553343484,-7.745998382791973],[-35.08093573304932,-7.741526085442206],[-35.08573201747357,-7.740584549158032],[-35.08772072077142,-7.741996853584285],[-35.092049075007914,-7.739996088980439],[-35.09462269104043,-7.733169950920266],[-35.0981321674484,-7.729286113748099],[-35.09953595801159,-7.722813051794483],[-35.0995359580116,-7.7173992181605415],[-35.0981321674484,-7.715163069485665],[-35.04525605623486,-7.74446838633021],[-35.035546504839466,-7.743173773939487],[-35.02104066901981,-7.737524556234515],[-35.018584035534225,-7.735406099595148],[-35.00805560631031,-7.734464563310981],[-34.99916493274343,-7.731286878351944],[-34.98851952097256,-7.732228414636106],[-34.982904358719786,-7.735406099595145],[-34.9764703186385,-7.733523027026821],[-34.971791016761195,-7.729050729677061],[-34.970621191291876,-7.722695359758955],[-34.96851550544709,-7.71786998630263],[-34.96453809885137,-7.713044612846298],[-34.96196448281884,-7.708336931425484],[-34.95658328565996,-7.707395395141329],[-34.952605879064244,-7.708336931425488],[-34.94757562954616,-7.7051592464664385],[-34.937983060697675,-7.705159246466443],[-34.92803954420839,-7.699745412832516],[-34.92417912015963,-7.691860046452658]]]}},{"type":"Feature","properties":{"nome":"Primavera","codigo_ibge":"2611408"},"geometry":{"type":"Polygon","coordinates":[[[-35.46651020773919,-8.26113642226415],[-35.46206487095576,-8.265137951471837],[-35.45937427237628,-8.264196415187671],[-35.45785349926617,-8.259371041731344],[-35.45457798795208,-8.253957208097418],[-35.44978170352783,-8.253251055884283],[-35.44521938419744,-8.250191062960758],[-35.44252878561799,-8.250308754996281],[-35.43937025685082,-8.252662595706685],[-35.4382004313815,-8.255251820488137],[-35.43422302478579,-8.25725258509198],[-35.428958810173825,-8.253368747919804],[-35.42509838612504,-8.256075664736766],[-35.42509838612503,-8.262666418725903],[-35.42357761301492,-8.26596179572047],[-35.41445297435418,-8.268197944395368],[-35.404743422958774,-8.261607190406224],[-35.402754719660926,-8.2567818169499],[-35.3955018017511,-8.26007719394446],[-35.38754698855968,-8.260665654122068],[-35.384271477245555,-8.26631487182704],[-35.3772525244296,-8.26890409660848],[-35.37678459424189,-8.272670241745132],[-35.37315813528697,-8.277495615201465],[-35.36730900794032,-8.274788698384496],[-35.36532030464248,-8.279731763876354],[-35.37245624000536,-8.284557137332671],[-35.37397701311549,-8.28844097450484],[-35.37058451925445,-8.298444797524064],[-35.366373147564886,-8.299033257701664],[-35.360407037671315,-8.29809172141751],[-35.35900324710813,-8.300680946198957],[-35.356078683434816,-8.302328634696234],[-35.35561075324706,-8.309154772756415],[-35.35642963107562,-8.311390921431297],[-35.3535050674023,-8.319276287811155],[-35.35362204994922,-8.32433704533853],[-35.35221825938602,-8.325984733835806],[-35.35069748627589,-8.332575487824949],[-35.349761625900456,-8.343285463057285],[-35.347889905149515,-8.349287756868815],[-35.34859180043113,-8.353171594040985],[-35.34601818439859,-8.358585427674921],[-35.33864828394185,-8.361174652456365],[-35.33619165045627,-8.360468500243243],[-35.331863296219765,-8.361880804669484],[-35.33303312168909,-8.367412330338947],[-35.340052074505046,-8.369648479013827],[-35.343093620725284,-8.372473087866307],[-35.34426344619462,-8.37612154096744],[-35.34894274807192,-8.378004613535763],[-35.353505067402274,-8.381064606459283],[-35.35619566598173,-8.379769994068576],[-35.36438444426701,-8.39577611089933],[-35.359939107483584,-8.397541491432127],[-35.35444092777774,-8.404132245421264],[-35.34215776034984,-8.412370687907686],[-35.34367853345995,-8.42413989145971],[-35.34613516694554,-8.42767065252531],[-35.35046352118204,-8.425199119779387],[-35.35198429429216,-8.422609894997937],[-35.357014543810266,-8.421315282607216],[-35.3646184093609,-8.408957618877594],[-35.37245624000538,-8.424728351637313],[-35.38778095365356,-8.41778452154161],[-35.396203697032675,-8.431436797661961],[-35.407200056444346,-8.432849102088197],[-35.4055623007873,-8.42814142066739],[-35.37350908292776,-8.380829222388247],[-35.41585676491737,-8.329515494901422],[-35.46651020773919,-8.26113642226415]]]}},{"type":"Feature","properties":{"nome":"Ipojuca","codigo_ibge":"2607208"},"geometry":{"type":"MultiPolygon","coordinates":[[[[-35.20294852950001,-8.478984380012145],[-35.21488074928714,-8.458859041938183],[-35.23032244548224,-8.435320634834131],[-35.23804329357982,-8.417431445435048],[-35.22435633558868,-8.40389686135022],[-35.192888030463806,-8.376356925038484],[-35.19300501301075,-8.357526199355243],[-35.1903144144313,-8.354819282538275],[-35.18048788048897,-8.352230057756824],[-35.17405384040765,-8.351523905543704],[-35.170778329093565,-8.355172358644838],[-35.16165369043281,-8.338577781636472],[-35.15404982488218,-8.320806284272924],[-35.140128901797205,-8.309978617005052],[-35.108192666484605,-8.333987792251184],[-35.106905858468345,-8.329397802865891],[-35.100588800934,-8.326573194013413],[-35.0952076037751,-8.330221647114538],[-35.08444520945731,-8.331163183398697],[-35.07871306465759,-8.334458560393271],[-35.074969623155745,-8.342343926773122],[-35.067014809964334,-8.349758525010907],[-35.058709049132126,-8.349287756868819],[-35.05707129347507,-8.352230057756826],[-35.05110518358151,-8.352112365721306],[-35.0464258817042,-8.348816988726742],[-35.041629597279965,-8.350229293152978],[-35.03858805105971,-8.355054666609318],[-35.031920045884554,-8.35752619935523],[-35.03051625532136,-8.360939268385328],[-35.025369023256324,-8.36188080466949],[-35.024433162880854,-8.363528493166767],[-35.01495757657932,-8.360468500243245],[-35.01226697799987,-8.357526199355242],[-35.00478009499618,-8.358232351568361],[-35.001504583682085,-8.360233116172207],[-34.99694226435169,-8.360350808207722],[-34.992613910115196,-8.361763112633968],[-34.9901572766296,-8.360350808207727],[-34.98922141625417,-8.356349279000032],[-34.98641383512777,-8.353171594040989],[-34.977874109201686,-8.353995438289626],[-34.97693824882622,-8.35823235156835],[-34.97389670260598,-8.360468500243245],[-34.96594188941457,-8.361645420598444],[-34.960911639896445,-8.366706178125822],[-34.966175854508435,-8.372590779901826],[-34.967696627618544,-8.368471558658618],[-34.97085515638572,-8.369413094942784],[-34.96804757525935,-8.376710001145039],[-34.969568348369485,-8.379652302033042],[-34.97272687713666,-8.381535374601373],[-34.979394882311816,-8.380946914423767],[-34.979511864858736,-8.38377152327625],[-34.97424765024679,-8.384595367524904],[-34.969802313463326,-8.39095073744299],[-34.96056069225567,-8.395658418863798],[-34.96523999413296,-8.406956854273751],[-34.980330742687286,-8.439322164041819],[-34.98290435871979,-8.446619070244074],[-34.98407418418912,-8.452856748126651],[-34.98372323654832,-8.458152889725062],[-34.98840253842563,-8.463802107430029],[-34.99460261341304,-8.474747466733417],[-35.00045174075967,-8.48792897471168],[-35.00244044405754,-8.497226645517792],[-35.000334758212745,-8.504170475613481],[-34.999983810571955,-8.508407388892211],[-35.00513104263698,-8.515351218987902],[-35.00653483320019,-8.523825045545363],[-35.00559897282472,-8.533828868564592],[-35.00302535679219,-8.539713470340601],[-35.00314233933913,-8.548304988933578],[-35.00875750159189,-8.554424974780636],[-35.00922543177962,-8.557249583633121],[-35.00676879829404,-8.561957265053927],[-35.0084065539511,-8.564546489835376],[-35.01378775111001,-8.5606626526632],[-35.017999122799566,-8.559838808414568],[-35.022678424676876,-8.561015728769766],[-35.03379176663548,-8.571608011966587],[-35.038354085965864,-8.57996414648853],[-35.03893899870052,-8.585966440300057],[-35.04408623076554,-8.59138027393399],[-35.04619191661033,-8.59761795181657],[-35.04490510859409,-8.603384861557062],[-35.04818061990818,-8.609387155368596],[-35.04958441047139,-8.606444854480584],[-35.053795782160954,-8.607268698729225],[-35.05765620620972,-8.604444089876742],[-35.059878874601445,-8.60126640491769],[-35.06526007176036,-8.597264875710005],[-35.06350533355634,-8.593851806679915],[-35.066897827417414,-8.589261817294632],[-35.06935446090299,-8.584083367731742],[-35.0733318674987,-8.582671063305497],[-35.07052428637231,-8.579022610204369],[-35.06923747835604,-8.571961088073154],[-35.07099221656004,-8.56431110576433],[-35.07485264060881,-8.55925034823696],[-35.08081875050238,-8.556425739384476],[-35.081052715596236,-8.552071134070225],[-35.08292443634717,-8.546421916365258],[-35.082105558518634,-8.542655771228604],[-35.077660221735194,-8.539595778305078],[-35.07578850098429,-8.536300401310518],[-35.07754323918827,-8.52935657121482],[-35.1260909961653,-8.519352748195596],[-35.14235157018893,-8.500522022512348],[-35.14270251782973,-8.49451972870082],[-35.14539311640919,-8.489458971173454],[-35.151710173943535,-8.48745820656961],[-35.157208353649374,-8.488635126924805],[-35.16329144608987,-8.485810518072322],[-35.16797074796719,-8.478513611870065],[-35.20294852950001,-8.478984380012145]]],[[[-34.956817250753815,-8.378828457784405],[-34.95775311112927,-8.385654595844587],[-34.96161353517805,-8.38836151266155],[-34.9660588719615,-8.387419976377387],[-34.967813610165486,-8.381653066636893],[-34.96617585450842,-8.380358454246167],[-34.96594188941456,-8.37565077282535],[-34.96453809885136,-8.37223770379527],[-34.95822104131702,-8.37482692857672],[-34.956817250753815,-8.378828457784405]]]]}},{"type":"Feature","properties":{"nome":"Afrânio","codigo_ibge":"2600203"},"geometry":{"type":"Polygon","coordinates":[[[-40.75821571823567,-8.623510199631028],[-40.8551942496428,-8.720135360793158],[-40.91122888962353,-8.775803693594236],[-40.91988559809651,-8.772037548457595],[-40.924447917426896,-8.774156005096962],[-40.92573472544315,-8.77027216792479],[-40.92865928911647,-8.768271403320938],[-40.930063079679655,-8.772861392706238],[-40.934742381556966,-8.776980613949439],[-40.93790091032414,-8.777569074127044],[-40.944451932952376,-8.78804366528834],[-40.942229264560645,-8.79687056795237],[-40.94211228201373,-8.803343629905987],[-40.943867020217716,-8.80911053964647],[-40.94176133437293,-8.813818221067287],[-40.94445193295237,-8.824528196299623],[-40.948429339548085,-8.83041279807564],[-40.951002955580606,-8.831825102501883],[-40.956384152739496,-8.837474320206846],[-40.95907475131895,-8.841946617556626],[-40.960946472069864,-8.830765874182202],[-40.971708866387665,-8.828412033471794],[-40.97603722062418,-8.824528196299624],[-40.979078766844424,-8.823468967979949],[-40.98469392909719,-8.825234348512755],[-40.98972417861529,-8.829471261791472],[-41.000369590386164,-8.82876510957836],[-41.00598475263892,-8.83229587064396],[-41.00996215923463,-8.833590483034692],[-41.01230181017329,-8.837356628171333],[-41.017332059691384,-8.842299693663186],[-41.021192483740165,-8.843594306053909],[-41.0245849776012,-8.8400635449883],[-41.02914729693158,-8.838062780384451],[-41.031369965323314,-8.835002787460933],[-41.029264279478504,-8.825469732583786],[-41.026690663446004,-8.820526667091933],[-41.02657368089908,-8.814171297173843],[-41.02481894269507,-8.808757463539909],[-41.02867936674386,-8.802166709550775],[-41.0320718606049,-8.793810575028841],[-41.03452849409049,-8.792162886531559],[-41.03628323229447,-8.785925208648981],[-41.03979270870244,-8.784159828116174],[-41.0438870978451,-8.784395212187215],[-41.04833243462852,-8.78686674493315],[-41.05476647470983,-8.786866744933148],[-41.0586268987586,-8.78580751661346],[-41.06447602610525,-8.781335219263688],[-41.06962325817026,-8.78168829537025],[-41.07640824589235,-8.787925973252827],[-41.07851393173715,-8.78874981750146],[-41.082023408145105,-8.784395212187215],[-41.09266881991597,-8.782747523689935],[-41.09734812179329,-8.781335219263688],[-41.100857598201266,-8.782159063512337],[-41.10331423168684,-8.780393682979527],[-41.10354819678073,-8.77698061394945],[-41.1060048302663,-8.770507551995832],[-41.111152062331335,-8.770036783853746],[-41.11583136420863,-8.763681413935647],[-41.113023783082255,-8.75967988472797],[-41.11782006750651,-8.755089895342678],[-41.12460505522858,-8.752618362596746],[-41.1289334094651,-8.743438383826161],[-41.12905039201202,-8.740378390902647],[-41.12600884579178,-8.735317633375276],[-41.1268277236203,-8.72896226345718],[-41.12296729957155,-8.726019962569165],[-41.121329543914484,-8.722489201503558],[-41.12320126466541,-8.718723056366912],[-41.114661538739306,-8.712249994413297],[-41.11197094015987,-8.708719233347695],[-41.11185395761294,-8.705306164317602],[-41.11653325949025,-8.705070780246565],[-41.126242810885635,-8.705776932459688],[-41.13127306040375,-8.704246935997915],[-41.142035454721544,-8.707189236885926],[-41.152563883945476,-8.707777697063525],[-41.165782911748856,-8.71001384573841],[-41.17245091692402,-8.707189236885926],[-41.17642832351973,-8.711190766093623],[-41.18239443341331,-8.707777697063529],[-41.18602089236822,-8.710602305916014],[-41.19116812443324,-8.706953852814893],[-41.197602164514535,-8.70648308467281],[-41.2049720649713,-8.709543077596335],[-41.2096513668486,-8.707306928921449],[-41.21503256400751,-8.706247700601763],[-41.21900997060321,-8.706483084672811],[-41.22521004559063,-8.704717704140004],[-41.2290704696394,-8.705423856353125],[-41.23468563189217,-8.709660769631848],[-41.240066829051074,-8.711896918306739],[-41.23772717811243,-8.71872305636692],[-41.24041777669187,-8.720135360793153],[-41.24439518328758,-8.719664592651077],[-41.25153111865047,-8.72142997318388],[-41.25773119363789,-8.720135360793153],[-41.26299540824986,-8.72190074132596],[-41.270014361065826,-8.730963028061023],[-41.273640820020724,-8.731669180274144],[-41.278320121898034,-8.735317633375272],[-41.284052266697735,-8.736023785588396],[-41.28908251621583,-8.734846865233191],[-41.29493164356247,-8.735553017446307],[-41.299376980345905,-8.733081484700383],[-41.30510912514562,-8.727432266995413],[-41.313063938337024,-8.72578457849813],[-41.320901768981514,-8.728256111244058],[-41.329792442548374,-8.728491495315094],[-41.33435476187875,-8.72766765106646],[-41.34347940053949,-8.722018433361487],[-41.354358777404244,-8.712485378484336],[-41.35833618399995,-8.707660005028014],[-41.34546810383736,-8.709896153702898],[-41.33692837791127,-8.708366157241137],[-41.32955847745451,-8.702599247500638],[-41.317626257667385,-8.69812695015087],[-41.3082676539128,-8.690947735984139],[-41.30019585817444,-8.682120833320107],[-41.29773922468884,-8.677766228005865],[-41.295399573750196,-8.670233937732565],[-41.29142216715447,-8.66646779259592],[-41.287444760558785,-8.660818574890941],[-41.27890503463269,-8.660583190819912],[-41.268727553049565,-8.663172415601355],[-41.26451618135999,-8.661995495246147],[-41.25948593184188,-8.662466263388227],[-41.25129715355659,-8.661642419139586],[-41.24942543280569,-8.659523962500225],[-41.24345932291213,-8.656699353647738],[-41.239481916316414,-8.655875509399099],[-41.23737623047162,-8.65081475187172],[-41.23374977151671,-8.647637066912685],[-41.22696478379463,-8.647754758948205],[-41.22333832483971,-8.646342454521951],[-41.21784014513387,-8.64598937841539],[-41.213511790897385,-8.644106305847066],[-41.21023627958325,-8.640104776639388],[-41.206492838081424,-8.633278638579203],[-41.20684378572222,-8.620214822636456],[-41.208598523926206,-8.615977909357722],[-41.20777964609767,-8.610328691652755],[-41.21234196542804,-8.604208705805698],[-41.21234196542804,-8.601854865095298],[-41.20286637912649,-8.599265640313849],[-41.20076069328172,-8.59444026685752],[-41.19853802488999,-8.592439502253677],[-41.179235904646134,-8.592557194289194],[-41.17865099191146,-8.58832028101047],[-41.171515056548564,-8.585613364193506],[-41.16671877212431,-8.580670298701648],[-41.16320929571636,-8.570313399575872],[-41.15700922072892,-8.560427268592168],[-41.15642430799425,-8.552541902212306],[-41.152095953757765,-8.548304988933571],[-41.15291483158628,-8.543479615477247],[-41.15127707592922,-8.54018423848268],[-41.14823552970897,-8.538654242020915],[-41.14952233772522,-8.533946560600107],[-41.14741665188044,-8.533005024315953],[-41.14297131509701,-8.53429963670667],[-41.13922787359518,-8.53265194820938],[-41.134665554264785,-8.53359348449354],[-41.13127306040374,-8.537006553523625],[-41.1296353047467,-8.540890390695807],[-41.126710741073374,-8.541949619015485],[-41.11898989297581,-8.537477321665714],[-41.11618231184946,-8.53724193759468],[-41.10834448120496,-8.530768875641053],[-41.10401612696844,-8.52241274111912],[-41.09793303452797,-8.520765052621831],[-41.09044615152426,-8.512644302170942],[-41.08471400672456,-8.500992790654431],[-41.082257373238996,-8.49110665967073],[-41.08214039069205,-8.480043608331828],[-41.079917722300344,-8.473688238413738],[-41.07652522843928,-8.472511318058526],[-41.065411886480696,-8.475100542839973],[-41.05757405583619,-8.477689767621431],[-41.0532457015997,-8.481102836651516],[-41.0511400157549,-8.480514376473915],[-41.04997019028558,-8.475453618946537],[-41.05160794594264,-8.465096719820755],[-41.04961924264479,-8.459800578222342],[-41.04751355679999,-8.44614830210199],[-41.04377011529815,-8.436615247224854],[-41.038973830873914,-8.431789873768519],[-41.03406056390275,-8.430142185271233],[-41.02364911722576,-8.42849449677395],[-41.0202566233647,-8.424728351637302],[-41.015577321487406,-8.424139891459701],[-41.00738854320212,-8.420962206500652],[-41.00692061301439,-8.417666829506096],[-41.00306018896561,-8.413665300298401],[-41.00224131113707,-8.410487615339356],[-41.00317717151253,-8.404014553385743],[-40.99990166019842,-8.400248408249098],[-40.98691659748893,-8.39942456400045],[-40.98141841778308,-8.397894567538687],[-40.97849385410977,-8.398600719751805],[-40.97287869185701,-8.406956854273743],[-40.964923878665594,-8.413429916227367],[-40.96550879140024,-8.41648990915089],[-40.95755397820882,-8.419785286145455],[-40.958138890943495,-8.422492202962424],[-40.95357657161311,-8.42472835163731],[-40.94959916501741,-8.429553725093644],[-40.940474526356674,-8.433202178194763],[-40.93579522447937,-8.438969087935261],[-40.9269045509125,-8.44638368617304],[-40.92386300469222,-8.445089073782313],[-40.92000258064347,-8.43908677997077],[-40.916844051876275,-8.436144479082769],[-40.912749662733646,-8.43614447908277],[-40.909006221231806,-8.427317576418757],[-40.90233821605663,-8.423080663140023],[-40.901285373134236,-8.420256054287544],[-40.902572181150504,-8.415783756937765],[-40.901519338228105,-8.4101345392328],[-40.903391058979025,-8.405779933918543],[-40.90783639576248,-8.401425328604303],[-40.90643260519928,-8.397423799396611],[-40.902455198603555,-8.397070723290051],[-40.894500385412165,-8.392480733904758],[-40.89414943777135,-8.39000920115883],[-40.88982108353485,-8.386713824164268],[-40.88958711844099,-8.38259460292105],[-40.892394699567355,-8.378004613535769],[-40.89262866466123,-8.371766935653193],[-40.89707400144467,-8.369060018836224],[-40.89765891417933,-8.366588486090295],[-40.89485133305295,-8.358820811745957],[-40.89169280428576,-8.356113894928995],[-40.88151532270265,-8.357643891390756],[-40.87250766658882,-8.357408507319715],[-40.869934050556296,-8.358585427674925],[-40.866190609054456,-8.363410801131252],[-40.86244716755261,-8.364940797593013],[-40.86174527227103,-8.370707707333507],[-40.85238666851642,-8.445559841924396],[-40.84946210484311,-8.525825810149211],[-40.848175296826824,-8.554778050887188],[-40.84185823929247,-8.55466035885167],[-40.83986953599463,-8.5600741924856],[-40.84103936146396,-8.561957265053934],[-40.83717893741517,-8.568430327007547],[-40.83086187988083,-8.572078780108676],[-40.82454482234644,-8.573255700463879],[-40.819046642640615,-8.579728762417483],[-40.811208811996146,-8.583141831447572],[-40.809688038885994,-8.58537798012246],[-40.81062389926148,-8.592557194289194],[-40.80851821341669,-8.596794107567929],[-40.80407287663324,-8.59691179960344],[-40.79845771438047,-8.599147948278336],[-40.795416168160244,-8.595734879248244],[-40.78699342478109,-8.600207176598008],[-40.78301601818539,-8.60079563677561],[-40.785706616764834,-8.605503318196424],[-40.784068861107755,-8.609034079262031],[-40.784419808748574,-8.613153300505248],[-40.77880464649579,-8.610328691652752],[-40.771551728586,-8.618096365997086],[-40.75821571823567,-8.623510199631028]]]}},{"type":"Feature","properties":{"nome":"São Bento do Una","codigo_ibge":"2613008"},"geometry":{"type":"Polygon","coordinates":[[[-36.510696421659645,-8.402013788781895],[-36.50356048629674,-8.402837633030542],[-36.502273678280496,-8.40919300294863],[-36.498764201872525,-8.410722999410392],[-36.49291507452588,-8.408839926842067],[-36.48507724388139,-8.40966377109071],[-36.48999051085256,-8.405662241883023],[-36.48683198208537,-8.402366864888453],[-36.48156776747342,-8.402013788781892],[-36.48051492455103,-8.406956854273748],[-36.475952605220655,-8.405426857811987],[-36.4772394132369,-8.402131480817422],[-36.47185821607802,-8.401660712675337],[-36.46928460004549,-8.396129187005888],[-36.4699864953271,-8.390479969300909],[-36.463435472698855,-8.388479204697068],[-36.457001432617574,-8.391186121514036],[-36.45360893875652,-8.388008436554989],[-36.449280584520025,-8.397894567538687],[-36.447525846316026,-8.399659948071488],[-36.43606155671664,-8.399189179929413],[-36.42389537183565,-8.386949208235304],[-36.41804624448902,-8.38553690380906],[-36.41313297751784,-8.381888450707935],[-36.4090385883752,-8.381770758672412],[-36.40810272799973,-8.376003848931918],[-36.40482721668562,-8.374591544505671],[-36.401551705371524,-8.376945385216077],[-36.401668687918445,-8.381182298494805],[-36.39815921151047,-8.387184592306344],[-36.39394783982089,-8.390009201158836],[-36.38517414880094,-8.38859689673259],[-36.38189863748684,-8.390597661336432],[-36.37464571957701,-8.388832280803628],[-36.3738268417485,-8.391303813549548],[-36.36119272667977,-8.389185356910193],[-36.355694546973936,-8.425669887921467],[-36.3265658927877,-8.476983615408303],[-36.320599782894135,-8.488046666747211],[-36.30691282490302,-8.531592719889701],[-36.308667563107015,-8.533240408386977],[-36.31007135367023,-8.538183473878842],[-36.31194307442114,-8.538889626091953],[-36.317324271580034,-8.547363452649419],[-36.319546939971744,-8.549599601324305],[-36.32176960836348,-8.558661888059365],[-36.324460206942916,-8.56078034469872],[-36.326097962599974,-8.56513495001298],[-36.323992276755206,-8.567488790723386],[-36.32773571825705,-8.571019551788995],[-36.328437613538654,-8.577374921707085],[-36.3269168404285,-8.579375686310927],[-36.328554596085574,-8.588437973045984],[-36.326097962599974,-8.594440266857518],[-36.33089424702421,-8.600089484562492],[-36.33101122957114,-8.604561781912258],[-36.332882950322066,-8.60620947040954],[-36.331947089946624,-8.614683296967007],[-36.38248355022151,-8.63492632707649],[-36.44822774159762,-8.657758581967414],[-36.452322130740264,-8.664467027992071],[-36.463552455245804,-8.66882163330633],[-36.468114774576165,-8.674235466940251],[-36.46659400146605,-8.677766228005863],[-36.46940158259244,-8.680002376680752],[-36.46729589674765,-8.684592366066038],[-36.46764684438844,-8.690712351913096],[-36.469986495327085,-8.691418504126219],[-36.478526221253176,-8.696714645724622],[-36.48226966275502,-8.703187707678234],[-36.48718292972619,-8.703893859891368],[-36.48788482500778,-8.698009258115347],[-36.48963956321178,-8.694007728907659],[-36.49256412688509,-8.691418504126219],[-36.494084899995194,-8.687887743060603],[-36.49747739385624,-8.684121597923966],[-36.49899816696638,-8.680002376680752],[-36.50215669573356,-8.679649300574182],[-36.53385896595229,-8.658582426216057],[-36.542515674425296,-8.622804047417908],[-36.548364801771925,-8.628806341229431],[-36.55667056260414,-8.63363171468577],[-36.56111589938758,-8.642694001420821],[-36.56766692201581,-8.63692709168033],[-36.56661407909342,-8.630689413797757],[-36.56848579984435,-8.62515788812831],[-36.572463206440055,-8.625628656270392],[-36.57328208426857,-8.622215587240303],[-36.568134852203535,-8.619037902281255],[-36.56766692201582,-8.615507141215646],[-36.57702552577041,-8.616801753606367],[-36.583459565851726,-8.609857923510674],[-36.58638412952505,-8.601266404917695],[-36.58778792008822,-8.60067794474009],[-36.60942969127074,-8.606327162445067],[-36.6034635813772,-8.594322574822002],[-36.611769342209406,-8.580081838524041],[-36.616331661539775,-8.570901859753464],[-36.61562976625819,-8.564311105764334],[-36.61282218513181,-8.559721116379045],[-36.61387502805421,-8.557602659739683],[-36.61024856909929,-8.5490111411467],[-36.5579573706204,-8.506524316323882],[-36.508590735814856,-8.45391597644633],[-36.509760561284175,-8.438969087935254],[-36.513153055145224,-8.405073781705418],[-36.510696421659645,-8.402013788781895]]]}},{"type":"Feature","properties":{"nome":"Calçado","codigo_ibge":"2603306"},"geometry":{"type":"Polygon","coordinates":[[[-36.38236656767457,-8.635279403183048],[-36.32820364844476,-8.697185413866709],[-36.24947439435912,-8.786866744933148],[-36.29954292444629,-8.833355098963642],[-36.30235050557267,-8.829706645862519],[-36.3053920517929,-8.830059721969084],[-36.3128789347966,-8.828529725507314],[-36.316505393751505,-8.824175120193065],[-36.31872806214322,-8.81134668832135],[-36.31451669045367,-8.804991318403259],[-36.320599782894156,-8.807345159113664],[-36.32457718948986,-8.80557977858087],[-36.32492813713065,-8.798871332556214],[-36.32878856117944,-8.799342100698293],[-36.37172115590371,-8.74390915196825],[-36.36903055732426,-8.68753466695404],[-36.38236656767457,-8.635279403183048]]]}},{"type":"Feature","properties":{"nome":"Amaraji","codigo_ibge":"2600906"},"geometry":{"type":"Polygon","coordinates":[[[-35.509793750104244,-8.300563254163437],[-35.509325819916526,-8.311155537360252],[-35.49938230342725,-8.307860160365692],[-35.49318222843982,-8.298091721417503],[-35.48721611854625,-8.291147891321815],[-35.48803499637478,-8.285969441758928],[-35.48546138034226,-8.27973176387635],[-35.48136699119963,-8.275730234668655],[-35.47855941007325,-8.275024082455532],[-35.47411407328981,-8.271022553247839],[-35.471423474710356,-8.270551785105772],[-35.46709512047385,-8.265020259436316],[-35.46651020773919,-8.26113642226415],[-35.41585676491737,-8.329515494901422],[-35.37350908292776,-8.380829222388247],[-35.4055623007873,-8.42814142066739],[-35.40801893427289,-8.426022964028022],[-35.41246427105632,-8.428965264916032],[-35.418196415856016,-8.428259112702918],[-35.421237962076276,-8.43190756580404],[-35.42533235121891,-8.42672911624115],[-35.43223432148792,-8.433319870230289],[-35.43457397242659,-8.438262935722134],[-35.43866836156924,-8.443206001213987],[-35.44030611722627,-8.44661907024407],[-35.44545334929133,-8.45179751980696],[-35.46159694076802,-8.455799049014658],[-35.50020118125578,-8.434026022443412],[-35.50558237841467,-8.43178987376852],[-35.5074540991656,-8.42614065606355],[-35.503944622757615,-8.421903742784822],[-35.50768806425946,-8.418843749861301],[-35.51821649348341,-8.400719176391174],[-35.51540891235702,-8.393539962224441],[-35.52277881281378,-8.384713059560422],[-35.52874492270735,-8.386125363986663],[-35.53634878825796,-8.384124599382822],[-35.53588085807022,-8.380240762210653],[-35.54793006040429,-8.339166241814084],[-35.55342824011013,-8.342226234737604],[-35.55927736745674,-8.343050078986249],[-35.56290382641167,-8.342579310844163],[-35.56290382641167,-8.339048549778562],[-35.55787357689356,-8.329515494901413],[-35.55062065898374,-8.326926270119968],[-35.528744922707325,-8.31527475860346],[-35.529563800535854,-8.301740174518637],[-35.52769207978494,-8.29726787716886],[-35.525001481205486,-8.297267877168867],[-35.52231088262605,-8.299974793985827],[-35.509793750104244,-8.300563254163437]]]}},{"type":"Feature","properties":{"nome":"Garanhuns","codigo_ibge":"2606002"},"geometry":{"type":"Polygon","coordinates":[[[-36.61223727239713,-8.90632416098621],[-36.61375804550726,-8.897850334428755],[-36.61130141202168,-8.894672649469701],[-36.60521831958119,-8.891612656546169],[-36.59480687290418,-8.890671120262008],[-36.58345956585172,-8.891259580439613],[-36.57433492719097,-8.888199587516084],[-36.56918769512595,-8.888788047693684],[-36.5625196899508,-8.890788812297531],[-36.55128936544526,-8.887258051231926],[-36.543217569706904,-8.881255757420396],[-36.548364801771946,-8.875018079537822],[-36.567432956921934,-8.84500661048016],[-36.575621735207235,-8.838533548526545],[-36.57959914180295,-8.831354334359801],[-36.5841614611333,-8.8284120334718],[-36.581821810194675,-8.825705116654829],[-36.57433492719099,-8.822409739660266],[-36.57222924134618,-8.816054369742172],[-36.56497632343636,-8.80746285114919],[-36.56088193429373,-8.80640362282951],[-36.55772340552656,-8.802402093621813],[-36.54871574941273,-8.794045959099881],[-36.54836480177194,-8.78874981750146],[-36.54403644753542,-8.784983672364813],[-36.54005904093973,-8.783806752009616],[-36.536900512172544,-8.78380675200962],[-36.53210422774831,-8.78804366528835],[-36.528594751340336,-8.783571367938581],[-36.523213554181424,-8.785689824577943],[-36.51794933956946,-8.78568982457794],[-36.51011150892498,-8.790162121927716],[-36.5015717829989,-8.792515962638118],[-36.49899816696636,-8.795811339632687],[-36.493967917448266,-8.79486980334852],[-36.4897565457587,-8.797459028129971],[-36.48706594717925,-8.79569364759716],[-36.481567767473436,-8.796282107774767],[-36.47267709390653,-8.802637477692851],[-36.46975253023324,-8.800283636982451],[-36.46015996138476,-8.800519021053493],[-36.45431083403811,-8.802284401586295],[-36.44448430009579,-8.800872097160058],[-36.44577110811205,-8.806168238758463],[-36.44764282886297,-8.80887515557544],[-36.44799377650375,-8.81346514496072],[-36.45243911328719,-8.81887897859465],[-36.45232213074027,-8.821821279482661],[-36.45770332789916,-8.826882037010037],[-36.459575048650095,-8.83170741046636],[-36.460276943931696,-8.838768932597587],[-36.462499612323406,-8.84500661048016],[-36.448461706691475,-8.882079601669028],[-36.43079734210467,-8.902793399920595],[-36.422023651084714,-8.90479416452444],[-36.41629150628503,-8.906677237092762],[-36.41079332657919,-8.911973378691176],[-36.40950651856294,-8.91774028843168],[-36.41126125676692,-8.922565661888],[-36.409857466203725,-8.927861803486408],[-36.405412129420284,-8.933628713226913],[-36.3982761940574,-8.93845408668324],[-36.397691281322736,-8.946104068992058],[-36.40014791480831,-8.956343276082311],[-36.39780826386966,-8.958932500863764],[-36.39102327614757,-8.972231700877554],[-36.389385520490514,-8.976821690262847],[-36.38470621861321,-8.978704762831173],[-36.37768726579727,-8.989179353992467],[-36.36645694129173,-9.018602362872533],[-36.40950651856293,-9.038610008910979],[-36.4599259962909,-9.073446851424984],[-36.46519021090286,-9.078036840810267],[-36.47829225615932,-9.089570660291253],[-36.47829225615932,-9.085922207190126],[-36.48039794200409,-8.970348628309226],[-36.48355647077127,-8.967641711492265],[-36.48718292972617,-8.967053251314661],[-36.488586720289376,-8.964464026533216],[-36.49747739385626,-8.957990964579595],[-36.50122083535809,-8.958932500863755],[-36.50625108487618,-8.954695587585034],[-36.5098775438311,-8.954460203513989],[-36.51853425230411,-8.957873272544077],[-36.53151931501365,-8.966229407066017],[-36.541813779143695,-8.958344040686164],[-36.54462136027009,-8.955519431833677],[-36.55011953997592,-8.953400975194308],[-36.55164031308605,-8.95869711679272],[-36.55561771968175,-8.965758638923933],[-36.561466847028385,-8.96928939998954],[-36.568368817297404,-8.975056309730032],[-36.57024053804833,-8.977410150440441],[-36.5614668470284,-8.98953243009903],[-36.56462537579557,-8.989650122134545],[-36.572580188987004,-8.988120125672795],[-36.57632363048884,-8.988473201779344],[-36.58509732150876,-8.987178589388618],[-36.58357654839867,-8.996711644265773],[-36.58825585027597,-8.997182412407842],[-36.59082946630847,-8.99553472391057],[-36.59574273327966,-8.999183177011691],[-36.59328609979405,-9.002831630112826],[-36.59059550121462,-9.003890858432504],[-36.59036153612076,-9.008363155782272],[-36.592935152153274,-9.010128536315072],[-36.59012757102687,-9.013659297380688],[-36.59106343140234,-9.01813159473046],[-36.59422196016952,-9.01977928322774],[-36.590595501214615,-9.023074660222301],[-36.595391785638846,-9.026134653145826],[-36.59597669837352,-9.02931233810488],[-36.59995410496922,-9.030960026602157],[-36.60053901770389,-9.033431559348086],[-36.637037572346856,-9.020838511547419],[-36.633177148298074,-9.008010079675714],[-36.63118844500023,-9.004832394716663],[-36.62580724784132,-9.002478554006267],[-36.62697707331065,-8.99883010090513],[-36.632943183204205,-8.994122419484318],[-36.636686624706044,-8.98659012921102],[-36.635165851595914,-8.983059368145417],[-36.63025258462477,-8.97635092212076],[-36.63083749735943,-8.956460968117836],[-36.62908275915544,-8.951517902625984],[-36.62557328274747,-8.94657483713414],[-36.6189052775723,-8.943867920317166],[-36.606856075238255,-8.941867155713325],[-36.60510133703424,-8.936335630043873],[-36.6091957261769,-8.926567191095694],[-36.61258822003792,-8.928332571628502],[-36.61399201060114,-8.923036430030088],[-36.610248569099284,-8.921388741532802],[-36.607440987972915,-8.92197720171041],[-36.605569267221995,-8.914915679579183],[-36.605920214862785,-8.91138491851358],[-36.60849383089529,-8.910678766300459],[-36.61223727239713,-8.90632416098621]]]}},{"type":"Feature","properties":{"nome":"ÁGuas Belas","codigo_ibge":"2600500"},"geometry":{"type":"Polygon","coordinates":[[[-37.1983198325295,-9.215501138297924],[-37.195629233950065,-9.205026547136624],[-37.192353722635936,-9.201966554213106],[-37.185451752366916,-9.200318865715817],[-37.18556873491385,-9.19490503208189],[-37.18205925850586,-9.188314278092745],[-37.181708310865076,-9.185725053311307],[-37.17024402126567,-9.16901278426743],[-37.17047798635955,-9.166658943557016],[-37.16720247504542,-9.156772812573326],[-37.166617562310755,-9.15112359486835],[-37.16076843496413,-9.140295927600485],[-37.159130679307076,-9.12640826740909],[-37.161938260433466,-9.122995198379003],[-37.162289208074256,-9.118169824922674],[-37.161704295339604,-9.106400621370643],[-37.162874120808915,-9.094631417818624],[-37.16065145241719,-9.091453732859572],[-37.16182127788654,-9.083803750550759],[-37.162406190621184,-9.073093775318418],[-37.159364644400945,-9.061324571766386],[-37.15562120289909,-9.053556897422053],[-37.14977207555247,-9.047554603610523],[-37.14719845951995,-9.046848451397391],[-37.14474182603436,-9.043435382367305],[-37.142402175095725,-9.037080012449215],[-37.13479830954508,-9.033196175277052],[-37.13128883313712,-9.029900798282485],[-37.126726513806744,-9.021191587653979],[-37.1261416010721,-9.016601598268691],[-37.122632124664115,-9.013423913309639],[-37.11608110203589,-9.010599304457157],[-37.115379206754284,-9.006950851356022],[-37.11058292233005,-9.002596246041772],[-37.1111678350647,-8.996947028336807],[-37.106371550640475,-8.993063191164644],[-37.106020602999685,-8.984471672571658],[-37.10052242329383,-8.976703998227327],[-37.09935259782451,-8.971054780522348],[-37.0964280341512,-8.971407856628906],[-37.0946732959472,-8.967406327421223],[-37.08800529077206,-8.964464026533214],[-37.086484517661944,-8.960815573432088],[-37.07782780918891,-8.95128251855495],[-37.07829573937665,-8.948222525631424],[-37.07326548985855,-8.942808691997488],[-37.06765032760577,-8.941867155713316],[-37.06425783374472,-8.9364533220794],[-37.060865339883705,-8.935747169866268],[-37.05571810781865,-8.936688706150436],[-37.05103880594136,-8.931981024729625],[-37.0523256139576,-8.927979495521932],[-37.04694441679871,-8.921035665426235],[-37.04343494039073,-8.919505668964474],[-37.040276411623566,-8.920447205248639],[-37.03290651116681,-8.916798752147516],[-37.02717436636711,-8.917387212325107],[-37.02518566306924,-8.912914914975346],[-37.017113867330885,-8.911620302584623],[-37.00646845556001,-8.906794929128294],[-37.00003441547873,-8.901381095494356],[-36.99664192161769,-8.900321867174675],[-36.9931324452097,-8.896555722038018],[-36.988453143332414,-8.897261874251146],[-36.98342289381429,-8.8958495698249],[-36.978977557030866,-8.896555722038029],[-36.97429825515357,-8.895378801682824],[-36.9633018957419,-8.898909562748434],[-36.959207506599256,-8.901145711423316],[-36.95429423962809,-8.901498787529876],[-36.950901745767055,-8.898203410535304],[-36.94154314201242,-8.897732642393228],[-36.925633515629606,-8.900910327352268],[-36.92083723120536,-8.901498787529881],[-36.9094899241529,-8.907736465412452],[-36.90141812841455,-8.909031077803176],[-36.89942942511668,-8.902675707885088],[-36.89627089634951,-8.897261874251155],[-36.89229348975381,-8.895614185753857],[-36.88001032232587,-8.894084189292101],[-36.875798950636295,-8.89067112026201],[-36.87392722988539,-8.885728054770162],[-36.868663015273405,-8.887258051231933],[-36.865621469053174,-8.888199587516086],[-36.87100266621205,-8.895496493718342],[-36.87217249168139,-8.904558780453408],[-36.874278177526186,-8.9091487698387],[-36.88047825251362,-8.912914914975346],[-36.88164807798292,-8.919387976928952],[-36.88387074637465,-8.925743346847048],[-36.8872632402357,-8.929744876054746],[-36.88819910061116,-8.932804868978272],[-36.88632737986025,-8.940454851287088],[-36.88480660675012,-8.942573307926441],[-36.8865613449541,-8.952459438910145],[-36.88515755439091,-8.956225584046797],[-36.88901797843968,-8.961521725645207],[-36.887965135517305,-8.96905401591851],[-36.89486710578631,-8.975409385836596],[-36.896270896349506,-8.982117831861261],[-36.89837658219429,-8.983530136287492],[-36.901418128414555,-8.99365165134224],[-36.90153511096147,-8.997182412407852],[-36.90855406377744,-9.005067778787701],[-36.90972388924676,-9.011658532776837],[-36.91405224348327,-9.017190058446285],[-36.9166258595158,-9.018249286765974],[-36.920135335923774,-9.02425158057751],[-36.92516558544186,-9.025428500932707],[-36.9299618698661,-9.03154848677976],[-36.927505236380526,-9.033549251383606],[-36.928909026943714,-9.041316925727939],[-36.93148264297623,-9.044729994758024],[-36.93113169533543,-9.049555368214362],[-36.93335436372716,-9.051909208924764],[-36.939788403808436,-9.052262285031324],[-36.939086508526856,-9.058617654949426],[-36.9403733165431,-9.0625014921216],[-36.94002236890231,-9.067562249648962],[-36.94844511228144,-9.075800692135376],[-36.95160364104865,-9.079684529307556],[-36.953592344346504,-9.085804515154605],[-36.9568678556606,-9.088393739936045],[-36.958037681129916,-9.09474910985414],[-36.96189810517871,-9.10133986384328],[-36.96587551177442,-9.103576012518158],[-36.97008688346398,-9.11169676296906],[-36.972894464590375,-9.112991375359785],[-36.97347937732503,-9.11793444085164],[-36.972660499496506,-9.121229817846203],[-36.974532220247426,-9.124407502805242],[-36.98541159711215,-9.129350568297092],[-36.98646444003454,-9.134058249717906],[-36.98424177164283,-9.136647474499352],[-36.98003039995326,-9.147710525838264],[-36.977222818826874,-9.151829747081464],[-36.97675488863914,-9.158655885141641],[-36.96926800563546,-9.163128182491413],[-36.967513267431485,-9.16724740373462],[-36.9568678556606,-9.178663531180087],[-36.95312441415876,-9.176427382505198],[-36.94879605992225,-9.179251991357697],[-36.945520548608144,-9.178075071002485],[-36.9450526184204,-9.181605832068096],[-36.945988478795876,-9.186431205524432],[-36.95019985048544,-9.190432734732116],[-36.94961493775079,-9.19525810818844],[-36.950784763220106,-9.200554249786864],[-36.95335837925262,-9.206438851562865],[-36.9525395014241,-9.211970377232317],[-36.9582716462238,-9.217031134759688],[-36.96318491319497,-9.220208819718733],[-36.966460424509066,-9.224328040961954],[-36.965407581586675,-9.227152649814432],[-36.965290599039754,-9.235038016194299],[-36.97043783110478,-9.238804161330945],[-36.97406429005971,-9.24457107107143],[-36.977339801373816,-9.246454143639752],[-36.982370050891916,-9.246101067533194],[-36.985294614565234,-9.248572600279125],[-36.991611672099594,-9.2496318285988],[-36.99594002633611,-9.251867977273692],[-37.00447975226218,-9.26328410471916],[-37.01266853054744,-9.265755637465075],[-37.0146572338453,-9.268933322424123],[-37.022261099395934,-9.26257795250603],[-37.02530264561619,-9.263637180825718],[-37.03080082532202,-9.267756402068931],[-37.03337444135454,-9.272346391454215],[-37.03711788285637,-9.275877152519815],[-37.03817072577876,-9.281997138366878],[-37.036883917762495,-9.28588097553905],[-37.04238209746834,-9.290706348995368],[-37.04752932953336,-9.291059425101933],[-37.05431431725547,-9.302357860511878],[-37.05536716017784,-9.30741861803925],[-37.05723888092877,-9.312950143708703],[-37.057589828569576,-9.317540133093997],[-37.05934456677355,-9.313185527779742],[-37.061684217712205,-9.304123241044685],[-37.06191818280608,-9.297414795020027],[-37.058291723851184,-9.291294809172982],[-37.05723888092879,-9.281761754295832],[-37.06320499082233,-9.274111771987021],[-37.067299379964986,-9.267285633926845],[-37.07256359457695,-9.262577952506028],[-37.07806177428278,-9.25622258258794],[-37.0906958893515,-9.246336451604236],[-37.09865070254291,-9.244100302929352],[-37.108126288844446,-9.238686469295423],[-37.11643204967668,-9.240922617970309],[-37.12625858361902,-9.252927205593377],[-37.12988504257393,-9.260106419760113],[-37.14240217509573,-9.268109478175482],[-37.152579656678846,-9.270698702956931],[-37.15655706327456,-9.273405619773897],[-37.1642779113721,-9.275759460484307],[-37.16942514343716,-9.272464083489737],[-37.16907419579634,-9.265755637465078],[-37.169776091077935,-9.257987963120739],[-37.168255317967805,-9.251867977273685],[-37.16076843496415,-9.243982610893827],[-37.15854576657242,-9.240098773721657],[-37.15983257458867,-9.238215701153331],[-37.1983198325295,-9.215501138297924]]]}},{"type":"Feature","properties":{"nome":"Carnaubeira Da Penha","codigo_ibge":"2603926"},"geometry":{"type":"Polygon","coordinates":[[[-38.629016381515285,-8.621038666885095],[-38.62925034660915,-8.621038666885097],[-38.62983525934383,-8.61797867396157],[-38.63521645650271,-8.616801753606367],[-38.63907688055148,-8.613977144753884],[-38.64551092063278,-8.614683296967002],[-38.651360047979416,-8.61362406864732],[-38.65124306543248,-8.60821023501339],[-38.65627331495057,-8.607033314658185],[-38.651243065432496,-8.602090249166336],[-38.652880821089546,-8.59950102438489],[-38.66036770409322,-8.602207941201852],[-38.66446209323586,-8.600560252704575],[-38.66656777908065,-8.596205647390327],[-38.67382069699046,-8.594204882786483],[-38.677330173398445,-8.59444026685752],[-38.68165852763496,-8.591497965969507],[-38.6861038644184,-8.591144889862951],[-38.7022474558951,-8.587496436761825],[-38.70634184503774,-8.5873787447263],[-38.70961735635185,-8.584201059767262],[-38.71464760586997,-8.584436443838298],[-38.723655261983765,-8.58067029870165],[-38.728217581314134,-8.580552606666133],[-38.7345346388485,-8.577727997813641],[-38.74003281855432,-8.577021845600516],[-38.74401022515003,-8.574314928783561],[-38.7571122704065,-8.57513877303219],[-38.76705578689577,-8.569842631433787],[-38.765184066144826,-8.566664946474738],[-38.76635389161417,-8.563134185409133],[-38.76962940292829,-8.563016493373617],[-38.76951242038136,-8.559721116379047],[-38.7715011236792,-8.555954971242398],[-38.77536154772797,-8.555366511064795],[-38.7768823208381,-8.550776521679502],[-38.773957757164794,-8.548658065040136],[-38.77699930338504,-8.5426557712286],[-38.77688232083811,-8.536300401310509],[-38.780157832152206,-8.53465271281323],[-38.78074274488688,-8.531945795996261],[-38.78495411657646,-8.528532726966167],[-38.788112645343645,-8.529591955285861],[-38.791505139204666,-8.526296578291282],[-38.79782219673903,-8.516763523414154],[-38.79887503966144,-8.514056606597185],[-38.80624494011818,-8.512879686241984],[-38.8098713990731,-8.509937385353968],[-38.81759224717064,-8.50534739596868],[-38.82940748441084,-8.505465088004197],[-38.83408678628815,-8.507701236679093],[-38.8346716990228,-8.50511201189765],[-38.83081127497404,-8.501934326938596],[-38.83279997827188,-8.487222822498568],[-38.832215065537234,-8.482162064971192],[-38.83373583864735,-8.476277463195173],[-38.83981893108783,-8.478866687976629],[-38.84052082636945,-8.4763951552307],[-38.84566805843446,-8.472982086200616],[-38.848943569748585,-8.468745172921883],[-38.848475639560846,-8.462507495039313],[-38.8454340933406,-8.456858277334339],[-38.846019006075274,-8.454386744588415],[-38.844147285324354,-8.44779599059928],[-38.84040384382251,-8.440734468468062],[-38.84531711079368,-8.437439091473498],[-38.84707184899766,-8.431436797661965],[-38.85081529049952,-8.427906036596358],[-38.85023037776485,-8.425787579956983],[-38.85631347020533,-8.420491438358583],[-38.85923803387865,-8.41472452861809],[-38.87023439329032,-8.408839926842072],[-38.87081930602499,-8.405426857811982],[-38.86941551546178,-8.400719176391178],[-38.871989131494324,-8.400130716213576],[-38.8744457649799,-8.38777305248395],[-38.87655145082467,-8.384713059560417],[-38.876200503183895,-8.37929922592649],[-38.87854015412253,-8.374238468399112],[-38.881230752701974,-8.373532316185992],[-38.886611949860885,-8.368000790516543],[-38.88766479278328,-8.362940032989176],[-38.885910054579284,-8.358467735639408],[-38.888834618252595,-8.349170064833297],[-38.88860065315874,-8.347522376336016],[-38.91117828471672,-8.330457031185588],[-38.90755182576182,-8.327867806404134],[-38.90661596538636,-8.324807813480612],[-38.90193666350907,-8.320806284272912],[-38.89831020455416,-8.320453208166361],[-38.89327995503603,-8.31386245417722],[-38.88977047862808,-8.3131563019641],[-38.88743082768941,-8.309743232934007],[-38.88333643854677,-8.307742468330165],[-38.87011741074339,-8.298209413453028],[-38.86309845792743,-8.292207119641501],[-38.860992772082646,-8.292207119641498],[-38.857951225862394,-8.286675593972038],[-38.850932273046446,-8.286204825829962],[-38.84894356974858,-8.282674064764358],[-38.83993591363479,-8.275730234668655],[-38.83736229760226,-8.267609484217767],[-38.83315092591268,-8.263019494832465],[-38.83163015280257,-8.259488733766865],[-38.826014990549794,-8.255134128452612],[-38.8206337933909,-8.246895685966193],[-38.817007334435985,-8.245247997468914],[-38.81653940424824,-8.241011084190188],[-38.812561997652544,-8.235244174449685],[-38.739330923272725,-8.245012613397874],[-38.71991182048193,-8.258076429340617],[-38.71640234407394,-8.258429505447186],[-38.70739468796014,-8.261842574477267],[-38.70060970023805,-8.263137186867995],[-38.69768513656471,-8.268080252359844],[-38.69230393940582,-8.271022553247851],[-38.68867748045092,-8.271257937318882],[-38.685635934230675,-8.274200238206898],[-38.67838301632084,-8.277495615201467],[-38.6782660337739,-8.280084839982914],[-38.6703112205825,-8.282085604586756],[-38.66715269181532,-8.285027905474758],[-38.659899773905494,-8.284910213439241],[-38.650073239963156,-8.290794815215257],[-38.6487864319469,-8.295620188671583],[-38.64632979846132,-8.296679416991257],[-38.64457506025731,-8.302681710802798],[-38.63942782819229,-8.304329399300075],[-38.63685421215978,-8.307036316117046],[-38.62854845132755,-8.310802461253692],[-38.61837096974441,-8.308448620543292],[-38.6132237376794,-8.31009630904058],[-38.60702366269197,-8.305153243548725],[-38.60082358770452,-8.305624011690801],[-38.59719712874961,-8.303623247086955],[-38.58713662971342,-8.303387863015915],[-38.58315922311771,-8.299857101950304],[-38.57672518303641,-8.297032493097822],[-38.57508742737934,-8.298915565666144],[-38.571110020783635,-8.299386333808236],[-38.564325033061536,-8.29620864884919],[-38.55496642930693,-8.29303096389014],[-38.55250979582136,-8.288440974504843],[-38.54946824960111,-8.28832328246932],[-38.56912131748578,-8.370590015297987],[-38.59380463488858,-8.473570546378218],[-38.61205391221005,-8.55018806150191],[-38.629016381515285,-8.621038666885095]]]}},{"type":"Feature","properties":{"nome":"Chã de Alegria","codigo_ibge":"2604403"},"geometry":{"type":"Polygon","coordinates":[[[-35.26073790768473,-8.057882276920665],[-35.25956808221541,-8.056587664529934],[-35.25898316948075,-8.026223119365715],[-35.25430386760344,-8.021044669802817],[-35.25371895486877,-8.016690064488568],[-35.24494526384882,-8.012217767138793],[-35.2548887803381,-7.999271643231574],[-35.25594162326051,-7.9965647264146025],[-35.25278309449332,-7.9947993458818045],[-35.24822077516295,-7.989385512247864],[-35.24400940347337,-7.98208860604561],[-35.239915014330734,-7.980558609583853],[-35.237926311032865,-7.976674772411677],[-35.23008848038838,-7.956196358231159],[-35.1828275314276,-7.975144775949917],[-35.18048788048896,-7.977734000731355],[-35.17721236917487,-7.976674772411679],[-35.17768029936257,-7.9736147794881544],[-35.173702892766876,-7.9716140148843015],[-35.17066134654661,-7.975850928163039],[-35.16644997485705,-7.9780870768379195],[-35.169725486171146,-7.987855515786107],[-35.1759255611586,-7.992092429064838],[-35.17920107247272,-7.995505498094922],[-35.18622002528867,-7.991386276851711],[-35.189261571508915,-7.994446269775243],[-35.19370690829235,-7.994799345881803],[-35.19511069885554,-7.998330106947408],[-35.20177870403069,-8.0029200963327],[-35.20458628515709,-8.00809854589559],[-35.20458628515708,-8.011629306961192],[-35.223654440307094,-8.020809285731778],[-35.225292195964165,-8.02292774237114],[-35.225643143604955,-8.02775311582747],[-35.23301304406171,-8.033755409639],[-35.23406588698411,-8.03822770698878],[-35.25137930393012,-8.054351515855048],[-35.26073790768473,-8.057882276920665]]]}},{"type":"Feature","properties":{"nome":"Ingazeira","codigo_ibge":"2607109"},"geometry":{"type":"Polygon","coordinates":[[[-37.41649228255883,-7.64278246764071],[-37.411111085399924,-7.641840931356543],[-37.40842048682046,-7.635367869402933],[-37.40128455145758,-7.636309405687087],[-37.398009040143464,-7.63466171718981],[-37.394616546282414,-7.629836343733477],[-37.38607682035635,-7.6281886552361895],[-37.38397113451156,-7.626305582667872],[-37.3769521816956,-7.626540966738906],[-37.37215589727136,-7.626540966738908],[-37.366189787377785,-7.632778644621477],[-37.364201084079944,-7.63642709772261],[-37.36022367748422,-7.640310934894776],[-37.3547254977784,-7.641370163214455],[-37.34700464968084,-7.650667834020559],[-37.34314422563207,-7.662201653501551],[-37.34431405110139,-7.66690933492236],[-37.35039714354188,-7.679855458829582],[-37.34524991147685,-7.688446977422564],[-37.340102679411814,-7.688329285387039],[-37.33308372659587,-7.700804641152198],[-37.330744075657215,-7.70716001107029],[-37.32536287849831,-7.715280761521183],[-37.323608140294326,-7.720223827013036],[-37.3285214072655,-7.724460740291759],[-37.32723459924923,-7.727873809321847],[-37.332966744048925,-7.729639189854654],[-37.33811397611396,-7.729992265961217],[-37.34314422563208,-7.740231473051478],[-37.344664998742175,-7.746351458898527],[-37.34677068458697,-7.749411451822061],[-37.347004649680834,-7.754589901384954],[-37.35098205627656,-7.758002970415031],[-37.35261981193361,-7.764240648297607],[-37.35554437560692,-7.769419097860508],[-37.3587029043741,-7.7710667863577925],[-37.36560487464315,-7.7705960182156995],[-37.373910635475355,-7.771419862464343],[-37.3776540769772,-7.773067550961635],[-37.389937244405104,-7.774009087245795],[-37.39286180807842,-7.773185242997156],[-37.40385816749011,-7.778128308489007],[-37.406314800975686,-7.780599841234929],[-37.415790387277205,-7.785189830620225],[-37.428775449986745,-7.79025058814759],[-37.43754914100669,-7.792486736822477],[-37.44176051269626,-7.790485972218624],[-37.45345876738953,-7.796017497888086],[-37.459541859830004,-7.793545965142157],[-37.46457210934811,-7.787308287259582],[-37.46398719661345,-7.781188301412524],[-37.46644383009903,-7.775656775743082],[-37.46890046358462,-7.774832931494428],[-37.47311183527419,-7.776480619991716],[-37.47650432913523,-7.775892159814113],[-37.479779840449346,-7.77294985892611],[-37.47825906733924,-7.765535260688336],[-37.478843980073876,-7.761180655374087],[-37.483640264498135,-7.755649129704636],[-37.48153457865333,-7.7502352960707],[-37.482587421575744,-7.746233766863011],[-37.486447845624504,-7.747881455360291],[-37.488787496563155,-7.745292230578844],[-37.4896063743917,-7.737759940305548],[-37.49101016495489,-7.735759175701715],[-37.49615739701993,-7.735170715524112],[-37.50341031492975,-7.735876867737233],[-37.506802808790795,-7.7319930305650635],[-37.514289691794474,-7.728109193392897],[-37.51709727292085,-7.7241076641851985],[-37.522244504985885,-7.7191645986933555],[-37.52060674932882,-7.717281526125036],[-37.5218935573451,-7.713986149130465],[-37.52165959225123,-7.709866927887259],[-37.520489766781914,-7.705747706644036],[-37.50902547718251,-7.699745412832507],[-37.50586694841534,-7.7016284854008354],[-37.50001782106871,-7.698097724335227],[-37.499900838521754,-7.693860811056494],[-37.49522153664446,-7.691977738488171],[-37.495104554097516,-7.68091468714927],[-37.483991212138925,-7.675618545550854],[-37.481066648465614,-7.671028556165563],[-37.47545148621285,-7.669380867668285],[-37.47182502725794,-7.670322403952449],[-37.46995330650701,-7.672911628733889],[-37.461062632940134,-7.6722054765207695],[-37.45954185983002,-7.66879240749068],[-37.45369273248338,-7.670440095987962],[-37.448311535324486,-7.668557023419638],[-37.437081210818945,-7.666556258815803],[-37.43310380422326,-7.664790878282996],[-37.43146604856619,-7.6610247331463475],[-37.42772260706434,-7.657140895974177],[-37.42351123537477,-7.655728591547934],[-37.41859796840361,-7.649490913665362],[-37.41649228255883,-7.64278246764071]]]}},{"type":"Feature","properties":{"nome":"Santa Filomena","codigo_ibge":"2612554"},"geometry":{"type":"Polygon","coordinates":[[[-40.5757229450208,-8.03046003264444],[-40.526941222949894,-8.030930800786523],[-40.434291045779275,-8.031872337070677],[-40.42996269154276,-8.03340233353245],[-40.42610226749399,-8.036580018491486],[-40.42528338966547,-8.04834922204352],[-40.42949476135504,-8.051762291073603],[-40.430430621730494,-8.057058432672022],[-40.428558900979596,-8.062825342412504],[-40.428558900979574,-8.069769172508204],[-40.437566557093405,-8.179222765542049],[-40.44552137028481,-8.274671006348978],[-40.44879688159892,-8.278201767414577],[-40.45020067216212,-8.282203296622273],[-40.455464886774095,-8.28797020636277],[-40.456751694790334,-8.295031728493985],[-40.456283764602595,-8.297856337346467],[-40.45967625846366,-8.301622482483111],[-40.45979324101057,-8.307977852401207],[-40.45663471224342,-8.31033169311162],[-40.45406109621088,-8.315157066567945],[-40.44786102122347,-8.317981675420437],[-40.44634024811332,-8.325160889587167],[-40.44739309103573,-8.327632422333098],[-40.44493645755015,-8.330574723221101],[-40.44400059717468,-8.33445856039327],[-40.44762705612959,-8.33693009313919],[-40.44797800377038,-8.339637009956164],[-40.444936457550135,-8.342932386950723],[-40.440491120766715,-8.34246161880865],[-40.43709862690567,-8.345403919696658],[-40.43300423776301,-8.352347749792349],[-40.43475897596699,-8.357761583426283],[-40.43054760427744,-8.360586192278769],[-40.43253630757528,-8.364470029450938],[-40.43183441229368,-8.37294385600839],[-40.43370613304461,-8.385772287880098],[-40.43522690615474,-8.38965612505227],[-40.43791750473418,-8.38541921177354],[-40.43897034765658,-8.378357689642327],[-40.442362841517635,-8.375768464860883],[-40.444234562268555,-8.370590015297982],[-40.45148748017838,-8.365411565735098],[-40.45277428819462,-8.363528493166777],[-40.46248383959003,-8.360939268385327],[-40.464940473075636,-8.364352337415415],[-40.468449949483585,-8.365882333877174],[-40.47160847825078,-8.362586956882605],[-40.477106657956625,-8.361645420598443],[-40.48435957586645,-8.366117717948212],[-40.48786905227441,-8.364234645379891],[-40.49523895273116,-8.370119247155904],[-40.50015221970234,-8.36894232680071],[-40.501556010265524,-8.366235409983734],[-40.50553341686124,-8.368942326800699],[-40.51032970128547,-8.3683538666231],[-40.51302029986491,-8.371178475475583],[-40.51641279372597,-8.36964847901383],[-40.522027955978736,-8.36929540290727],[-40.52366571163578,-8.366353102019254],[-40.52892992624776,-8.366588486090299],[-40.53091862954561,-8.368353866623103],[-40.53208845501493,-8.373179240079429],[-40.534545088500515,-8.378004613535765],[-40.533258280484254,-8.381299990530332],[-40.54109611112874,-8.383418447169698],[-40.542382919145005,-8.377886921500242],[-40.54530748281832,-8.37600384893192],[-40.548115063944714,-8.376474617074004],[-40.55829254552784,-8.371884627688708],[-40.56285486485821,-8.372590779901827],[-40.564960550703006,-8.371413859546626],[-40.56496055070299,-8.366941562196853],[-40.57314932898828,-8.362940032989169],[-40.57747768322478,-8.364470029450938],[-40.581923020008226,-8.363410801131248],[-40.58718723462019,-8.364352337415411],[-40.58905895537112,-8.367530022374458],[-40.59420618743615,-8.368236174587583],[-40.597364716203344,-8.363999261308864],[-40.59982134968892,-8.367294638303418],[-40.6029798784561,-8.368824634765181],[-40.60531952939475,-8.366941562196853],[-40.608595040708856,-8.36835386662311],[-40.61116865674138,-8.372473087866306],[-40.61491209824322,-8.369413094942786],[-40.622281998699975,-8.368471558658621],[-40.626259405295684,-8.372473087866315],[-40.62906698642207,-8.371413859546621],[-40.63105568971993,-8.375768464860876],[-40.63561800905028,-8.37459154450568],[-40.637606712348145,-8.376945385216086],[-40.640882223662274,-8.375415388754313],[-40.64556152553958,-8.381064606459285],[-40.65234651326166,-8.379652302033051],[-40.65562202457576,-8.380711530352723],[-40.65924848353068,-8.379063841855451],[-40.65784469296749,-8.37600384893192],[-40.65831262315522,-8.37223770379527],[-40.66416175050185,-8.36906001883622],[-40.66732027926903,-8.370707707333503],[-40.67153165095862,-8.36988386308487],[-40.67621095283591,-8.374473852470151],[-40.68241102782334,-8.36941309494279],[-40.68100723726015,-8.365176181664058],[-40.686505416965986,-8.363293109095729],[-40.68615446932519,-8.358114659532845],[-40.69258850940648,-8.355172358644836],[-40.697735741471504,-8.35081775333058],[-40.703233921177336,-8.347286992264978],[-40.706860380132255,-8.347286992264982],[-40.713177437666616,-8.350700061295061],[-40.71692087916844,-8.35117082943714],[-40.72850215131479,-8.347522376336013],[-40.73832868525711,-8.341049314382408],[-40.74265703949364,-8.337165477210231],[-40.74663444608933,-8.338695473672],[-40.748389184293316,-8.341755466595517],[-40.75517417201542,-8.342226234737602],[-40.757981753141806,-8.336930093139191],[-40.75774778804792,-8.329280110830382],[-40.75611003239087,-8.326337809942366],[-40.75880063097032,-8.321747820557082],[-40.762193124831384,-8.318217059491474],[-40.76137424700284,-8.31480399046138],[-40.76383088048843,-8.303034786909356],[-40.76675544416174,-8.299268641772715],[-40.77120078094517,-8.297150185133342],[-40.78009145451206,-8.296326340884699],[-40.78172921016911,-8.293148655925659],[-40.7795065417774,-8.290441739108696],[-40.77821973376115,-8.286087133794439],[-40.781261279981386,-8.280084839982914],[-40.780208437059,-8.275847926704184],[-40.78184619271604,-8.268433328466408],[-40.78395187856084,-8.261842574477273],[-40.783600930920045,-8.255487204559172],[-40.78114429743445,-8.252544903671165],[-40.772838536602244,-8.251014907209399],[-40.766872426708694,-8.24795491428588],[-40.76429881067615,-8.243953385078182],[-40.74967599230957,-8.240422624012588],[-40.74452876024454,-8.240069547906016],[-40.74242307439977,-8.234891098343136],[-40.7393815281795,-8.232301873561683],[-40.736924894693914,-8.228182652318475],[-40.73364938337983,-8.227711884176394],[-40.729204046596365,-8.224887275323908],[-40.72277000651509,-8.223239586826626],[-40.71809070463778,-8.224769583288383],[-40.71107175182184,-8.225004967359427],[-40.707211327773045,-8.223474970897655],[-40.70346788627121,-8.217119600979562],[-40.70358486881815,-8.208645774422106],[-40.70054332259788,-8.202643480610572],[-40.69434324761045,-8.200878100077773],[-40.692354544312614,-8.196758878834572],[-40.68685636460677,-8.1922865814848],[-40.684399731121204,-8.187814284135023],[-40.675275092460446,-8.184871983247024],[-40.673052424068736,-8.180870454039326],[-40.67024484294233,-8.179222765542045],[-40.667788209456766,-8.175338928369879],[-40.66720329672211,-8.164393569066497],[-40.6665014014405,-8.161568960214005],[-40.658546588249074,-8.156508202686643],[-40.652814443449394,-8.157685123041835],[-40.64953893213527,-8.156861278793192],[-40.64521057789877,-8.158038199148397],[-40.64275394441319,-8.155095898260388],[-40.64275394441319,-8.15003514073302],[-40.63901050291134,-8.148152068164698],[-40.63678783451961,-8.14214977435316],[-40.63281042792391,-8.139325165500681],[-40.62871603878128,-8.141090546033482],[-40.6245046670917,-8.140384393820353],[-40.617836661916535,-8.143562078779402],[-40.6144441680555,-8.146504379667409],[-40.610583744006725,-8.146622071702929],[-40.60473461666009,-8.149682064626463],[-40.60134212279903,-8.15015283276854],[-40.60204401808063,-8.146033611525336],[-40.59759868129719,-8.141208238069003],[-40.59116464121589,-8.139560549571716],[-40.58952688555884,-8.137795169038917],[-40.59128162376284,-8.12355443274096],[-40.5993534195012,-8.115669066361109],[-40.601225140252104,-8.107548315910202],[-40.603915738831546,-8.103664478738047],[-40.601576087892916,-8.099662949530346],[-40.603096861003024,-8.095308344216106],[-40.60110815770517,-8.09118912297289],[-40.598768506766504,-8.080832223847109],[-40.5757229450208,-8.03046003264444]]]}},{"type":"Feature","properties":{"nome":"Inajá","codigo_ibge":"2607000"},"geometry":{"type":"Polygon","coordinates":[[[-37.55605246104941,-8.819820514878817],[-37.56868657611814,-8.830765874182198],[-37.580735778452194,-8.845830454728793],[-37.5854150803295,-8.847242759155044],[-37.591030242582264,-8.855951969783543],[-37.59606049210037,-8.859835806955711],[-37.596879369928885,-8.862071955630586],[-37.63571757551053,-8.902440323814037],[-37.69912211594799,-8.935864861901798],[-37.700057976323436,-8.930686412338906],[-37.70368443527835,-8.924095658349762],[-37.703684435278355,-8.922330277816958],[-37.71936009656733,-8.908089541519011],[-37.72158276495906,-8.898674178677387],[-37.72509224136702,-8.896084953895945],[-37.727665857399565,-8.891024196368578],[-37.7310583512606,-8.887964203445053],[-37.72918663050969,-8.885021902557044],[-37.73316403710539,-8.880902681313833],[-37.73772635643575,-8.879843452994153],[-37.74146979793761,-8.87619499989302],[-37.742990571047734,-8.870898858294606],[-37.74240565831307,-8.86842732554868],[-37.746500047455704,-8.859129654742585],[-37.75024348895754,-8.858423502529464],[-37.755390721022586,-8.846418914906392],[-37.76100588327534,-8.848066603403675],[-37.765919150246525,-8.85442197332178],[-37.77363999834406,-8.853009668895531],[-37.780191020972296,-8.85948273084914],[-37.785572218131186,-8.859718114920177],[-37.78639109595972,-8.866191176873798],[-37.792240223306344,-8.869368861832841],[-37.792942118587945,-8.87395885121813],[-37.79844029829376,-8.876077307857498],[-37.80978760534624,-8.877136536177188],[-37.816806558162185,-8.882550369811117],[-37.82183680768031,-8.884080366272878],[-37.82569723172906,-8.888552663622654],[-37.823006633149625,-8.896791106109067],[-37.82031603457017,-8.900204175139159],[-37.82031603457016,-8.908678001696618],[-37.82944067323092,-8.919034900822389],[-37.82932369068397,-8.922447969852486],[-37.8336520449205,-8.926449499060169],[-37.82628214446372,-8.932687176942748],[-37.84464840433215,-8.938571778718757],[-37.851550374601175,-8.943514844210604],[-37.85845234487019,-8.954107127407438],[-37.86488638495151,-8.95952096104137],[-37.86792793117174,-8.95928557697032],[-37.87506386653463,-8.953754051300871],[-37.881731871709796,-8.95057636634183],[-37.884773417930035,-8.952930207052232],[-37.8864111735871,-8.957637888473045],[-37.89190935329292,-8.963757874320095],[-37.896471672623306,-8.965170178746336],[-37.90384157308006,-8.972467084948597],[-37.90664915420643,-8.976468614156284],[-37.9223248154954,-8.986590129211024],[-37.924196536246335,-8.989179353992473],[-37.9330872098132,-8.998241640727521],[-37.937181598955846,-8.996829336301289],[-37.94197788338009,-8.998712408869608],[-37.95741957957517,-8.998594716834088],[-37.961513968717824,-8.999653945153778],[-37.9636196545626,-9.004126242503538],[-37.968415938986844,-9.007421619498105],[-37.97812549038226,-9.019661591192218],[-37.98011419368012,-9.01471852570037],[-37.988536937059244,-9.000595481437932],[-37.99368416912428,-8.996593952230251],[-37.99614080260989,-8.990120890276629],[-37.99906536628319,-8.975291693801076],[-38.00549940636449,-8.962816338035937],[-38.006084319099145,-8.813465144960722],[-38.006435266739956,-8.680002376680745],[-38.00830698749088,-8.671175474016726],[-38.009827760601006,-8.667880097022167],[-38.0188354167148,-8.659641654535742],[-38.02468454406144,-8.652344748333483],[-38.01731464360467,-8.649990907623089],[-38.013688184649766,-8.647283990806118],[-38.00058613939333,-8.646813222664038],[-37.9933332214835,-8.647166298770594],[-37.97508394416202,-8.657523197896385],[-37.952857260244826,-8.651991672226927],[-37.948294940914444,-8.646577838592991],[-37.94923080128992,-8.642105541243227],[-37.95238933005709,-8.638457088142097],[-37.95157045222856,-8.634455558934409],[-37.935192895658,-8.621274050956142],[-37.932034366890804,-8.617625597855008],[-37.922558780589284,-8.614918681038048],[-37.917996461258916,-8.612211764221078],[-37.915188880132504,-8.613035608469717],[-37.907935962222695,-8.611270227936918],[-37.90161890468833,-8.604914858018828],[-37.899864166484356,-8.604444089876747],[-37.8907395278236,-8.605621010231946],[-37.879158255677275,-8.602325633237372],[-37.87342611087756,-8.599383332349365],[-37.86535431513922,-8.597029491638963],[-37.85295416516437,-8.595028727035128],[-37.882199801897535,-8.669174709412882],[-37.8785733429426,-8.671999318265373],[-37.87705256983249,-8.676118539508584],[-37.86827887881253,-8.675883155437536],[-37.86137690854352,-8.679296224467622],[-37.859037257604854,-8.683768521817397],[-37.85833536232327,-8.68824081916716],[-37.85377304299289,-8.695655417404947],[-37.84991261894412,-8.698362334221914],[-37.84242573594044,-8.701893095287524],[-37.836225660953,-8.701775403251993],[-37.832482219451165,-8.703070015642723],[-37.82908972559012,-8.702128479358558],[-37.82218775532109,-8.702716939536156],[-37.81902922655392,-8.700363098825752],[-37.814817854864344,-8.69930387050607],[-37.81294613411341,-8.69647926165359],[-37.80452339073427,-8.693654652801104],[-37.795632717167386,-8.693772344836624],[-37.78604014831891,-8.69824464218639],[-37.78159481153548,-8.698244642186385],[-37.7770324922051,-8.69965694661263],[-37.77539473654806,-8.702010787323031],[-37.76673802807504,-8.706130008566245],[-37.754220895553246,-8.709778461667375],[-37.74568116962716,-8.708954617418735],[-37.73702446115417,-8.709543077596337],[-37.73176024654219,-8.709072309454246],[-37.730356455979006,-8.711308458129135],[-37.72672999702409,-8.712485378484347],[-37.72403939844464,-8.710719997951541],[-37.71947707911426,-8.7122499944133],[-37.71608458525321,-8.710837689987057],[-37.70719391168635,-8.711543842200172],[-37.700642889058116,-8.709190001489779],[-37.693156006054416,-8.71083768998706],[-37.683680419752875,-8.710131537773927],[-37.679703013157166,-8.711779226271219],[-37.677714309859326,-8.714250759017151],[-37.671163287231096,-8.714603835123711],[-37.66391036932129,-8.72672611478229],[-37.65852917216238,-8.7308453360255],[-37.65852917216238,-8.73390532894903],[-37.660751840554084,-8.73790685815672],[-37.65923106744397,-8.741202235151288],[-37.660517875460236,-8.749087601531134],[-37.658178224521585,-8.754030667022986],[-37.65876313725626,-8.760268344905558],[-37.66157071838263,-8.763563721900137],[-37.667302863182314,-8.764152182077733],[-37.67233311270041,-8.76815371128542],[-37.67900111787559,-8.77133139624447],[-37.679469048063304,-8.778628302446721],[-37.68052189098571,-8.780158298908491],[-37.678650170234796,-8.790044429892188],[-37.67619353674921,-8.783689059974092],[-37.66788777591698,-8.782041371476817],[-37.65279702736268,-8.78839674139491],[-37.6499894462363,-8.791456734318434],[-37.64203463304489,-8.795929031668205],[-37.59231705059852,-8.832531254715008],[-37.58108672609298,-8.821821279482661],[-37.57874707515433,-8.823822044086505],[-37.570675279415994,-8.825587424619311],[-37.56412425678777,-8.824528196299632],[-37.55605246104941,-8.819820514878817]]]}},{"type":"Feature","properties":{"nome":"Frei Miguelinho","codigo_ibge":"2605806"},"geometry":{"type":"Polygon","coordinates":[[[-35.82202016786739,-7.859571197069022],[-35.82412585371216,-7.861218885566308],[-35.82202016786737,-7.86498503070295],[-35.819329569287945,-7.873929625402497],[-35.817340865990076,-7.887228825416285],[-35.815118197598366,-7.891348046659496],[-35.81757483108393,-7.8929957351567746],[-35.81769181363089,-7.896173420115828],[-35.81184268628423,-7.90158725374976],[-35.81195966883118,-7.906765703312645],[-35.813831389582084,-7.909943388271692],[-35.81359742448822,-7.913121073230744],[-35.808216227329325,-7.916416450225308],[-35.808918122610926,-7.923242588285478],[-35.811608721190375,-7.9288918059904505],[-35.81815974381862,-7.9305394944877365],[-35.81874465655326,-7.937718708654476],[-35.81429931976982,-7.943250234323932],[-35.81429931976983,-7.947722531673692],[-35.81722388344314,-7.952430213094504],[-35.81734086599009,-7.957137894515316],[-35.80962001789253,-7.961492499829564],[-35.80891812261092,-7.970084018422544],[-35.80505769856215,-7.973614779488152],[-35.80728036695386,-7.976321696305126],[-35.80692941931308,-7.979381689228647],[-35.811491738643454,-7.981500145868005],[-35.81687293580235,-7.981500145868002],[-35.82400887116522,-7.983383218436339],[-35.83336747491984,-7.9825593741877],[-35.842726078674445,-7.98361860250738],[-35.84693745036402,-7.989738588354426],[-35.84822425838029,-7.993387041455563],[-35.852903560257595,-7.995505498094924],[-35.86506974513856,-7.9940931936686725],[-35.873375505970785,-7.989503204283395],[-35.87852273803581,-7.9898562803899535],[-35.88109635406836,-7.991503968887239],[-35.88495677811712,-7.9965647264146],[-35.88320203991313,-8.001037023764376],[-35.883903935194745,-8.003743940581332],[-35.88694548141499,-8.005391629078623],[-35.895368224794126,-8.001037023764376],[-35.90344002053247,-8.00574470518518],[-35.90659854929966,-8.006215473327266],[-35.914319397397215,-8.002802404297181],[-35.91560620541346,-8.004685476865497],[-35.92051947238465,-8.001507791906459],[-35.925900669543545,-7.999389335267089],[-35.92917618085765,-7.993033965348992],[-35.94309710394263,-7.995740882165959],[-35.949297178930046,-7.9920924290648365],[-35.95818785249695,-7.990091664460994],[-35.95888974777853,-7.985030906933615],[-35.9587727652316,-7.977851692766885],[-35.968482316627004,-7.97373247152367],[-35.96438792748437,-7.967612485676619],[-35.966493613329156,-7.964905568859657],[-35.96438792748435,-7.960080195403316],[-35.965323787859816,-7.955372513982513],[-35.96111241617026,-7.952194829023465],[-35.962750171827295,-7.946663303354012],[-35.95631613174602,-7.944544846714641],[-35.95830483504387,-7.938307168832071],[-35.963101119468114,-7.939366397151752],[-35.9712898977534,-7.933717179446782],[-35.96567473550061,-7.9303041104167],[-35.96508982276597,-7.927479501564208],[-35.96661059587609,-7.917357986509471],[-35.96661059587608,-7.907824931632321],[-35.95959164306013,-7.903705710389124],[-35.95655009683986,-7.898409568790704],[-35.91092690353615,-7.895231883831664],[-35.91045897334844,-7.889700358162208],[-35.911277851176955,-7.879108074965387],[-35.90613061911193,-7.877225002397065],[-35.892092713480004,-7.870045788230325],[-35.88460583047633,-7.868398099733036],[-35.87384343615853,-7.863572726276716],[-35.863665954575396,-7.862866574063582],[-35.84576762489469,-7.863690418312231],[-35.82202016786739,-7.859571197069022]]]}},{"type":"Feature","properties":{"nome":"Jataúba","codigo_ibge":"2608008"},"geometry":{"type":"Polygon","coordinates":[[[-36.446356020846714,-7.916416450225301],[-36.44378240481418,-7.920300287397478],[-36.38026088182977,-7.976674772411679],[-36.413951855346376,-8.066003027371554],[-36.44401636990805,-8.145915919489813],[-36.49385093490133,-8.126732117700014],[-36.49326602216669,-8.131086723014262],[-36.490809388681086,-8.13320517965362],[-36.492330161791216,-8.136500556648185],[-36.49525472546453,-8.138501321252035],[-36.497594376403185,-8.144856691170135],[-36.50168876554583,-8.150976677017187],[-36.5069529801578,-8.156861278793192],[-36.511866247128964,-8.158155891183915],[-36.51467382825534,-8.16333434074681],[-36.516779514100136,-8.164982029244088],[-36.52239467635289,-8.1748681602278],[-36.52473432729155,-8.182400450501099],[-36.531753280107516,-8.185225059353574],[-36.53187026265443,-8.19252196555584],[-36.537602407454145,-8.197465031047685],[-36.539591110752006,-8.201466560255373],[-36.54462136027009,-8.205938857605148],[-36.547428941396475,-8.210058078848355],[-36.55994607391827,-8.207468854066915],[-36.56415744560783,-8.205821165569622],[-36.57117639842378,-8.208057314244513],[-36.581119914913074,-8.20582116556963],[-36.58603318188424,-8.208998850528673],[-36.59422196016953,-8.208645774422115],[-36.60592021486278,-8.212411919558754],[-36.6121202898502,-8.16604125756378],[-36.61258822003793,-8.171572783233223],[-36.61445994078886,-8.173102779694988],[-36.61586373135205,-8.180635069968291],[-36.61761846955604,-8.185460443424613],[-36.618554329931506,-8.194287346088645],[-36.616682609180565,-8.199818871758092],[-36.61715053936831,-8.209116542564198],[-36.621478893604824,-8.2132357638074],[-36.62674310821678,-8.2120588434522],[-36.62779595113918,-8.214412684162603],[-36.633645078485806,-8.213706531949487],[-36.63551679923673,-8.210764231061471],[-36.64639617610147,-8.208410390351071],[-36.64698108883612,-8.206056549640657],[-36.6532981463705,-8.197818107154248],[-36.655637797309126,-8.192757349626879],[-36.66055106428031,-8.187225823957421],[-36.66242278503123,-8.182988910678699],[-36.66523036615762,-8.18063506996828],[-36.67891732414873,-8.1772220009382],[-36.679970167071104,-8.170748938984593],[-36.6820758529159,-8.167453561990024],[-36.68266076565056,-8.162510496498165],[-36.6864042071524,-8.15968588764568],[-36.68698911988706,-8.15568435843799],[-36.68745705007479,-8.151918213301348],[-36.69447600289076,-8.143915154885962],[-36.69389109015611,-8.140737469926925],[-36.672483284067425,-8.127438269913133],[-36.66523036615761,-8.123201356634405],[-36.6572755529662,-8.122024436279196],[-36.6537660765582,-8.120729823888484],[-36.64031308366097,-8.119905979639837],[-36.637505502534566,-8.118493675213585],[-36.63411300867354,-8.114727530076939],[-36.628614828967706,-8.11107907697581],[-36.62732802095145,-8.106606779626041],[-36.62779595113919,-8.102840634489402],[-36.63703757234687,-8.09318988757674],[-36.64031308366097,-8.092130659257053],[-36.64499238553829,-8.092836811470175],[-36.64768298411772,-8.091306815008405],[-36.646981088836135,-8.086128365445518],[-36.65037358269717,-8.081302991989185],[-36.657275552966205,-8.082126836237837],[-36.65867934352939,-8.079772995527426],[-36.656456675137655,-8.07306454950277],[-36.653766076558206,-8.070357632685804],[-36.64124894403642,-8.062236882234911],[-36.628848794061554,-8.05705843267202],[-36.62779595113917,-8.051526907002565],[-36.62919974170238,-8.038345399024303],[-36.6293167242493,-8.025399275117062],[-36.62721103840452,-8.005391629078622],[-36.62650914312291,-8.002684712261653],[-36.62779595113917,-7.986443211359868],[-36.62311664926188,-7.982088606045615],[-36.62264871907414,-7.969495558244951],[-36.61937320776003,-7.961492499829566],[-36.61340709786647,-7.956549434337721],[-36.61247123749099,-7.949487912206502],[-36.60966365636463,-7.947722531673694],[-36.60451642429959,-7.952430213094506],[-36.60042203515695,-7.952547905130021],[-36.59504083799804,-7.955960974160115],[-36.58685205971276,-7.95866789097708],[-36.57679156067655,-7.959609427261246],[-36.573516049362446,-7.957490970621879],[-36.57421794464405,-7.951724060881388],[-36.579482159256,-7.949487912206504],[-36.57995008944374,-7.946663303354019],[-36.57445190973791,-7.940072549364877],[-36.572580188986976,-7.935953328121666],[-36.572580188987004,-7.930539494487741],[-36.57761043850509,-7.921241823681632],[-36.57819535123974,-7.915239529870098],[-36.57608966539496,-7.909472620129611],[-36.571761311158454,-7.904529554637758],[-36.56392348051397,-7.900998793572154],[-36.55199126072684,-7.898762644897263],[-36.543100587159955,-7.9022934059628795],[-36.53643258198482,-7.901587253749752],[-36.53151931501364,-7.902764174104962],[-36.526255100401684,-7.906765703312649],[-36.512802107504434,-7.914886453763545],[-36.49934911460716,-7.920300287397472],[-36.49244714433815,-7.915121837834579],[-36.48671499953845,-7.91629875818978],[-36.48285457548968,-7.920300287397478],[-36.480163976910234,-7.924772584747248],[-36.47653751795533,-7.924184124569648],[-36.470454425514816,-7.917828754651553],[-36.46121280430716,-7.9146510696925025],[-36.45267307838107,-7.914886453763544],[-36.446356020846714,-7.916416450225301]]]}},{"type":"Feature","properties":{"nome":"Cortês","codigo_ibge":"2604809"},"geometry":{"type":"Polygon","coordinates":[[[-35.54793006040429,-8.339166241814084],[-35.53588085807022,-8.380240762210653],[-35.53634878825796,-8.384124599382822],[-35.52874492270735,-8.386125363986663],[-35.52277881281378,-8.384713059560422],[-35.51540891235702,-8.393539962224441],[-35.51821649348341,-8.400719176391174],[-35.50768806425946,-8.418843749861301],[-35.503944622757615,-8.421903742784822],[-35.5074540991656,-8.42614065606355],[-35.50558237841467,-8.43178987376852],[-35.50020118125578,-8.434026022443412],[-35.46159694076802,-8.455799049014658],[-35.44545334929133,-8.45179751980696],[-35.447559035136095,-8.455563664943607],[-35.45375911012353,-8.460035962293386],[-35.45563083087445,-8.462389803003786],[-35.47130649216343,-8.470275169383644],[-35.48405758977907,-8.47510054283998],[-35.50020118125578,-8.478042843727982],[-35.501838936912826,-8.476277463195173],[-35.50558237841467,-8.48192668090015],[-35.502657814741355,-8.488282050818244],[-35.50055212889657,-8.48957666320897],[-35.50020118125576,-8.49805048976643],[-35.50511444822695,-8.50146355879651],[-35.51061262793277,-8.501581250832032],[-35.515408912357024,-8.504523551720046],[-35.51903537131193,-8.504758935791084],[-35.525820359034036,-8.502640479151724],[-35.52406562083003,-8.495108188878417],[-35.5268732019564,-8.4926366561325],[-35.529563800535875,-8.487222822498566],[-35.53424310241318,-8.484280521610561],[-35.535295945335555,-8.48227975700672],[-35.542548863245386,-8.485222057894727],[-35.54383567126164,-8.479808224260792],[-35.55143953681225,-8.47851361187006],[-35.555650908501846,-8.478513611870067],[-35.556586768877295,-8.47627746319518],[-35.554364100485564,-8.473099778236138],[-35.5505036764368,-8.472275933987488],[-35.54734514766963,-8.469686709206043],[-35.54851497313894,-8.463684415394516],[-35.545122479277886,-8.456152125121209],[-35.548047042951204,-8.45320982423321],[-35.553428240110115,-8.453915976446327],[-35.5565867688773,-8.44932598706104],[-35.56196796603619,-8.449561371132082],[-35.5616170183954,-8.443912153427107],[-35.563839686787134,-8.439439856077334],[-35.55904340236289,-8.435202942798604],[-35.551322554265326,-8.433202178194763],[-35.55354522265706,-8.429200648987074],[-35.554598065579434,-8.4247283516373],[-35.5619679660362,-8.419079133932334],[-35.56582839008498,-8.414842220653604],[-35.57542095893344,-8.428965264916037],[-35.57846250515368,-8.431083721555401],[-35.58758714381442,-8.421197590571701],[-35.59706273011599,-8.412723764014233],[-35.596945747569045,-8.40942838701967],[-35.591564550410155,-8.402131480817415],[-35.58618335325125,-8.397776875503158],[-35.5845455975942,-8.394246114437559],[-35.57542095893345,-8.385889979915614],[-35.57226243016626,-8.384595367524895],[-35.566296320272706,-8.378710765748881],[-35.561850983489265,-8.376710001145039],[-35.56103210566074,-8.370236939191429],[-35.558692454722085,-8.36611771794822],[-35.553077292469325,-8.359526963959086],[-35.54781307785734,-8.35682004714211],[-35.54933385096748,-8.35164159757923],[-35.5498017811552,-8.350464677224018],[-35.54793006040429,-8.339166241814084]]]}},{"type":"Feature","properties":{"nome":"Arcoverde","codigo_ibge":"2601201"},"geometry":{"type":"Polygon","coordinates":[[[-37.02062334373888,-8.289617894860049],[-37.01196663526586,-8.293972500174304],[-37.003894839527526,-8.295973264778137],[-36.99114374191186,-8.302917094873834],[-36.985177632018285,-8.301622482483115],[-36.97804169665541,-8.297385569204375],[-36.97500015043516,-8.29738556920439],[-36.9601433669747,-8.300445562127909],[-36.95464518726888,-8.299268641772715],[-36.95136967595475,-8.296914801062309],[-36.94727528681213,-8.291030199286295],[-36.94832812973451,-8.283615601048519],[-36.947041321718274,-8.277377923165936],[-36.9421280547471,-8.273847162100337],[-36.933003416086365,-8.27325870192273],[-36.92294291705015,-8.269845632892647],[-36.91358431329553,-8.260901038193111],[-36.908320098683575,-8.253133363848765],[-36.90960690669984,-8.29562018867158],[-36.94493563587349,-8.37341462415047],[-36.94844511228146,-8.396599955147957],[-36.926569376005055,-8.426611424205632],[-36.92177309158081,-8.4304952613778],[-36.91627491187498,-8.432966794123727],[-36.91042578452836,-8.434026022443405],[-36.907033290667314,-8.436850631295899],[-36.900950198226816,-8.439792932183895],[-36.89685580908418,-8.44191138882326],[-36.904459674634786,-8.443676769356074],[-36.91077673216916,-8.448502142812403],[-36.917561719891246,-8.458505965831627],[-36.922708951956274,-8.463919799465552],[-36.93265246844556,-8.456975969369864],[-36.93557703211887,-8.448031374670316],[-36.945052618420405,-8.444500613604708],[-36.94984890284466,-8.448031374670315],[-36.951486658501686,-8.445089073782311],[-36.95850561131765,-8.44391215342711],[-36.96143017499099,-8.445442149888876],[-36.96423775611734,-8.44402984546263],[-36.96926800563545,-8.44438292156919],[-36.97874359193698,-8.449208295025521],[-36.982954963626554,-8.450502907416237],[-36.98611349239375,-8.448266758741356],[-36.98541159711217,-8.44461830564023],[-36.98798521314469,-8.439204472006294],[-36.991377707005725,-8.436026787047247],[-36.99874760746248,-8.439204472006296],[-37.00705336829468,-8.446619070244067],[-37.002841996605106,-8.452385979984568],[-37.00564957773148,-8.455916741050178],[-37.0035438918867,-8.465802872033882],[-37.00740431593549,-8.474159006555812],[-37.01196663526587,-8.477925151692466],[-37.01559309422078,-8.484280521610557],[-37.01957050081647,-8.48792897471168],[-37.02296299467752,-8.498638949944029],[-37.08157125069076,-8.448384450776881],[-37.09022795916376,-8.440734468468063],[-37.11970756099078,-8.433084486159242],[-37.13889269868775,-8.426611424205623],[-37.14907018027088,-8.403426093208134],[-37.142285192548776,-8.402837633030542],[-37.131171850590185,-8.398365335680772],[-37.12567367088435,-8.398365335680767],[-37.120058508631594,-8.395658418863803],[-37.11853773552146,-8.392716117975795],[-37.11514524166043,-8.391539197620597],[-37.11023197468926,-8.385183827702495],[-37.10216017895089,-8.384359983453862],[-37.1007563883877,-8.377416153358158],[-37.09806578980825,-8.373296932114958],[-37.09373743557176,-8.369883863084862],[-37.08987701152297,-8.368471558658626],[-37.08683546530272,-8.369177710871748],[-37.083559953988605,-8.366117717948214],[-37.07864668701745,-8.363646185202288],[-37.077944791735845,-8.360939268385327],[-37.07104282146682,-8.353760054218586],[-37.06320499082235,-8.351053137401621],[-37.05794077621038,-8.352583133863389],[-37.05150673612909,-8.350346985188503],[-37.048114242268035,-8.34811083651362],[-37.04378588803152,-8.341990850666557],[-37.03583107484011,-8.321630128521562],[-37.03594805738705,-8.314450914354822],[-37.02892910457108,-8.304094015229044],[-37.03185366824439,-8.299504025843754],[-37.02062334373888,-8.289617894860049]]]}},{"type":"Feature","properties":{"nome":"Ribeirão","codigo_ibge":"2611804"},"geometry":{"type":"Polygon","coordinates":[[[-35.34613516694554,-8.42767065252531],[-35.347304992414855,-8.429906801200197],[-35.34812387024338,-8.437556783509022],[-35.345316289117015,-8.443441385285027],[-35.340169057051966,-8.444029845462623],[-35.33689354573785,-8.438498319793174],[-35.33537277262774,-8.439675240148384],[-35.331395366032034,-8.437203707402446],[-35.319697111338776,-8.423786815353145],[-35.31794237313476,-8.41931451800338],[-35.31267815852281,-8.420020670216498],[-35.32531227359152,-8.447442914492719],[-35.327417959436325,-8.448855218918954],[-35.32566322123234,-8.457564429547455],[-35.321217884448885,-8.462742879110348],[-35.3191121986041,-8.469333633099495],[-35.31560272219612,-8.474982850804453],[-35.31607065238386,-8.479102072047665],[-35.31022152503723,-8.48475128975264],[-35.302149729298876,-8.489458971173452],[-35.29407793356053,-8.471216705667812],[-35.289866561870966,-8.464037491501074],[-35.27267012747185,-8.487693590640646],[-35.268224790688414,-8.52970964732138],[-35.28062494066328,-8.560780344698722],[-35.2677568605007,-8.597029491638962],[-35.26448134918658,-8.630689413797759],[-35.26471531428044,-8.630689413797754],[-35.26880970342307,-8.629277109371522],[-35.27898718500622,-8.620803282814064],[-35.28588915527526,-8.61633098546429],[-35.291738282621886,-8.608681003155475],[-35.29618361940532,-8.60538562616091],[-35.29840628779702,-8.60008948456249],[-35.303202572221274,-8.59726487571001],[-35.30729696136391,-8.593381038537835],[-35.31150833305349,-8.593263346502322],[-35.31934616369795,-8.586437208442147],[-35.32683304670165,-8.58255337126997],[-35.33127838348509,-8.577727997813646],[-35.333618034423736,-8.576786461529482],[-35.33584070281547,-8.570078015504823],[-35.33829733630106,-8.566311870368175],[-35.35689756126335,-8.541361158837882],[-35.359939107483584,-8.54359730751277],[-35.36918072869127,-8.54559807211661],[-35.3750298560379,-8.55007036946639],[-35.37736950697654,-8.545362688045568],[-35.38087898338451,-8.544774227867972],[-35.38310165177624,-8.541125774766845],[-35.38743000601275,-8.545951148223175],[-35.39070551732685,-8.554542666816149],[-35.3965546446735,-8.55489574292271],[-35.402988684754774,-8.550188061501904],[-35.41293220124406,-8.54877575707566],[-35.41854736349682,-8.54336192344173],[-35.423460630467986,-8.540772698660286],[-35.42813993234529,-8.539713470340592],[-35.43188337384714,-8.535594249097393],[-35.43001165309621,-8.53253425617386],[-35.43012863564315,-8.528650419001693],[-35.43188337384714,-8.526885038468887],[-35.430713548377824,-8.522765817225684],[-35.432351304034874,-8.519117364124554],[-35.429192775267694,-8.508878157034284],[-35.46241581859656,-8.512761994206455],[-35.464404521894394,-8.522059665012554],[-35.46697813792693,-8.529121187143774],[-35.46674417283306,-8.54194961901548],[-35.4708385619757,-8.545951148223176],[-35.47388010819593,-8.54171423494444],[-35.47715561951005,-8.53983116237612],[-35.479261305354825,-8.534535020777712],[-35.47867639262018,-8.528061958824098],[-35.484408537419874,-8.526767346433367],[-35.486046293076924,-8.52147120483496],[-35.49002369967264,-8.520058900408719],[-35.49037464731345,-8.517234291556228],[-35.48581232798307,-8.508172004821176],[-35.48768404873399,-8.505935856146284],[-35.48756706618704,-8.50205201897412],[-35.48908783929718,-8.49463742073634],[-35.49095956004811,-8.49428434462978],[-35.50020118125576,-8.49805048976643],[-35.50055212889657,-8.48957666320897],[-35.502657814741355,-8.488282050818244],[-35.50558237841467,-8.48192668090015],[-35.501838936912826,-8.476277463195173],[-35.50020118125578,-8.478042843727982],[-35.48405758977907,-8.47510054283998],[-35.47130649216343,-8.470275169383644],[-35.45563083087445,-8.462389803003786],[-35.45375911012353,-8.460035962293386],[-35.447559035136095,-8.455563664943607],[-35.44545334929133,-8.45179751980696],[-35.44030611722627,-8.44661907024407],[-35.43866836156924,-8.443206001213987],[-35.43457397242659,-8.438262935722134],[-35.43223432148792,-8.433319870230289],[-35.42533235121891,-8.42672911624115],[-35.421237962076276,-8.43190756580404],[-35.418196415856016,-8.428259112702918],[-35.41246427105632,-8.428965264916032],[-35.40801893427289,-8.426022964028022],[-35.4055623007873,-8.42814142066739],[-35.407200056444346,-8.432849102088197],[-35.396203697032675,-8.431436797661961],[-35.38778095365356,-8.41778452154161],[-35.37245624000538,-8.424728351637313],[-35.3646184093609,-8.408957618877594],[-35.357014543810266,-8.421315282607216],[-35.35198429429216,-8.422609894997937],[-35.35046352118204,-8.425199119779387],[-35.34613516694554,-8.42767065252531]]]}},{"type":"Feature","properties":{"nome":"São José Da Coroa Grande","codigo_ibge":"2613404"},"geometry":{"type":"Polygon","coordinates":[[[-35.235001747359576,-8.883256522024231],[-35.24307354309791,-8.879725760958623],[-35.24611508931816,-8.87525346360885],[-35.247635862428275,-8.868780401655247],[-35.255005762885034,-8.863484260056827],[-35.2606209251378,-8.855598893676971],[-35.26377945390497,-8.85559889367698],[-35.13685339048309,-8.829471261791483],[-35.13533261737297,-8.834649711354368],[-35.13954398906256,-8.84171123348559],[-35.13954398906256,-8.843241229947344],[-35.13334391407512,-8.854421973321767],[-35.13205710605888,-8.860659651204346],[-35.13018538530793,-8.862307339701628],[-35.129249524932476,-8.866544252980361],[-35.13580054756072,-8.87372346714709],[-35.137321320670836,-8.87819576449687],[-35.14188364000121,-8.885728054770158],[-35.1443402734868,-8.899498022926037],[-35.1486686277233,-8.90302878399164],[-35.151359226302745,-8.907383389305883],[-35.15264603431901,-8.91385645125951],[-35.155219650351526,-8.909501845945258],[-35.15603852818004,-8.902793399920599],[-35.164812219199995,-8.896438030002502],[-35.17124625928129,-8.890553428226495],[-35.18154072341136,-8.888081895480571],[-35.18586907764786,-8.890082660084406],[-35.19008044933743,-8.888552663622653],[-35.19815224507579,-8.887375743267452],[-35.203065512046955,-8.888199587516095],[-35.20914860448745,-8.891730348581692],[-35.21148825542611,-8.888905739729209],[-35.22014496389911,-8.889258815835767],[-35.222133667196964,-8.887375743267446],[-35.235001747359576,-8.883256522024231]]]}},{"type":"Feature","properties":{"nome":"Surubim","codigo_ibge":"2614501"},"geometry":{"type":"Polygon","coordinates":[[[-35.80505769856215,-7.973614779488152],[-35.80891812261092,-7.970084018422544],[-35.80962001789253,-7.961492499829564],[-35.81734086599009,-7.957137894515316],[-35.81722388344314,-7.952430213094504],[-35.81429931976983,-7.947722531673692],[-35.81429931976982,-7.943250234323932],[-35.81874465655326,-7.937718708654476],[-35.81815974381862,-7.9305394944877365],[-35.811608721190375,-7.9288918059904505],[-35.808918122610926,-7.923242588285478],[-35.808216227329325,-7.916416450225308],[-35.81359742448822,-7.913121073230744],[-35.813831389582084,-7.909943388271692],[-35.81195966883118,-7.906765703312645],[-35.81184268628423,-7.90158725374976],[-35.81769181363089,-7.896173420115828],[-35.81757483108393,-7.8929957351567746],[-35.815118197598366,-7.891348046659496],[-35.817340865990076,-7.887228825416285],[-35.819329569287945,-7.873929625402497],[-35.82202016786737,-7.86498503070295],[-35.82412585371216,-7.861218885566308],[-35.82202016786739,-7.859571197069022],[-35.845884607441626,-7.808728237724264],[-35.84354495650299,-7.808845929759786],[-35.84319400886218,-7.812729766931953],[-35.83933358481342,-7.815083607642368],[-35.83044291124653,-7.813553611180595],[-35.82880515558948,-7.811199770470197],[-35.823073010789784,-7.808728237724274],[-35.818978621647126,-7.811788230647791],[-35.81348044194131,-7.811199770470187],[-35.8077482971416,-7.80649208904939],[-35.80225011743576,-7.8034320961258565],[-35.797336850464596,-7.80708054922698],[-35.79289151368116,-7.806374397013864],[-35.78762729906918,-7.810258234186035],[-35.77826869531458,-7.8099051580794745],[-35.77312146324955,-7.812494382860916],[-35.767155353355996,-7.810493618257072],[-35.75697787177285,-7.810022850114986],[-35.75229856989554,-7.809199005866353],[-35.750777796785435,-7.813906687287159],[-35.74516263453265,-7.815436683748929],[-35.742706001047075,-7.820850517382857],[-35.7391965246391,-7.823322050128776],[-35.738494629357504,-7.8168489881751695],[-35.734283257667926,-7.815907451891001],[-35.73217757182314,-7.817790524459334],[-35.73042283361916,-7.822615897915664],[-35.72562654919492,-7.8253228147326235],[-35.72574353174185,-7.826970503229903],[-35.7216491425992,-7.831560492615198],[-35.717905701097365,-7.8294420359758385],[-35.717086823268815,-7.826264351016782],[-35.711705626109946,-7.830501264295512],[-35.707962184608085,-7.831442800579677],[-35.701996074714536,-7.833914333325599],[-35.69953944122896,-7.837680478462259],[-35.69801866811882,-7.84274123598963],[-35.700475301604406,-7.848155069623561],[-35.69497712189856,-7.846860457232831],[-35.68772420398874,-7.847448917410436],[-35.68819213417648,-7.852156598831242],[-35.685735500690896,-7.858041200607255],[-35.68737325634795,-7.864514262560875],[-35.685384553050106,-7.869810404159283],[-35.69029782002126,-7.8778134625746645],[-35.690414802568206,-7.8828742201020265],[-35.689127994551924,-7.889700358162204],[-35.694977121898575,-7.894054963476451],[-35.691818593131394,-7.896997264364457],[-35.693924278976176,-7.899939565252477],[-35.69018083747434,-7.902175713927359],[-35.68737325634796,-7.907589547561291],[-35.68105619881359,-7.909943388271698],[-35.67813163514029,-7.91017877234273],[-35.67485612382615,-7.913591841372816],[-35.677078792217884,-7.91947644314883],[-35.6725164728875,-7.917593370580509],[-35.66561450261848,-7.9224187440368405],[-35.66421071205529,-7.924772584747244],[-35.65625589886388,-7.92559642899588],[-35.65625589886386,-7.927832577670763],[-35.65122564934576,-7.9330110272336585],[-35.652863405002826,-7.938777936974154],[-35.65532003848841,-7.940661009542478],[-35.65415021301907,-7.944309462643607],[-35.66795415355712,-7.945957151140893],[-35.67415422854457,-7.95125329273931],[-35.68012033843814,-7.954077901591788],[-35.6867883436133,-7.958550198941565],[-35.68936195964579,-7.959256351154679],[-35.7008262492452,-7.956902510444272],[-35.714045277048584,-7.95913865911916],[-35.72012836948908,-7.961610191865084],[-35.72831714777435,-7.963610956468926],[-35.73521911804339,-7.966082489214852],[-35.74071729774922,-7.9658471051438156],[-35.74949098876916,-7.970201710458064],[-35.75452123828725,-7.973967855594713],[-35.757796749601376,-7.974909391878871],[-35.763996824588816,-7.978793229051048],[-35.76692138826212,-7.975497852056482],[-35.77557809673514,-7.969730942315988],[-35.78669143869373,-7.969024790102864],[-35.798857623574726,-7.973144011346071],[-35.80505769856215,-7.973614779488152]]]}},{"type":"Feature","properties":{"nome":"Dormentes","codigo_ibge":"2605152"},"geometry":{"type":"Polygon","coordinates":[[[-40.42949476135503,-8.644459381953627],[-40.534662071047435,-8.66046549878439],[-40.57923242142878,-8.667291636844558],[-40.58730421716712,-8.665173180205198],[-40.75821571823567,-8.623510199631028],[-40.771551728586,-8.618096365997086],[-40.77880464649579,-8.610328691652752],[-40.784419808748574,-8.613153300505248],[-40.784068861107755,-8.609034079262031],[-40.785706616764834,-8.605503318196424],[-40.78301601818539,-8.60079563677561],[-40.78699342478109,-8.600207176598008],[-40.795416168160244,-8.595734879248244],[-40.79845771438047,-8.599147948278336],[-40.80407287663324,-8.59691179960344],[-40.80851821341669,-8.596794107567929],[-40.81062389926148,-8.592557194289194],[-40.809688038885994,-8.58537798012246],[-40.811208811996146,-8.583141831447572],[-40.819046642640615,-8.579728762417483],[-40.82454482234644,-8.573255700463879],[-40.83086187988083,-8.572078780108676],[-40.83717893741517,-8.568430327007547],[-40.84103936146396,-8.561957265053934],[-40.83986953599463,-8.5600741924856],[-40.84185823929247,-8.55466035885167],[-40.848175296826824,-8.554778050887188],[-40.84946210484311,-8.525825810149211],[-40.85238666851642,-8.445559841924396],[-40.86174527227103,-8.370707707333507],[-40.85729993548757,-8.37565077282536],[-40.85858674350386,-8.379652302033051],[-40.8501640001247,-8.380476146281687],[-40.843846942590346,-8.379181533890963],[-40.83741290250903,-8.381182298494805],[-40.82875619403604,-8.37376770025704],[-40.82337499687712,-8.365411565735096],[-40.82009948556302,-8.36352849316677],[-40.81916362518754,-8.360939268385327],[-40.820801380844614,-8.356584663071077],[-40.8192806077345,-8.352112365721307],[-40.81951457282836,-8.346698532087377],[-40.821971206313926,-8.341167006417923],[-40.822205171407795,-8.336106248890546],[-40.81834474735901,-8.33010395507902],[-40.81986552046916,-8.325043197551647],[-40.8178768171713,-8.320453208166356],[-40.80243512097618,-8.321983204628122],[-40.79284255212772,-8.31998244002428],[-40.79120479647066,-8.317275523207304],[-40.79120479647066,-8.313273993999621],[-40.786408512046414,-8.30644785593945],[-40.780559384699785,-8.302799402838318],[-40.78009145451206,-8.296326340884699],[-40.77120078094517,-8.297150185133342],[-40.76675544416174,-8.299268641772715],[-40.76383088048843,-8.303034786909356],[-40.76137424700284,-8.31480399046138],[-40.762193124831384,-8.318217059491474],[-40.75880063097032,-8.321747820557082],[-40.75611003239087,-8.326337809942366],[-40.75774778804792,-8.329280110830382],[-40.757981753141806,-8.336930093139191],[-40.75517417201542,-8.342226234737602],[-40.748389184293316,-8.341755466595517],[-40.74663444608933,-8.338695473672],[-40.74265703949364,-8.337165477210231],[-40.73832868525711,-8.341049314382408],[-40.72850215131479,-8.347522376336013],[-40.71692087916844,-8.35117082943714],[-40.713177437666616,-8.350700061295061],[-40.706860380132255,-8.347286992264982],[-40.703233921177336,-8.347286992264978],[-40.697735741471504,-8.35081775333058],[-40.69258850940648,-8.355172358644836],[-40.68615446932519,-8.358114659532845],[-40.686505416965986,-8.363293109095729],[-40.68100723726015,-8.365176181664058],[-40.68241102782334,-8.36941309494279],[-40.67621095283591,-8.374473852470151],[-40.67153165095862,-8.36988386308487],[-40.66732027926903,-8.370707707333503],[-40.66416175050185,-8.36906001883622],[-40.65831262315522,-8.37223770379527],[-40.65784469296749,-8.37600384893192],[-40.65924848353068,-8.379063841855451],[-40.65562202457576,-8.380711530352723],[-40.65234651326166,-8.379652302033051],[-40.64556152553958,-8.381064606459285],[-40.640882223662274,-8.375415388754313],[-40.637606712348145,-8.376945385216086],[-40.63561800905028,-8.37459154450568],[-40.63105568971993,-8.375768464860876],[-40.62906698642207,-8.371413859546621],[-40.626259405295684,-8.372473087866315],[-40.622281998699975,-8.368471558658621],[-40.61491209824322,-8.369413094942786],[-40.61116865674138,-8.372473087866306],[-40.608595040708856,-8.36835386662311],[-40.60531952939475,-8.366941562196853],[-40.6029798784561,-8.368824634765181],[-40.59982134968892,-8.367294638303418],[-40.597364716203344,-8.363999261308864],[-40.59420618743615,-8.368236174587583],[-40.58905895537112,-8.367530022374458],[-40.58718723462019,-8.364352337415411],[-40.581923020008226,-8.363410801131248],[-40.57747768322478,-8.364470029450938],[-40.57314932898828,-8.362940032989169],[-40.56496055070299,-8.366941562196853],[-40.564960550703006,-8.371413859546626],[-40.56285486485821,-8.372590779901827],[-40.55829254552784,-8.371884627688708],[-40.548115063944714,-8.376474617074004],[-40.54530748281832,-8.37600384893192],[-40.542382919145005,-8.377886921500242],[-40.54109611112874,-8.383418447169698],[-40.533258280484254,-8.381299990530332],[-40.534545088500515,-8.378004613535765],[-40.53208845501493,-8.373179240079429],[-40.53091862954561,-8.368353866623103],[-40.52892992624776,-8.366588486090299],[-40.52366571163578,-8.366353102019254],[-40.522027955978736,-8.36929540290727],[-40.51641279372597,-8.36964847901383],[-40.51302029986491,-8.371178475475583],[-40.51032970128547,-8.3683538666231],[-40.50553341686124,-8.368942326800699],[-40.501556010265524,-8.366235409983734],[-40.50015221970234,-8.36894232680071],[-40.49523895273116,-8.370119247155904],[-40.48786905227441,-8.364234645379891],[-40.48435957586645,-8.366117717948212],[-40.477106657956625,-8.361645420598443],[-40.47160847825078,-8.362586956882605],[-40.468449949483585,-8.365882333877174],[-40.464940473075636,-8.364352337415415],[-40.46248383959003,-8.360939268385327],[-40.45277428819462,-8.363528493166777],[-40.45148748017838,-8.365411565735098],[-40.444234562268555,-8.370590015297982],[-40.442362841517635,-8.375768464860883],[-40.43897034765658,-8.378357689642327],[-40.43791750473418,-8.38541921177354],[-40.43522690615474,-8.38965612505227],[-40.4297287264489,-8.395658418863805],[-40.42785700569799,-8.400130716213578],[-40.42259279108602,-8.402366864888453],[-40.409724710923435,-8.401896096746373],[-40.408554885454095,-8.406015317989581],[-40.40492842649918,-8.408486850735514],[-40.40024912462189,-8.407192238344793],[-40.39638870057313,-8.408133774628947],[-40.39580378783844,-8.416019141008801],[-40.393347154352874,-8.416136833044328],[-40.38738104445931,-8.411546843659035],[-40.38574328880225,-8.414724528618088],[-40.38012812654949,-8.416254525079848],[-40.380479074190276,-8.422021434820342],[-40.37299219118658,-8.429789109164682],[-40.37006762751327,-8.42872988084499],[-40.36492039544823,-8.431436797661961],[-40.36655815110529,-8.4386160118287],[-40.36316565724427,-8.440381392361505],[-40.35836937282003,-8.453327516268729],[-40.35965618083628,-8.46168365079067],[-40.355327826599755,-8.464861335749712],[-40.35357308839577,-8.467685944602206],[-40.35497687895897,-8.475335926911024],[-40.35743351244456,-8.48133822072255],[-40.35521084405282,-8.488282050818244],[-40.35743351244456,-8.496520493304665],[-40.35638066952215,-8.499698178263717],[-40.35287119311418,-8.500522022512351],[-40.3504145596286,-8.507818928714613],[-40.346554135579815,-8.509348925176369],[-40.35123343745712,-8.50899584906981],[-40.35825239027309,-8.506406624288362],[-40.36117695394639,-8.50687739243044],[-40.36527134308903,-8.504641243755557],[-40.368897802043946,-8.506171240217332],[-40.371120470435685,-8.501934326938594],[-40.375448824672176,-8.502758171187244],[-40.3755658072191,-8.510172769425017],[-40.37989416145562,-8.520058900408715],[-40.380596056737204,-8.52594350218473],[-40.379192266174016,-8.528297342895138],[-40.382233812394254,-8.532063488031786],[-40.383637602957464,-8.536300401310513],[-40.38808293974091,-8.541478850873409],[-40.39393206708753,-8.546186532294218],[-40.39931326424641,-8.549011141146705],[-40.409022815641826,-8.552424210176785],[-40.41171341422129,-8.55642573938447],[-40.417094611380165,-8.55972111637904],[-40.41943426231882,-8.565605718155055],[-40.42013615760043,-8.574197236748038],[-40.424815459477735,-8.580434914630612],[-40.426570197681734,-8.59032104561431],[-40.43066458682438,-8.595852571283764],[-40.433238202856884,-8.603384861557059],[-40.43943827784431,-8.609387155368594],[-40.4462232655664,-8.619155594316767],[-40.44610628301946,-8.62303943148894],[-40.44294775425228,-8.627747112909752],[-40.443064736799215,-8.632925562472641],[-40.437449574546456,-8.636456323538255],[-40.4321853599345,-8.643753229740508],[-40.42949476135503,-8.644459381953627]]]}},{"type":"Feature","properties":{"nome":"Caruaru","codigo_ibge":"2604106"},"geometry":{"type":"Polygon","coordinates":[[[-35.95818785249695,-7.990091664460994],[-35.949297178930046,-7.9920924290648365],[-35.94309710394263,-7.995740882165959],[-35.92917618085765,-7.993033965348992],[-35.925900669543545,-7.999389335267089],[-35.92051947238465,-8.001507791906459],[-35.91560620541346,-8.004685476865497],[-35.97035403737793,-8.11531599025454],[-35.985093838291434,-8.144150538957005],[-35.976203164724545,-8.166747409776901],[-35.922508175682495,-8.203231940788175],[-35.920987402572365,-8.20205502043298],[-35.92051947238464,-8.193816577946565],[-35.91700999597665,-8.1871081319219],[-35.87992652859902,-8.206291933711707],[-35.8514997696944,-8.27231716563857],[-35.8544243333677,-8.274788698384492],[-35.85594510647784,-8.278790227592179],[-35.86214518146526,-8.28255637272884],[-35.86249612910607,-8.287264054149642],[-35.85875268760421,-8.28785251432724],[-35.85664700175942,-8.29573788070711],[-35.85383942063305,-8.300680946198955],[-35.853488472992254,-8.303505555051435],[-35.85746587958795,-8.30597708779736],[-35.8633150069346,-8.314215530283775],[-35.87162076776682,-8.321277052415002],[-35.87606610455025,-8.329162418794855],[-35.87887368567663,-8.330457031185583],[-35.88378695264779,-8.33846008960095],[-35.88717944650883,-8.345286227661127],[-35.88671151632112,-8.347169300229456],[-35.8902209927291,-8.351053137401621],[-35.89478331205945,-8.353171594040994],[-35.89770787573278,-8.352465441827867],[-35.902972090344754,-8.353877746254112],[-35.90964009551991,-8.357055431213153],[-35.91092690353617,-8.35870311971044],[-35.918296803992924,-8.359880040065642],[-35.92098740257237,-8.365882333877172],[-35.93104790160858,-8.367176946267897],[-35.93794987187759,-8.370236939191427],[-35.9447348595997,-8.368118482552065],[-35.944734859599684,-8.358114659532832],[-35.95842181759079,-8.35799696749732],[-35.96415396239049,-8.357408507319724],[-35.97175782794111,-8.359056195817008],[-35.97128989775338,-8.37117847547559],[-35.96778042134542,-8.37459154450568],[-35.97128989775338,-8.380123070175122],[-35.98731650668317,-8.389067664874673],[-35.98755047177701,-8.395305342757245],[-35.99339959912364,-8.398836103822852],[-35.99562226751537,-8.388832280803626],[-35.992346756201265,-8.382476910885527],[-35.993048651482844,-8.373885392292557],[-35.99421847695218,-8.371884627688713],[-36.000301569392676,-8.369060018836223],[-36.00439595853531,-8.364470029450938],[-36.00895827786567,-8.36176311263397],[-36.021592392934416,-8.369060018836231],[-36.02978117121969,-8.36823617458758],[-36.034694438190876,-8.373296932114949],[-36.05329466315314,-8.376592309109526],[-36.06312119709548,-8.38377152327625],[-36.06148344143841,-8.362586956882613],[-36.074585486694886,-8.241717236403309],[-36.07470246924182,-8.23642109480489],[-36.075989277258074,-8.234891098343125],[-36.08066857913537,-8.234538022236569],[-36.08242331733937,-8.228182652318479],[-36.12266531348418,-8.187343515992945],[-36.13214089978572,-8.19099196909407],[-36.134948480912094,-8.189226588561262],[-36.13810700967929,-8.190168124845428],[-36.141733468634186,-8.186519671744302],[-36.14629578796457,-8.178869689435487],[-36.145476910136054,-8.17569200447643],[-36.14723164834003,-8.173102779694984],[-36.149103369090945,-8.164511261102014],[-36.15308077568666,-8.166276641634816],[-36.15740912992316,-8.164864337208575],[-36.15939783322101,-8.159921271716723],[-36.165129978020715,-8.160038963752246],[-36.16992626244495,-8.155331282331435],[-36.16980927989802,-8.152859749585502],[-36.17191496574282,-8.14721053188053],[-36.1783490058241,-8.144268230992527],[-36.17928486619955,-8.142149774353165],[-36.177647110542516,-8.136735940719229],[-36.17858297091797,-8.133205179653626],[-36.17647728507319,-8.128144422126258],[-36.17402065158758,-8.125555197344807],[-36.17051117517961,-8.1243782769896],[-36.167118681318556,-8.118964443355672],[-36.16629980349004,-8.113668301757256],[-36.16665075113085,-8.100722177850034],[-36.16980927989801,-8.096367572535778],[-36.172616861024395,-8.09554372828714],[-36.175307459603864,-8.080714531811596],[-36.17717918035478,-8.075065314106618],[-36.180688656762754,-8.071063784898927],[-36.17998676148117,-8.06517918312292],[-36.177179180354784,-8.060589193737625],[-36.17331875630601,-8.061177653915227],[-36.170511175179605,-8.05788227692066],[-36.16629980349004,-8.05905919727586],[-36.16559790820844,-8.05399843974849],[-36.17097910536734,-8.049643834434239],[-36.16700169877165,-8.048584606114554],[-36.160918606331144,-8.049879218505284],[-36.15834499029863,-8.04752537779488],[-36.15811102520477,-8.043641540622703],[-36.155654391719175,-8.040110779557104],[-36.15425060115598,-8.032225413177239],[-36.148284491262416,-8.03246079724828],[-36.145710875229895,-8.029283112289232],[-36.146061822870685,-8.02634081140123],[-36.140680625711795,-8.024222354761863],[-36.137288131850745,-8.019632365376573],[-36.134012620536645,-8.018926213163457],[-36.13132202195718,-8.016101604310974],[-36.13319374270812,-8.012217767138793],[-36.13237486487959,-8.009746234392871],[-36.1288653884716,-8.009393158286308],[-36.12617478989216,-8.003979324652388],[-36.12266531348417,-8.004920860936547],[-36.12032566254554,-8.002567020226138],[-36.115880325762106,-8.000801639693332],[-36.1155293781213,-7.997035494556691],[-36.111785936619434,-7.996682418450129],[-36.10909533804,-8.004332400758939],[-36.097631048440604,-8.0046854768655],[-36.09634424042435,-8.006450857398303],[-36.10102354230163,-8.011393922890157],[-36.097514065893655,-8.014453915813684],[-36.09178192109397,-8.0151600680268],[-36.08207236969856,-8.022221590158026],[-36.077977980555914,-8.018102368914816],[-36.073298678678626,-8.015748528204407],[-36.06557783058107,-8.015042375991282],[-36.060547581062956,-8.01268853528088],[-36.04288321647614,-8.00621547332726],[-36.03516236837861,-8.006921625540384],[-36.0162111957755,-8.005038552972058],[-36.01129792880433,-8.003979324652374],[-36.009543190600354,-8.000330871551254],[-36.008841295318746,-7.993975501633158],[-36.01176585899208,-7.987620131715067],[-36.011063963710455,-7.979734765335204],[-36.00544880145772,-7.97632169630512],[-36.000301569392676,-7.977616308695835],[-35.993048651482844,-7.982206298081133],[-35.9771390251,-7.984442446756019],[-35.965908700594476,-7.988208591892672],[-35.95818785249695,-7.990091664460994]]]}},{"type":"Feature","properties":{"nome":"São José do Egito","codigo_ibge":"2613602"},"geometry":{"type":"Polygon","coordinates":[[[-37.3769521816956,-7.626540966738906],[-37.38397113451156,-7.626305582667872],[-37.38607682035635,-7.6281886552361895],[-37.394616546282414,-7.629836343733477],[-37.398009040143464,-7.63466171718981],[-37.40128455145758,-7.636309405687087],[-37.40842048682046,-7.635367869402933],[-37.411111085399924,-7.641840931356543],[-37.41649228255883,-7.64278246764071],[-37.420469689154515,-7.63642709772261],[-37.42725467687662,-7.632425568514919],[-37.42596786886037,-7.6287771154137936],[-37.4267867466889,-7.624187126028501],[-37.42924338017446,-7.622304053460179],[-37.42713769432969,-7.617831756110405],[-37.429360362721404,-7.612535614511994],[-37.43403966459871,-7.607357164949108],[-37.43532647261497,-7.599118722462689],[-37.43813405374135,-7.596058729539156],[-37.43076415328458,-7.589938743692101],[-37.43193397875391,-7.5851133702357725],[-37.43181699620699,-7.579934920672891],[-37.4333377693171,-7.578051848104565],[-37.4333377693171,-7.568518793227418],[-37.430998118378454,-7.5631049595934865],[-37.430296223096875,-7.558044202066113],[-37.43263587403552,-7.552041908254576],[-37.43322078677017,-7.545333462229924],[-37.43813405374135,-7.543215005590565],[-37.44047370468,-7.53874270824079],[-37.445620936745044,-7.53909578434735],[-37.44994929098152,-7.535565023281749],[-37.42526597357877,-7.504612017939913],[-37.376367268960934,-7.473776704633616],[-37.36420108407993,-7.409516853239543],[-37.36326522370449,-7.407045320493619],[-37.364669014267655,-7.399513030220333],[-37.36630676992472,-7.395158424906081],[-37.366306769924726,-7.389626899236629],[-37.36759357794097,-7.3878615187038275],[-37.367827543034856,-7.3792700001108384],[-37.35741609635786,-7.377622311613564],[-37.357065148717034,-7.373032322228267],[-37.35917083456184,-7.369619253198178],[-37.35683118362319,-7.367383104523301],[-37.354608515231476,-7.358909277965833],[-37.35226886429281,-7.3542015965450345],[-37.346068789305384,-7.369736945233708],[-37.33904983648942,-7.36867771691402],[-37.33694415064465,-7.367147720452254],[-37.32442701812285,-7.366206184168094],[-37.31389858889891,-7.36667695231018],[-37.30477395023817,-7.37962307621741],[-37.29003414932466,-7.395276116941602],[-37.27038108144,-7.39351073640879],[-37.257863948918185,-7.393863812515357],[-37.24850534516361,-7.396688421367843],[-37.24558078149027,-7.399159954113762],[-37.238678811221234,-7.406927628458103],[-37.231542875858366,-7.410340697488187],[-37.22698055652799,-7.413753766518278],[-37.217037040038704,-7.4135183824472355],[-37.21434644145927,-7.414459918731404],[-37.20779541883104,-7.411635309878915],[-37.20218025657827,-7.412576846163077],[-37.19492733866845,-7.425522970070309],[-37.19715000706019,-7.427052966532065],[-37.19843681507642,-7.430936803704233],[-37.19598018159086,-7.439175246190651],[-37.193406565558334,-7.44388292761147],[-37.18556873491385,-7.452709830275478],[-37.18217624105281,-7.452945214346521],[-37.171647811828855,-7.450238297529557],[-37.1542174123359,-7.454357518772768],[-37.15749292365002,-7.459182892229097],[-37.1580778363847,-7.4635374975433475],[-37.16228920807427,-7.46436134179199],[-37.16299110335584,-7.47071671171008],[-37.160183522229474,-7.472011324100806],[-37.159013696760155,-7.47565977720194],[-37.16065145241721,-7.477778233841301],[-37.16228920807424,-7.484015911723879],[-37.158077836384685,-7.487311288718442],[-37.16018352222948,-7.49543203916934],[-37.13947761142241,-7.484839755972523],[-37.1340964142635,-7.483427451546271],[-37.12625858361902,-7.479778998445149],[-37.026121523444715,-7.497315111737669],[-37.03512917955853,-7.499668952448072],[-37.04320097529687,-7.503905865726796],[-37.05384638706773,-7.504612017939917],[-37.05840870639811,-7.507672010863454],[-37.06332197336928,-7.514262764852575],[-37.06987299599749,-7.517440449811625],[-37.079231599752106,-7.516616605562979],[-37.08625055256806,-7.517793525918182],[-37.09455631340026,-7.522148131232441],[-37.1061375855466,-7.531092725931973],[-37.118303770427595,-7.53438810292654],[-37.12157928174172,-7.536153483459344],[-37.12883219965153,-7.542744237448476],[-37.13713796048375,-7.555219593213631],[-37.1417002798141,-7.558985738350283],[-37.15339853450739,-7.566047260481491],[-37.1635760160905,-7.574756471109987],[-37.173285567485905,-7.587937979088262],[-37.17901771228563,-7.597117957858843],[-37.18311210142825,-7.613006382654081],[-37.186153647648524,-7.618420216288005],[-37.19270467027673,-7.62383404992194],[-37.19668207687244,-7.629600959662441],[-37.197968884888695,-7.635250177367399],[-37.19726698960711,-7.645489384457667],[-37.195161303762305,-7.652080138446803],[-37.19270467027673,-7.654787055263771],[-37.18779140330557,-7.657611664116262],[-37.18007055520801,-7.667144718993391],[-37.176795043893904,-7.672793936698366],[-37.176327113706186,-7.679266998651978],[-37.17410444531445,-7.68432775617936],[-37.165330754294516,-7.694096195127535],[-37.16100240005802,-7.697980032299707],[-37.15456835997671,-7.70645385885716],[-37.15047397083406,-7.715986913734301],[-37.15468534252364,-7.716575373911904],[-37.16030050477641,-7.709043083638609],[-37.164043946278255,-7.7052769385019575],[-37.17305160239205,-7.704100018146763],[-37.18100641558346,-7.706218474786118],[-37.19118389716661,-7.712456152668692],[-37.194927338668464,-7.710455388064861],[-37.20358404714147,-7.702570021684999],[-37.207327488643315,-7.700098488939068],[-37.21516531928781,-7.6973915721221084],[-37.21949367352429,-7.691977738488174],[-37.22534280087093,-7.6892708216712045],[-37.233765544250076,-7.687740825209444],[-37.238561828674314,-7.687858517244959],[-37.31366462380505,-7.595234885290518],[-37.31436651908665,-7.59853026228509],[-37.31764203040077,-7.601119487066529],[-37.32126848935566,-7.601119487066537],[-37.329808215281744,-7.599236414498215],[-37.33261579640812,-7.60135487113757],[-37.345132928929935,-7.6032379437058895],[-37.3496952482603,-7.605121016274217],[-37.3503971435419,-7.6093579295529485],[-37.35648023598238,-7.612417922476477],[-37.35648023598239,-7.615124839293439],[-37.35928781710878,-7.618890984430093],[-37.367242630300176,-7.62065636496289],[-37.37332572274069,-7.623010205673302],[-37.3769521816956,-7.626540966738906]]]}},{"type":"Feature","properties":{"nome":"Paulista","codigo_ibge":"2610707"},"geometry":{"type":"Polygon","coordinates":[[[-35.031920045884554,-7.927008733422127],[-35.025252040709404,-7.925714121031412],[-35.0238482501462,-7.918181830758115],[-35.01823308789343,-7.915827990047701],[-35.00782164121644,-7.916651834296351],[-34.99741019453943,-7.919005675006746],[-34.98559495729925,-7.9201825953619505],[-34.96512301158603,-7.916651834296344],[-34.96184750027193,-7.915592605976658],[-34.95775311112927,-7.920064903326436],[-34.95003226303173,-7.920064903326434],[-34.94324727530962,-7.924419508640689],[-34.93868495597926,-7.926184889173493],[-34.933888671555025,-7.924890276782768],[-34.928624456943055,-7.925831813066928],[-34.927454631473736,-7.928185653777326],[-34.923594207424955,-7.929951034310137],[-34.91856395790687,-7.9271264254576455],[-34.915756376780486,-7.927126425457647],[-34.912831813107175,-7.929951034310145],[-34.9125978480133,-7.934423331659901],[-34.90639777302587,-7.935482559979586],[-34.904175104634135,-7.932304875020541],[-34.89949580275684,-7.929715650239093],[-34.897741064552854,-7.927361809528685],[-34.895401413614216,-7.920771055539557],[-34.89645425653659,-7.9178287546515485],[-34.89341271031636,-7.912885689159705],[-34.88849944334519,-7.911591076768976],[-34.88487298439028,-7.9140626095149],[-34.88054463015374,-7.913474149337295],[-34.87270679950926,-7.90994338827169],[-34.865687846693305,-7.911473384733451],[-34.861008544816016,-7.909708004200647],[-34.863114230660806,-7.903941094460153],[-34.861008544816016,-7.8972326484355],[-34.865219916505595,-7.896173420115824],[-34.86627275942799,-7.891112662588447],[-34.861944405191466,-7.889111897984608],[-34.859253806612024,-7.8826388360309885],[-34.855861312750974,-7.877342694432575],[-34.855042434922446,-7.871575784692082],[-34.84416305805772,-7.86592656698712],[-34.840770564196674,-7.861218885566302],[-34.84170642457213,-7.856981972287577],[-34.84077056419669,-7.844388924486902],[-34.836910140147886,-7.843094312096184],[-34.833985576474575,-7.8583942767138195],[-34.83398557647458,-7.869104251946157],[-34.83094403025434,-7.875930390006338],[-34.824509990173055,-7.884521908599314],[-34.82357412979758,-7.894761115689573],[-34.82486093781385,-7.903941094460159],[-34.821117496312,-7.912650305088662],[-34.82018163593655,-7.917475678544994],[-34.820181635936535,-7.925714121031404],[-34.82322318215679,-7.936541788299266],[-34.822755251969056,-7.942426390075281],[-34.82532886800156,-7.950547140526176],[-34.828370414221816,-7.953842517520751],[-34.82801946658102,-7.959138659119165],[-34.8308270477074,-7.95772635469292],[-34.837846000523356,-7.960786347616446],[-34.84077056419666,-7.96090403965196],[-34.84544986607398,-7.957255586550833],[-34.850948045779816,-7.954666361769393],[-34.85539338256324,-7.955019437875958],[-34.85796699859577,-7.967141717534542],[-34.85118201087368,-7.967612485676621],[-34.86416707358319,-7.974674007807835],[-34.86755956744423,-7.967494793641093],[-34.872472834415404,-7.969966326387028],[-34.869665253289035,-7.97608631223408],[-34.872823782056216,-7.9763216963051216],[-34.872940764603136,-7.980087841441772],[-34.875397398088715,-7.980793993654886],[-34.88183143817002,-7.975615544092002],[-34.883937124014814,-7.976321696305116],[-34.895284431067275,-7.975733236127519],[-34.90382415699336,-7.978557844980005],[-34.91388465602954,-7.979381689228643],[-34.91283181310717,-7.9698486343515045],[-34.91014121452771,-7.953136365307621],[-34.909205354152256,-7.943956386537044],[-34.91119405745012,-7.939131013080718],[-34.91610732442127,-7.934776407766462],[-34.91844697535993,-7.93595332812167],[-34.92546592817589,-7.9339525635178205],[-34.92745463147373,-7.935717944050628],[-34.93388867155501,-7.932540259091577],[-34.9381000432446,-7.9330110272336665],[-34.94277934512191,-7.930068726345653],[-34.948394507374665,-7.92948026616805],[-34.95225493142345,-7.935482559979585],[-34.95845500641088,-7.935953328121671],[-34.96020974461487,-7.938189476796554],[-34.96781361016549,-7.941837929897683],[-34.97717221392009,-7.939601781222798],[-34.979628847405685,-7.941131777684555],[-34.9847760794707,-7.939484089187278],[-34.98629685258084,-7.941014085649045],[-34.990976154458146,-7.938307168832082],[-34.99144408464586,-7.934894099801991],[-35.00010079311889,-7.929244882097017],[-35.00396121716765,-7.925949505102454],[-35.00723672848178,-7.925125660853805],[-35.01589343695479,-7.925949505102443],[-35.02115765156674,-7.932422567056067],[-35.02571997089713,-7.9320694909495],[-35.029112464758185,-7.933364103340229],[-35.031920045884554,-7.927008733422127]]]}},{"type":"Feature","properties":{"nome":"Tupanatinga","codigo_ibge":"2615805"},"geometry":{"type":"Polygon","coordinates":[[[-37.36852943831644,-8.418372981719214],[-37.36314824115753,-8.40566224188302],[-37.36139350295357,-8.405779933918549],[-37.348408440244036,-8.402484556923978],[-37.34010267941183,-8.404603013563335],[-37.333434674236656,-8.40307301710158],[-37.3213854719026,-8.402131480817413],[-37.313547641258104,-8.400130716213576],[-37.30886833938082,-8.400248408249098],[-37.30594377570749,-8.397306107361086],[-37.29494741629583,-8.394716882579635],[-37.293426643185725,-8.391892273727153],[-37.28898130640228,-8.390009201158836],[-37.28079252811698,-8.388008436554987],[-37.276113226239694,-8.39295150204683],[-37.27248676728477,-8.392245349833717],[-37.261724372966974,-8.399542256035973],[-37.255056367791816,-8.390479969300916],[-37.24944120553906,-8.390597661336429],[-37.240901479612965,-8.397541491432122],[-37.235169334813264,-8.398129951609729],[-37.232829683874606,-8.402837633030536],[-37.223354097573086,-8.405309165776469],[-37.2488562928044,-8.48192668090015],[-37.27775098189674,-8.569371863291703],[-37.30184938656487,-8.642458617349787],[-37.29015113187159,-8.661289343033026],[-37.28746053329214,-8.685298518279161],[-37.285120882353496,-8.692713116516941],[-37.28886432385535,-8.696950029795659],[-37.28196235358632,-8.712249994413297],[-37.27658115642742,-8.719076132473473],[-37.27307168001943,-8.726490730711259],[-37.26932823851759,-8.729315339563742],[-37.26792444795441,-8.73213994841623],[-37.25833187910594,-8.741555311257839],[-37.2550563677918,-8.741790695328886],[-37.24499586875561,-8.744968380287926],[-37.23587123009486,-8.747322220998333],[-37.22967115510743,-8.746145300643132],[-37.22850132963813,-8.743438383826176],[-37.22159935936908,-8.746498376749697],[-37.21235773816143,-8.743202999755125],[-37.207210506096374,-8.745086072323458],[-37.1997236230927,-8.745556840465538],[-37.19925569290495,-8.748499141353532],[-37.19434242593378,-8.749205293566655],[-37.188727263681024,-8.752971438703309],[-37.1839309792568,-8.75155913427706],[-37.178315817004034,-8.755913739591316],[-37.179368659926425,-8.757561428088605],[-37.17468935804912,-8.765917562610536],[-37.16872324815556,-8.764622950219815],[-37.16474584155984,-8.76732986703678],[-37.16088541751108,-8.766506022788134],[-37.153749482148186,-8.768271403320943],[-37.15597215053988,-8.770625244031345],[-37.15749292365004,-8.778981378553288],[-37.15070793592795,-8.786395976791063],[-37.15187776139726,-8.788396741394905],[-37.14778337225461,-8.793810575028836],[-37.142870105283436,-8.797694412201013],[-37.14193424490798,-8.800048252911415],[-37.1355002048267,-8.80381439804806],[-37.13292658879416,-8.807227467078151],[-37.12801332182301,-8.80746285114919],[-37.12029247372546,-8.811582072392406],[-37.11666601477054,-8.810405152037191],[-37.11561317184814,-8.820644359127462],[-37.11268860817484,-8.822762815766831],[-37.11105085251779,-8.827117421081072],[-37.107658358656735,-8.829588953827],[-37.0992356152776,-8.832413562679484],[-37.09701294688586,-8.835355863567493],[-37.09783182471439,-8.838768932597585],[-37.091982697367754,-8.844418150302548],[-37.09256761010242,-8.84677199101295],[-37.08695244784967,-8.854068897215207],[-37.08437883181713,-8.854892741463852],[-37.08203918087848,-8.860541959168827],[-37.0781787568297,-8.866779637051403],[-37.08519770964566,-8.87395885121813],[-37.083559953988626,-8.876901152106141],[-37.08379391908249,-8.881491141491427],[-37.08660150020888,-8.885492670699122],[-37.085782622380336,-8.89055342822649],[-37.088239255865915,-8.895378801682824],[-37.083559953988605,-8.900674943281238],[-37.084729779457945,-8.903852628240278],[-37.082507111066214,-8.908560309661095],[-37.08133728559689,-8.918328748609275],[-37.08355995398862,-8.920917973390726],[-37.08788830822513,-8.929274107912658],[-37.085080727098735,-8.936571014114909],[-37.08554865728648,-8.939160238896362],[-37.089175116241385,-8.942455615890932],[-37.08976002897605,-8.946221761027576],[-37.092333645008566,-8.949517138022141],[-37.093269505384036,-8.954460203513996],[-37.101224318575454,-8.960227113254485],[-37.107424393562866,-8.958226348650642],[-37.11444334637881,-8.95999172918345],[-37.11830377042761,-8.957284812366476],[-37.122983072304905,-8.956814044224394],[-37.12391893268036,-8.954107127407429],[-37.127194443994476,-8.953400975194317],[-37.135266239732836,-8.947751757489339],[-37.14099838453252,-8.945515608814455],[-37.14368898311196,-8.94681022120517],[-37.147666389707695,-8.945280224743415],[-37.15211172649112,-8.946810221205174],[-37.15538723780522,-8.94563330084997],[-37.15796085383776,-8.939984083145001],[-37.16439489391903,-8.939277930931878],[-37.16942514343715,-8.941043311464677],[-37.1753912533307,-8.934217173404503],[-37.17726297408164,-8.929627184019214],[-37.180304520301874,-8.925625654811526],[-37.185919682554655,-8.924448734456323],[-37.18849329858716,-8.916916444183032],[-37.195395268856196,-8.912914914975342],[-37.198553797623376,-8.905618008773088],[-37.198553797623376,-8.90020417513915],[-37.20545576789238,-8.897850334428753],[-37.21083696505128,-8.891494964510658],[-37.21282566834914,-8.887964203445053],[-37.21528230183473,-8.888199587516093],[-37.220078586258964,-8.88502190255704],[-37.22054651644669,-8.8778426883903],[-37.224289957948535,-8.874194235289178],[-37.224757888136274,-8.871958086614297],[-37.22230125465068,-8.866897329086918],[-37.227331504168795,-8.86689732908692],[-37.22744848671572,-8.861248111381949],[-37.2241729754016,-8.859129654742585],[-37.224991853230144,-8.85418658925073],[-37.228969259825845,-8.849125831723361],[-37.23247873623382,-8.846654298977437],[-37.23552028245407,-8.841358157379027],[-37.23294666642155,-8.837356628171332],[-37.23891277631512,-8.825705116654834],[-37.241720357441515,-8.82276281576682],[-37.24569776403721,-8.821350511340581],[-37.25026008336757,-8.816407445848725],[-37.2514299088369,-8.812288224605526],[-37.25493938524489,-8.812288224605528],[-37.27096599417465,-8.818761286559138],[-37.27119995926852,-8.820291283020895],[-37.27962270264766,-8.818408210452574],[-37.2833661441495,-8.81934974673673],[-37.283834074337236,-8.82252743169578],[-37.28968320168385,-8.825469732583793],[-37.294830433748885,-8.824645888335153],[-37.29740404978143,-8.82276281576682],[-37.30325317712804,-8.823233583908904],[-37.31190988560105,-8.827588189223153],[-37.3181099605885,-8.827588189223151],[-37.321034524261805,-8.835591247638533],[-37.32629873887376,-8.839004316668616],[-37.33589130772224,-8.835120479496455],[-37.34033664450568,-8.8371212441003],[-37.34255931289742,-8.834296635247814],[-37.34677068458697,-8.83288433082157],[-37.3496952482603,-8.82605819276139],[-37.35566135815386,-8.825587424619307],[-37.35765006145171,-8.823115891873385],[-37.363499188798336,-8.819938206914335],[-37.36525392700232,-8.812523608676564],[-37.41169599813459,-8.814877449386971],[-37.406431783522606,-8.738730702405356],[-37.39835998778427,-8.623745583702068],[-37.390522157139785,-8.510878921638136],[-37.36852943831644,-8.418372981719214]]]}},{"type":"Feature","properties":{"nome":"Bom Conselho","codigo_ibge":"2602100"},"geometry":{"type":"Polygon","coordinates":[[[-36.87977635723202,-9.276347920661895],[-36.88176506052985,-9.276112536590864],[-36.88316885109307,-9.263990256932281],[-36.872523439322194,-9.167953555947742],[-36.76899388528683,-9.137471318748002],[-36.78455256402886,-9.113226759430818],[-36.781160070167815,-9.106282929335125],[-36.776012838102794,-9.104988316944407],[-36.77765059375984,-9.101339863843277],[-36.777182663572134,-9.098515254990797],[-36.773673187164135,-9.09769141074215],[-36.76957879802149,-9.092395269143736],[-36.760922089548494,-9.094278341712068],[-36.75039366032454,-9.088040663829482],[-36.74992573013682,-9.082273754088993],[-36.746767201369636,-9.076742228419535],[-36.746065306088035,-9.072505315140818],[-36.74384263769632,-9.070975318679055],[-36.7437256551494,-9.067562249648958],[-36.74009919619447,-9.062148416015027],[-36.734601016488654,-9.060853803624305],[-36.735536876864124,-9.057793810700785],[-36.7244235349055,-9.046495375290837],[-36.7197442330282,-9.037433088555783],[-36.716000791526355,-9.03413771156121],[-36.71155545474292,-9.028370801820715],[-36.71097054200827,-9.025546192968237],[-36.70500443211469,-9.02107389561846],[-36.68839291045027,-9.020367743405341],[-36.69003066610733,-9.033313867312568],[-36.691551439217434,-9.041316925727951],[-36.691200491576666,-9.051085364676121],[-36.68932877082573,-9.068739170004173],[-36.69178540431132,-9.07497684788674],[-36.70219685098832,-9.091336040824055],[-36.704536501926974,-9.096396798351433],[-36.70687615286561,-9.11357983553738],[-36.70324969391071,-9.115698292176752],[-36.69763453165795,-9.114521371821548],[-36.695060915625426,-9.116169060318827],[-36.68406455621376,-9.119935205455478],[-36.679034306695655,-9.122642122272438],[-36.67669465575702,-9.125231347053896],[-36.671664406238904,-9.124878270947333],[-36.667219069455456,-9.12323058245004],[-36.66312468031283,-9.125819807231494],[-36.65657365768459,-9.127702879799813],[-36.654935902027525,-9.125466731124934],[-36.64990565250943,-9.125584423160452],[-36.64417350770975,-9.122642122272442],[-36.63855834545698,-9.121700585988282],[-36.632826200657284,-9.117110596602988],[-36.62697707331065,-9.114756755892593],[-36.62335061435574,-9.118052132887149],[-36.62194682379255,-9.121347509881721],[-36.616214678992854,-9.116286752354354],[-36.608259865801436,-9.121700585988286],[-36.56322158523238,-9.118993669171317],[-36.53304008812376,-9.10133986384328],[-36.53023250699738,-9.103576012518163],[-36.533391035764566,-9.10910753818762],[-36.528360786246466,-9.111343686862494],[-36.526606048042474,-9.109931382436253],[-36.52274562399368,-9.119817513419962],[-36.5159606362716,-9.122877506343492],[-36.51689649664705,-9.126408267409092],[-36.51315305514522,-9.12958595236814],[-36.51139831694123,-9.138059778925605],[-36.51724744428786,-9.139825159458399],[-36.51748140938172,-9.144062072737139],[-36.51245115986363,-9.147357449731695],[-36.512568142410565,-9.151829747081463],[-36.5142058980676,-9.159715113461322],[-36.50999452637803,-9.163010490455898],[-36.50566617214154,-9.162186646207253],[-36.50332652120287,-9.165364331166293],[-36.50753789289245,-9.169954320551591],[-36.50683599761088,-9.174426617901355],[-36.51315305514522,-9.178663531180081],[-36.51537572353694,-9.182194292245692],[-36.519704077773454,-9.182194292245697],[-36.52567018766701,-9.184665824991624],[-36.52052295560197,-9.192668883406993],[-36.52262864144676,-9.195611184295],[-36.52005502541423,-9.199377329431655],[-36.52438337965075,-9.205968083420784],[-36.52063993814891,-9.206909619704946],[-36.52017200796118,-9.211617301125758],[-36.524032432009946,-9.215501138297927],[-36.520639938148896,-9.223621888748818],[-36.51584365372468,-9.227388033885472],[-36.513620985332956,-9.232095715306281],[-36.507303927798596,-9.234331863981165],[-36.50999452637805,-9.240334157792711],[-36.51151529948817,-9.248690292314642],[-36.511398316941246,-9.251985669309216],[-36.508473753267914,-9.256104890552422],[-36.50777185798633,-9.260577187902188],[-36.500401957529576,-9.262813336577079],[-36.49958307970103,-9.265284869322999],[-36.553161086196184,-9.282585598544477],[-36.571878293705396,-9.292589421563695],[-36.57304811917473,-9.297414795020034],[-36.57445190973792,-9.309537074678612],[-36.57141036351766,-9.316010136632231],[-36.56825183475049,-9.318246285307117],[-36.5668480441873,-9.32177704637272],[-36.56661407909342,-9.331427793285387],[-36.57246320644007,-9.332133945498509],[-36.57772742105202,-9.334605478244434],[-36.584629391321045,-9.335664706564113],[-36.58626714697809,-9.338136239310037],[-36.59153136159008,-9.334723170279954],[-36.594572907810324,-9.337312395061394],[-36.59831634931214,-9.336841626919314],[-36.6031126337364,-9.34072546409148],[-36.60650512759746,-9.340725464091483],[-36.608259865801436,-9.337900855238994],[-36.608610813442226,-9.33284009771163],[-36.61282218513181,-9.333899326031315],[-36.615629766258195,-9.329073952574984],[-36.615044853523514,-9.323660118941048],[-36.61937320776002,-9.326602419829058],[-36.624988370012794,-9.327779340184254],[-36.62487138746586,-9.331780869391947],[-36.628497846420764,-9.331780869391949],[-36.628731811514655,-9.328250108326332],[-36.634580938861276,-9.326955495935609],[-36.63586774687752,-9.323071658763453],[-36.641833856771086,-9.319776281768883],[-36.644641437897455,-9.314362448134947],[-36.649788669962504,-9.315421676454633],[-36.65458495438673,-9.312714759637661],[-36.658913308623234,-9.316010136632235],[-36.66312468031283,-9.314127064063905],[-36.67037759822264,-9.313185527779746],[-36.67260026661438,-9.309654766714134],[-36.67482293500608,-9.310243226891737],[-36.67763051613247,-9.307065541932683],[-36.6874570500748,-9.300827864050111],[-36.689211788278804,-9.296473258735869],[-36.69974021750273,-9.293060189705786],[-36.76174096737702,-9.271404855170053],[-36.796835731456795,-9.280467141905106],[-36.83602488467922,-9.288587892356002],[-36.839768326181044,-9.288234816249451],[-36.84082116910346,-9.285174823325924],[-36.84421366296451,-9.28235021447343],[-36.846787278997006,-9.27776022508814],[-36.853221319078294,-9.276112536590865],[-36.856028900204706,-9.272934851631819],[-36.85836855114333,-9.272699467560775],[-36.86749318980407,-9.268580246317567],[-36.87299136950992,-9.26869793835308],[-36.8750970553547,-9.274347156058056],[-36.87977635723202,-9.276347920661895]]]}},{"type":"Feature","properties":{"nome":"Custódia","codigo_ibge":"2605103"},"geometry":{"type":"Polygon","coordinates":[[[-37.811425361003295,-8.080949915882632],[-37.806395111485195,-8.08318606455751],[-37.80323658271801,-8.082715296415424],[-37.800545984138566,-8.0796553034919],[-37.799259176122305,-8.072829165431733],[-37.79610064735512,-8.068239176046442],[-37.79656857754286,-8.0610599618797],[-37.79153832802474,-8.056705356565452],[-37.79516478697967,-8.050232294611845],[-37.794813839338865,-8.047525377794873],[-37.79013453746157,-8.041287699912298],[-37.783583514833325,-8.04046385566366],[-37.784402392661846,-8.031636952999637],[-37.77831930022137,-8.028930036182674],[-37.77621361437659,-8.025281583081542],[-37.767205958262785,-8.017513908737211],[-37.76077191818148,-8.018455445021372],[-37.75445486064712,-8.022927742371147],[-37.74895668094128,-8.022927742371138],[-37.739013164452004,-8.01833775298585],[-37.73082438616674,-8.015748528204401],[-37.72556017155476,-8.015160068026805],[-37.7195940616612,-8.011040846783597],[-37.70462029565384,-8.003743940581334],[-37.700174958870385,-7.99020935649651],[-37.69830323811946,-7.987031671537467],[-37.69151825039738,-7.983853986578411],[-37.68648800087928,-7.979852457370732],[-37.68110680372037,-7.979734765335201],[-37.68309550701823,-7.973026319310549],[-37.678416205140934,-7.969377866209423],[-37.67338595562282,-7.970201710458069],[-37.670227426855625,-7.968554021960775],[-37.671631217418835,-7.960786347616444],[-37.67373690326362,-7.957844046728438],[-37.6711632872311,-7.95384251752075],[-37.66367640422741,-7.953018673272101],[-37.66028391036635,-7.948546375922343],[-37.65852917216238,-7.940307933435926],[-37.65268004481573,-7.941720237862155],[-37.651510219346434,-7.939484089187282],[-37.651276254252565,-7.93042180245221],[-37.647649795297646,-7.9258318130669325],[-37.6406308424817,-7.924066432534128],[-37.63934403446544,-7.921594899788191],[-37.639110069371576,-7.915827990047701],[-37.63501568022892,-7.912650305088662],[-37.63513266277585,-7.905941859064009],[-37.63045336089854,-7.900292641359035],[-37.62670991939672,-7.897703416577586],[-37.62109475714393,-7.895584959938227],[-37.616532437813575,-7.89593803604478],[-37.608811589716005,-7.891348046659489],[-37.6051851307611,-7.884051140457234],[-37.60073979397767,-7.882285759924434],[-37.59430575389638,-7.877342694432577],[-37.58892455673748,-7.874047317438008],[-37.58354335957858,-7.875459621864259],[-37.586233958158026,-7.8831096041730735],[-37.58529809778255,-7.890877278517414],[-37.579331987889006,-7.890759586481884],[-37.57523759874637,-7.898880336932794],[-37.568920541212,-7.901116485607669],[-37.567867698289604,-7.913238765266265],[-37.56704882046108,-7.916063374118751],[-37.5588600421758,-7.920064903326436],[-37.55254298464144,-7.921477207752677],[-37.55160712426597,-7.923713356427566],[-37.55967892000433,-7.931834106878469],[-37.56330537895925,-7.939601781222792],[-37.55464867048623,-7.944074078572562],[-37.563773309146974,-7.949958680348576],[-37.56693183791416,-7.9536071334497045],[-37.577694232231956,-7.960904039651961],[-37.58132069118684,-7.9680832538187],[-37.586818870892685,-7.9712609387777515],[-37.58494715014178,-7.9753801600209515],[-37.58810567890895,-7.981735529939052],[-37.575003633652486,-7.980793993654886],[-37.561316675661374,-7.991621660922753],[-37.549501438421196,-7.989738588354431],[-37.54096171249511,-7.978793229051047],[-37.51124814557423,-8.05717612470754],[-37.51171607576196,-8.059529965417944],[-37.51616141254539,-8.069063020295077],[-37.51838408093712,-8.075183006142133],[-37.52306338281442,-8.08012607163399],[-37.52458415592454,-8.083774524735112],[-37.53031630072425,-8.09071835483081],[-37.53031630072424,-8.097309108819939],[-37.53183707383437,-8.102134482276279],[-37.53019931817731,-8.107312931839171],[-37.532538969115976,-8.115786758396625],[-37.53195405638129,-8.126261349557929],[-37.532889916756766,-8.135323636292995],[-37.53078423091196,-8.140266701784844],[-37.52552001629999,-8.142855926566279],[-37.52388226064295,-8.151094369052707],[-37.520372784234965,-8.156390510651114],[-37.51850106348404,-8.162745880569206],[-37.516161412545394,-8.16698279384794],[-37.5175652031086,-8.170278170842504],[-37.51534253471687,-8.175221236334357],[-37.51698029037392,-8.186284287673267],[-37.51896899367177,-8.189697356703348],[-37.52610492903467,-8.196523494763529],[-37.52633889412854,-8.199583487687054],[-37.528678545067194,-8.201701944326421],[-37.535346550242345,-8.19899502750945],[-37.53733525354019,-8.200054255829132],[-37.53452767241382,-8.206645009818272],[-37.53803714882179,-8.20982269477732],[-37.539674904478844,-8.215471912482283],[-37.53768620118098,-8.218649597441338],[-37.53897300919725,-8.223474970897657],[-37.533474829491425,-8.225358043465983],[-37.53312388185063,-8.227947268247435],[-37.536516375711685,-8.23241956559721],[-37.54096171249512,-8.235008790378643],[-37.54505610163775,-8.240775700119139],[-37.54996936860893,-8.249837986854207],[-37.55394677520462,-8.252780287742214],[-37.556286426143295,-8.25960642580238],[-37.56096572802058,-8.26219565058383],[-37.56131667566139,-8.265373335542876],[-37.5664639077264,-8.267491792182236],[-37.57184510488532,-8.264667183329758],[-37.57406777327704,-8.267844868288806],[-37.57266398271383,-8.271257937318888],[-37.567633733195734,-8.27431793024242],[-37.56728278555495,-8.276436386881782],[-37.57359984308931,-8.280437916089463],[-37.57664138930956,-8.283968677155078],[-37.58050181335833,-8.29138327539285],[-37.58167163882765,-8.297620953275432],[-37.5861169756111,-8.304917859477687],[-37.59091326003532,-8.308566312578817],[-37.594422736443306,-8.312450149750983],[-37.59606049210038,-8.31680475506523],[-37.599336003414486,-8.31809936745595],[-37.69116730275656,-8.395540726828276],[-37.78767790397597,-8.413547608262876],[-37.79867426338763,-8.420962206500658],[-37.79235720585329,-8.396953031254528],[-37.785104287943454,-8.383418447169692],[-37.80136486196709,-8.372943856008392],[-37.80920269261159,-8.378946149819924],[-37.81282915156648,-8.383183063098656],[-37.820082069476314,-8.385654595844588],[-37.82569723172907,-8.384948443631455],[-37.831078428887956,-8.388361512661545],[-37.83435394020209,-8.388479204697063],[-37.84382952650362,-8.398953795858361],[-37.856229676478485,-8.402602248959502],[-37.86324862929444,-8.406721470202706],[-37.86839586135949,-8.406368394096143],[-37.87178835522052,-8.407545314451344],[-37.87646765709784,-8.405073781705427],[-37.87986015095886,-8.404838397634386],[-37.88348660991379,-8.401660712675332],[-37.888750824525744,-8.400013024178055],[-37.89179237074598,-8.394246114437554],[-37.8940150391377,-8.392833810011314],[-37.890739527823605,-8.388243820626034],[-37.88664513868097,-8.385419211773545],[-37.88336962736686,-8.379416917962002],[-37.88278471463219,-8.375180004683285],[-37.87822239530182,-8.373885392292555],[-37.87471291889385,-8.368706942729663],[-37.87284119814293,-8.361998496705013],[-37.86254673401286,-8.35328928607651],[-37.858218379776346,-8.345403919696649],[-37.85985613543339,-8.329633186936933],[-37.85634665902541,-8.32516088958716],[-37.85283718261744,-8.324454737374044],[-37.853188130258225,-8.319511671882198],[-37.85108244441344,-8.317157831171787],[-37.85505985100916,-8.314921682496903],[-37.85330511280517,-8.309743232934014],[-37.85915424015178,-8.299974793985829],[-37.858686309964064,-8.295855572742619],[-37.85541079864995,-8.290088663002129],[-37.849561671303334,-8.282791756799877],[-37.84675409017696,-8.27525946652657],[-37.85096546186651,-8.270904861212324],[-37.85236925242972,-8.26537333554288],[-37.848157880740146,-8.256546432878864],[-37.843595561409764,-8.252544903671163],[-37.843478578862815,-8.246895685966196],[-37.8419578057527,-8.244659537291309],[-37.83599169585915,-8.24254108065195],[-37.82850481285545,-8.234420330201049],[-37.8211349123987,-8.229359572673678],[-37.81563673269287,-8.22735880806983],[-37.81154234355023,-8.223239586826615],[-37.81236122137876,-8.220179593903097],[-37.80943665770545,-8.218061137263735],[-37.80616114639131,-8.213000379736366],[-37.802066757248674,-8.210646539025953],[-37.799493141216175,-8.204408861143374],[-37.79879124593458,-8.19970117972257],[-37.811425361003295,-8.080949915882632]]]}},{"type":"Feature","properties":{"nome":"Orobó","codigo_ibge":"2609709"},"geometry":{"type":"Polygon","coordinates":[[[-35.52699018450335,-7.645136308351103],[-35.52699018450335,-7.652903982695447],[-35.52511846375241,-7.653963211015127],[-35.524767516111616,-7.658200124293853],[-35.520790109515914,-7.662319345537064],[-35.51809951093646,-7.658435508364896],[-35.51470701707541,-7.656787819867618],[-35.51260133123062,-7.665261646425073],[-35.513303226512214,-7.671263940236606],[-35.52476751611161,-7.674441625195658],[-35.529329835442006,-7.679620074758537],[-35.52535242884628,-7.687505441138405],[-35.521024074609784,-7.692683890701294],[-35.52114105715672,-7.695979267695859],[-35.52628828922175,-7.699980796903541],[-35.53049966091133,-7.701746177436358],[-35.53424310241317,-7.705865398679566],[-35.539741282118996,-7.707630779212364],[-35.54208093305765,-7.715986913734304],[-35.548281008045066,-7.716810757982945],[-35.55436410048556,-7.718693830551275],[-35.56676425046042,-7.727638425250806],[-35.571794499978544,-7.733993795168904],[-35.58091913863928,-7.738466092518675],[-35.58501352778191,-7.741996853584287],[-35.60642133387057,-7.772126014677471],[-35.60759115933992,-7.778246000524524],[-35.61016477537241,-7.781188301412528],[-35.6140251994212,-7.782365221767734],[-35.619172431486255,-7.77471523945892],[-35.621395099877944,-7.773420627068192],[-35.625957419208326,-7.767065257150094],[-35.629466895616325,-7.766241412901453],[-35.63145559891417,-7.76188680758721],[-35.63964437719945,-7.757885278379524],[-35.64748220784393,-7.753177596958703],[-35.65052375406418,-7.752942212887673],[-35.65145961443963,-7.747646071289259],[-35.65648986395774,-7.743056081903963],[-35.66421071205531,-7.739054552696275],[-35.666199415353134,-7.737053788092436],[-35.66725225827554,-7.731993030565057],[-35.66959190921419,-7.7302276500322495],[-35.67427121109151,-7.723401511972085],[-35.67742973985869,-7.71280922877526],[-35.68070525117278,-7.711750000455581],[-35.68152412900133,-7.709278467709644],[-35.6789505129688,-7.706689242928203],[-35.67988637334427,-7.7036292500046795],[-35.6674862233694,-7.697391572122106],[-35.66105218328811,-7.6969208039800145],[-35.65684081159853,-7.6976269561931465],[-35.65227849226816,-7.696332343802414],[-35.65110866679885,-7.694566963269618],[-35.64525953945222,-7.692448506630248],[-35.63636886588532,-7.683856988037275],[-35.6315725814611,-7.681267763255835],[-35.62127811733103,-7.668557023419635],[-35.62478759373899,-7.665850106602674],[-35.621746047518755,-7.66267242164362],[-35.619523379127045,-7.6625547296081],[-35.61601390271906,-7.659377044649066],[-35.61461011215585,-7.656317051725535],[-35.60782512443379,-7.653374750837524],[-35.597530660303704,-7.654316287121687],[-35.59191549805096,-7.653257058802002],[-35.58770412636136,-7.650197065878482],[-35.582673876843266,-7.651256294198168],[-35.57717569713744,-7.654904747299292],[-35.57343225563559,-7.654669363228253],[-35.57191148252547,-7.657964740222816],[-35.56524347735029,-7.657258588009697],[-35.562786843864714,-7.66043627296874],[-35.559511332550606,-7.66137780925291],[-35.555065995767166,-7.659377044649066],[-35.55026971134292,-7.661142425181866],[-35.5479300604043,-7.657376280045215],[-35.534594050053975,-7.655493207476893],[-35.532137416568396,-7.653845518979604],[-35.53155250383371,-7.649490913665364],[-35.52699018450335,-7.645136308351103]]]}},{"type":"Feature","properties":{"nome":"São Lourenço Da Mata","codigo_ibge":"2613701"},"geometry":{"type":"Polygon","coordinates":[[[-35.223654440307094,-8.020809285731778],[-35.20458628515708,-8.011629306961192],[-35.20458628515709,-8.00809854589559],[-35.20177870403069,-8.0029200963327],[-35.19511069885554,-7.998330106947408],[-35.19370690829235,-7.994799345881803],[-35.189261571508915,-7.994446269775243],[-35.18622002528867,-7.991386276851711],[-35.17920107247272,-7.995505498094922],[-35.1759255611586,-7.992092429064838],[-35.169725486171146,-7.987855515786107],[-35.16644997485705,-7.9780870768379195],[-35.165748079575465,-7.972673243203988],[-35.16247256826136,-7.972202475061903],[-35.158027231477895,-7.973967855594713],[-35.15615551072697,-7.971378630813267],[-35.151944139037404,-7.971496322848783],[-35.14597802914384,-7.973614779488145],[-35.14141570981346,-7.972320167097429],[-35.136970373030024,-7.972908627275029],[-35.130419350401795,-7.9758509281630445],[-35.12644194380611,-7.974909391878873],[-35.11755127023921,-7.973967855594712],[-35.11474368911284,-7.970084018422546],[-35.1113511952518,-7.9686717139963],[-35.109011544313155,-7.971143246742223],[-35.103981294795034,-7.970201710458065],[-35.098951045276934,-7.972908627275035],[-35.0931019179303,-7.969848634351498],[-35.092166057554834,-7.967024025499014],[-35.07883004720453,-7.962080960007161],[-35.07707530900055,-7.960315579474365],[-35.075788500984274,-7.950664832561703],[-35.07169411184164,-7.950900216632741],[-35.066546879776595,-7.947840223709212],[-35.05929396186679,-7.947604839638178],[-35.05519957272413,-7.945957151140898],[-35.04923346283057,-7.946074843176402],[-35.04502209114101,-7.950194064419617],[-35.034610644463996,-7.941484853791127],[-35.03390874918241,-7.953371749378672],[-35.030633237868294,-7.958079430799474],[-35.02267842467689,-7.957255586550833],[-35.01671231478332,-7.959727119296764],[-35.01519154167319,-7.962198652042687],[-35.0148405940324,-7.969142482138384],[-35.0087575015919,-7.972084783026389],[-35.01682929733025,-7.990209356496504],[-35.01121413507749,-8.011276230854635],[-35.00244044405755,-8.01833775298585],[-35.01659533223639,-8.019867749447615],[-35.015074559126255,-8.023398510513218],[-35.01238396054681,-8.035638482207336],[-35.01074620488975,-8.037639246811176],[-35.00080268840047,-8.034696945923177],[-34.99612338652317,-8.036815402562532],[-34.99331580539679,-8.042700004338542],[-34.99483657850691,-8.046113073368627],[-35.0167123147833,-8.0557638202813],[-35.04162959727996,-8.062589958341475],[-35.055199572724135,-8.067297639762273],[-35.05695431092814,-8.085657597303435],[-35.05812413639745,-8.088011438013842],[-35.06561101940113,-8.08836451412041],[-35.06654687977661,-8.086128365445525],[-35.07075825146618,-8.084833753054795],[-35.0729809198579,-8.085775289338956],[-35.08081875050239,-8.08577528933896],[-35.08619994766129,-8.08812913004937],[-35.09146416227324,-8.086599133587601],[-35.097547254713746,-8.088364514120409],[-35.1016416438564,-8.088482206155922],[-35.10620396318674,-8.085186829161362],[-35.10924550940701,-8.080949915882627],[-35.124336257961296,-8.078360691101183],[-35.12843064710396,-8.075889158355253],[-35.12889857729168,-8.081420684024708],[-35.13264201879354,-8.082362220308873],[-35.13451373954445,-8.086599133587605],[-35.13872511123402,-8.088599898191445],[-35.13802321595244,-8.09142450704393],[-35.142819500376646,-8.092483735363611],[-35.143989325845986,-8.090365278724242],[-35.1547517201638,-8.090129894653215],[-35.19581259413714,-8.07953761145639],[-35.20446930261015,-8.038345399024292],[-35.223654440307094,-8.020809285731778]]]}},{"type":"Feature","properties":{"nome":"Gravatá","codigo_ibge":"2606408"},"geometry":{"type":"Polygon","coordinates":[[[-35.448962825699304,-8.169807402700421],[-35.45586479596832,-8.17357354783707],[-35.46300073133121,-8.17451508412123],[-35.465106417175996,-8.173220471730513],[-35.47282726527355,-8.175338928369884],[-35.48686517090546,-8.180517377932773],[-35.49189542042355,-8.183695062891815],[-35.492714298252096,-8.185578135460139],[-35.490608612407314,-8.19158042927167],[-35.48651422326466,-8.193698885911042],[-35.483121729403614,-8.197582723083205],[-35.483121729403635,-8.201584252290894],[-35.48674818835853,-8.205232705392023],[-35.49142749023584,-8.205821165569622],[-35.497393600129406,-8.204997321320983],[-35.50043514634964,-8.209587310706272],[-35.509208837369606,-8.218531905405808],[-35.51271831377757,-8.223592662933187],[-35.509793750104244,-8.300563254163437],[-35.52231088262605,-8.299974793985827],[-35.525001481205486,-8.297267877168867],[-35.52769207978494,-8.29726787716886],[-35.529563800535854,-8.301740174518637],[-35.528744922707325,-8.31527475860346],[-35.55062065898374,-8.326926270119968],[-35.55787357689356,-8.329515494901413],[-35.56290382641167,-8.339048549778562],[-35.56290382641167,-8.342579310844163],[-35.55927736745674,-8.343050078986249],[-35.55342824011013,-8.342226234737604],[-35.54793006040429,-8.339166241814084],[-35.5498017811552,-8.350464677224018],[-35.54933385096748,-8.35164159757923],[-35.63461412768135,-8.373767700257043],[-35.61425916451508,-8.344109307305938],[-35.64467462671755,-8.287381746185158],[-35.65216150972122,-8.203114248752664],[-35.656138916316934,-8.158979735432561],[-35.63028577344485,-8.10413524688012],[-35.58349275467178,-8.078596075172221],[-35.5522584146408,-8.071063784898932],[-35.510846593026656,-8.057646892849622],[-35.462532801143475,-8.093778347754336],[-35.47926130535484,-8.104488322986688],[-35.43890232666308,-8.126967501771048],[-35.44241180307106,-8.146857455773977],[-35.448962825699304,-8.169807402700421]]]}},{"type":"Feature","properties":{"nome":"Sertânia","codigo_ibge":"2614105"},"geometry":{"type":"Polygon","coordinates":[[[-37.02062334373888,-8.289617894860049],[-37.03185366824439,-8.299504025843754],[-37.02892910457108,-8.304094015229044],[-37.03594805738705,-8.314450914354822],[-37.03583107484011,-8.321630128521562],[-37.04378588803152,-8.341990850666557],[-37.048114242268035,-8.34811083651362],[-37.05150673612909,-8.350346985188503],[-37.05794077621038,-8.352583133863389],[-37.06320499082235,-8.351053137401621],[-37.07104282146682,-8.353760054218586],[-37.077944791735845,-8.360939268385327],[-37.07864668701745,-8.363646185202288],[-37.083559953988605,-8.366117717948214],[-37.08683546530272,-8.369177710871748],[-37.08987701152297,-8.368471558658626],[-37.09373743557176,-8.369883863084862],[-37.09806578980825,-8.373296932114958],[-37.1007563883877,-8.377416153358158],[-37.10216017895089,-8.384359983453862],[-37.11023197468926,-8.385183827702495],[-37.11514524166043,-8.391539197620597],[-37.11853773552146,-8.392716117975795],[-37.120058508631594,-8.395658418863803],[-37.12567367088435,-8.398365335680767],[-37.131171850590185,-8.398365335680772],[-37.142285192548776,-8.402837633030542],[-37.14907018027088,-8.403426093208134],[-37.155153272711374,-8.404485321527826],[-37.1603005047764,-8.404249937456784],[-37.16345903354359,-8.406603778167186],[-37.16451187646597,-8.410134539232798],[-37.17293461984514,-8.41507760472464],[-37.184632874538394,-8.416607601186408],[-37.18732347311783,-8.420491438358578],[-37.19235372263595,-8.417549137470578],[-37.19469337357457,-8.419079133932335],[-37.19855379762337,-8.41731375339953],[-37.203350082047606,-8.417196061364004],[-37.206274645720924,-8.410134539232791],[-37.2087312792065,-8.407427622415822],[-37.22007858625896,-8.407192238344791],[-37.223354097573086,-8.405309165776469],[-37.232829683874606,-8.402837633030536],[-37.235169334813264,-8.398129951609729],[-37.240901479612965,-8.397541491432122],[-37.24944120553906,-8.390597661336429],[-37.255056367791816,-8.390479969300916],[-37.261724372966974,-8.399542256035973],[-37.27248676728477,-8.392245349833717],[-37.276113226239694,-8.39295150204683],[-37.28079252811698,-8.388008436554987],[-37.28898130640228,-8.390009201158836],[-37.293426643185725,-8.391892273727153],[-37.29494741629583,-8.394716882579635],[-37.30594377570749,-8.397306107361086],[-37.30886833938082,-8.400248408249098],[-37.313547641258104,-8.400130716213576],[-37.3213854719026,-8.402131480817413],[-37.333434674236656,-8.40307301710158],[-37.34010267941183,-8.404603013563335],[-37.348408440244036,-8.402484556923978],[-37.36139350295357,-8.405779933918549],[-37.36314824115753,-8.40566224188302],[-37.36852943831644,-8.418372981719214],[-37.38350320432381,-8.413312224191836],[-37.38362018687074,-8.41672529322193],[-37.38783155856032,-8.416725293221928],[-37.390990087327516,-8.421668358713777],[-37.396020336845616,-8.423316047211063],[-37.39578637175174,-8.429553725093639],[-37.39719016231494,-8.431083721555405],[-37.401401534004506,-8.427670652525316],[-37.403741184943144,-8.427552960489798],[-37.404794027865535,-8.432731410052684],[-37.40654876606953,-8.434496790585484],[-37.41111108539991,-8.433555254301332],[-37.41508849199562,-8.438380627757661],[-37.418364003309726,-8.440381392361498],[-37.420001758966805,-8.443206001213992],[-37.42046968915452,-8.450973675558318],[-37.42374520046863,-8.451915211842486],[-37.42772260706434,-8.448737526883443],[-37.42760562451742,-8.44532445785336],[-37.43017924054991,-8.443912153427105],[-37.43392268205177,-8.445559841924398],[-37.4336887169579,-8.451326751664888],[-37.43474155988031,-8.455092896801533],[-37.43883594902295,-8.456622893263296],[-37.44246240797784,-8.454504436623933],[-37.44503602401036,-8.456034433085694],[-37.449832308434615,-8.456152125121212],[-37.4598928074708,-8.459329810080268],[-37.46211547586254,-8.458741349902656],[-37.468549515943835,-8.448972910954476],[-37.47568545130671,-8.445324457853358],[-37.4807157008248,-8.440263700325984],[-37.487734653640764,-8.440381392361504],[-37.48925542675089,-8.441676004752225],[-37.49533851919139,-8.43767447554454],[-37.49756118758312,-8.440616776432543],[-37.50399522766442,-8.440616776432542],[-37.50610091350918,-8.436732939260374],[-37.50844056444786,-8.437439091473495],[-37.510312285198765,-8.440852160503585],[-37.5197878715003,-8.438262935722133],[-37.52633889412853,-8.440381392361507],[-37.52821061487945,-8.434143714478926],[-37.530433283271165,-8.432966794123725],[-37.53499560260154,-8.433672946336847],[-37.539791887025785,-8.431201413590918],[-37.54564101437242,-8.424728351637308],[-37.54868256059267,-8.423433739246587],[-37.55137315917211,-8.418726057825777],[-37.55464867048622,-8.418137597648169],[-37.55687133887795,-8.412488379943202],[-37.56318839641231,-8.412841456049756],[-37.572430017619986,-8.411899919765606],[-37.57512061619943,-8.409663771090717],[-37.57652440676262,-8.405662241883023],[-37.580150865717535,-8.404720705598855],[-37.583660342125526,-8.406603778167188],[-37.589275504378264,-8.40778069852239],[-37.60050582888381,-8.407898390557909],[-37.603079444916325,-8.410958383481427],[-37.606354956230426,-8.410840691445921],[-37.61220408357706,-8.414959912689124],[-37.61922303639303,-8.412959148085275],[-37.61817019347063,-8.400483792320133],[-37.618872088752234,-8.393186886117878],[-37.61770226328291,-8.386949208235311],[-37.618755106205285,-8.377886921500247],[-37.616766402907444,-8.374709236541204],[-37.61875510620529,-8.3683538666231],[-37.61512864725037,-8.367765406445496],[-37.61255503121786,-8.364823105557498],[-37.605887026042694,-8.360703884314283],[-37.60506814821417,-8.357761583426276],[-37.606120991136585,-8.349876217046422],[-37.60343039255713,-8.345639303767697],[-37.604015305291796,-8.34140239048896],[-37.601675654353116,-8.334929328535353],[-37.603196427463246,-8.326808578084448],[-37.599803933602196,-8.322453972770198],[-37.599336003414486,-8.31809936745595],[-37.59606049210038,-8.31680475506523],[-37.594422736443306,-8.312450149750983],[-37.59091326003532,-8.308566312578817],[-37.5861169756111,-8.304917859477687],[-37.58167163882765,-8.297620953275432],[-37.58050181335833,-8.29138327539285],[-37.57664138930956,-8.283968677155078],[-37.57359984308931,-8.280437916089463],[-37.56728278555495,-8.276436386881782],[-37.567633733195734,-8.27431793024242],[-37.57266398271383,-8.271257937318888],[-37.57406777327704,-8.267844868288806],[-37.57184510488532,-8.264667183329758],[-37.5664639077264,-8.267491792182236],[-37.56131667566139,-8.265373335542876],[-37.56096572802058,-8.26219565058383],[-37.556286426143295,-8.25960642580238],[-37.55394677520462,-8.252780287742214],[-37.54996936860893,-8.249837986854207],[-37.54505610163775,-8.240775700119139],[-37.54096171249512,-8.235008790378643],[-37.536516375711685,-8.23241956559721],[-37.53312388185063,-8.227947268247435],[-37.533474829491425,-8.225358043465983],[-37.53897300919725,-8.223474970897657],[-37.53768620118098,-8.218649597441338],[-37.539674904478844,-8.215471912482283],[-37.53803714882179,-8.20982269477732],[-37.53452767241382,-8.206645009818272],[-37.53733525354019,-8.200054255829132],[-37.535346550242345,-8.19899502750945],[-37.528678545067194,-8.201701944326421],[-37.52633889412854,-8.199583487687054],[-37.52610492903467,-8.196523494763529],[-37.51896899367177,-8.189697356703348],[-37.51698029037392,-8.186284287673267],[-37.51534253471687,-8.175221236334357],[-37.5175652031086,-8.170278170842504],[-37.516161412545394,-8.16698279384794],[-37.51850106348404,-8.162745880569206],[-37.520372784234965,-8.156390510651114],[-37.52388226064295,-8.151094369052707],[-37.52552001629999,-8.142855926566279],[-37.53078423091196,-8.140266701784844],[-37.532889916756766,-8.135323636292995],[-37.53195405638129,-8.126261349557929],[-37.532538969115976,-8.115786758396625],[-37.53019931817731,-8.107312931839171],[-37.53183707383437,-8.102134482276279],[-37.53031630072424,-8.097309108819939],[-37.53031630072425,-8.09071835483081],[-37.52458415592454,-8.083774524735112],[-37.52306338281442,-8.08012607163399],[-37.51838408093712,-8.075183006142133],[-37.51616141254539,-8.069063020295077],[-37.51171607576196,-8.059529965417944],[-37.51124814557423,-8.05717612470754],[-37.54096171249511,-7.978793229051047],[-37.539557921931916,-7.9770278485182455],[-37.531954056381295,-7.971614014884311],[-37.50691979133772,-7.967847869747661],[-37.49428567626898,-7.967847869747664],[-37.48609689798371,-7.973261703381593],[-37.481534578653346,-7.972320167097424],[-37.47393071310274,-7.965494029037263],[-37.46901744613155,-7.942426390075292],[-37.45533048814043,-7.9513709847748215],[-37.44714170985516,-7.948664067957864],[-37.4394208617576,-7.948664067957856],[-37.43591138534962,-7.942779466181837],[-37.43041320564378,-7.940896393613517],[-37.42538295612569,-7.940425625471432],[-37.4031562722085,-7.957490970621873],[-37.38046165810356,-7.9583148148705165],[-37.37461253075695,-7.956078666195628],[-37.36326522370446,-7.957373278586347],[-37.354608515231476,-7.954666361769393],[-37.350163178448035,-7.948546375922343],[-37.34770654496245,-7.954313285662834],[-37.351216021370405,-7.961021731687483],[-37.35203489919895,-7.9685540219607836],[-37.357416096357845,-7.9749093918788745],[-37.34057060959955,-7.975144775949918],[-37.34033664450567,-7.979734765335207],[-37.33717811573851,-7.979028613122084],[-37.333785621877446,-7.976321696305122],[-37.3271176167023,-7.9745563157723085],[-37.32056659407407,-7.9696132502804655],[-37.316940135119154,-7.9680832538187065],[-37.31237781578879,-7.967730177712137],[-37.303370159675,-7.970201710458067],[-37.300796543642456,-7.966200181250374],[-37.29553232903049,-7.964905568859649],[-37.29178888752864,-7.965258644966219],[-37.28500389980656,-7.970437094529101],[-37.277400034255955,-7.97196709099087],[-37.26722255267279,-7.969966326387023],[-37.26347911117096,-7.968200945854217],[-37.257980931465134,-7.970437094529109],[-37.24698457205346,-7.9693778662094195],[-37.241135444706835,-7.972790935239506],[-37.23505235226635,-7.972790935239514],[-37.23072399802984,-7.969377866209423],[-37.22967115510744,-7.972202475061903],[-37.21961065607124,-7.972790935239509],[-37.2184408306019,-7.970790170635664],[-37.221482376822166,-7.963493264433408],[-37.22089746408749,-7.95984481133228],[-37.217271005132574,-7.956431742302185],[-37.21282566834916,-7.954901745840432],[-37.207912401377975,-7.951841752916911],[-37.20077646601509,-7.95725558655083],[-37.19270467027674,-7.9605509635453995],[-37.19153484480741,-7.968436329925267],[-37.19235372263595,-7.970201710458059],[-37.19340656555834,-7.982912450294254],[-37.1882593334933,-7.982912450294256],[-37.187557438211705,-7.987502439679548],[-37.18416494435065,-7.991268584816191],[-37.17995357266109,-7.9898562803899535],[-37.17702900898778,-7.99221012110035],[-37.175274270783774,-7.996800110485645],[-37.16778738778009,-7.995387806059397],[-37.16041748732334,-7.997153186592203],[-37.15772688874388,-8.000213179515729],[-37.15503629016443,-8.006450857398306],[-37.15176077885033,-8.009393158286315],[-37.15035698828714,-8.015277760062325],[-37.1495381104586,-8.023751586619777],[-37.14836828498926,-8.035167714065244],[-37.15363249960125,-8.045289229119986],[-37.15807783638468,-8.05117383089601],[-37.156908010915366,-8.058235353027221],[-37.15679102836844,-8.064590722945317],[-37.146613546785275,-8.078596075172218],[-37.143688983111986,-8.088011438013849],[-37.14778337225462,-8.100133717672435],[-37.14684751187914,-8.109196004407488],[-37.14251915764265,-8.117905215035995],[-37.14415691329971,-8.124966737167204],[-37.153281551960454,-8.127438269913135],[-37.154802325070584,-8.132145951333941],[-37.158662749119344,-8.138854397358598],[-37.152462674131904,-8.144856691170133],[-37.15105888356873,-8.150035140733022],[-37.157492923650025,-8.15650820268664],[-37.163459033543575,-8.158744351361522],[-37.163576016090516,-8.165805873492737],[-37.16018352222947,-8.17039586287802],[-37.149538110458614,-8.17498585226332],[-37.14123234962639,-8.177222000938205],[-37.133160553888025,-8.175927388547478],[-37.126492548712875,-8.17369123987259],[-37.118303770427595,-8.175338928369879],[-37.119005665709196,-8.184048138998378],[-37.12450384541504,-8.18863812838366],[-37.126141601072085,-8.191462737236158],[-37.12520574069662,-8.198877335473933],[-37.12286608975798,-8.209116542564194],[-37.11034895723617,-8.225593427537028],[-37.1042658647957,-8.229006496567115],[-37.1004054407469,-8.23371417798792],[-37.09724691197972,-8.23230187356168],[-37.08987701152299,-8.231124953206482],[-37.08297504125396,-8.222415742577976],[-37.080869355409156,-8.221944974435907],[-37.071276786560674,-8.229359572673678],[-37.06741636251193,-8.230065724886796],[-37.06648050213644,-8.233008025774812],[-37.07420135023401,-8.236303402769368],[-37.080635390315294,-8.241128776225706],[-37.08145426814383,-8.245718765610997],[-37.082273145972344,-8.261842574477267],[-37.08122030304997,-8.266314871827039],[-37.07572212334413,-8.267962560324317],[-37.058174741304235,-8.263961031116636],[-37.049284067737354,-8.265255643507361],[-37.04331795784378,-8.264549491294234],[-37.04027641162356,-8.26619717979152],[-37.031853668244395,-8.276318694846266],[-37.0278762616487,-8.28338021697747],[-37.02307997722446,-8.288558666540364],[-37.02062334373888,-8.289617894860049]]]}},{"type":"Feature","properties":{"nome":"Triunfo","codigo_ibge":"2615706"},"geometry":{"type":"Polygon","coordinates":[[[-38.052409407684465,-7.921712591823727],[-38.061768011439085,-7.923124896249958],[-38.06644731331636,-7.919476443148833],[-38.0700737722713,-7.919594135184351],[-38.07264738830381,-7.9237133564275695],[-38.07171152792834,-7.926537965280052],[-38.07381721377314,-7.929951034310143],[-38.08212297460535,-7.936777172370312],[-38.0848135731848,-7.936659480334788],[-38.08738718921733,-7.9332464113047045],[-38.086451328841854,-7.92465489271173],[-38.09393821184555,-7.922301052001324],[-38.11990833726458,-7.908531083845451],[-38.13336133016182,-7.8932311192278135],[-38.136051928741274,-7.886875749309718],[-38.14061424807164,-7.88240345195995],[-38.14049726552472,-7.875812697970822],[-38.14248596882256,-7.873341165224896],[-38.14307088155723,-7.869104251946159],[-38.14786716598147,-7.865808874951598],[-38.14985586927933,-7.861101193530789],[-38.14962190418545,-7.855687359896846],[-38.147750183434546,-7.844859692628988],[-38.12002531981152,-7.818967444814532],[-38.116164895762736,-7.822615897915656],[-38.106104396726536,-7.822851281986701],[-38.09721372315967,-7.827323579336465],[-38.090779683078345,-7.827205887300946],[-38.08329280007468,-7.828029731549586],[-38.07709272508726,-7.830618956331043],[-38.0693718769897,-7.826146658981267],[-38.065394470394,-7.819791289063174],[-38.068552999161156,-7.812847458967479],[-38.07568893452405,-7.805432860729707],[-38.07568893452406,-7.799901335060257],[-38.07346626613232,-7.793545965142157],[-38.07580591707097,-7.787779055401658],[-38.07522100433631,-7.782365221767739],[-38.07136058028754,-7.774244471316835],[-38.06948885953663,-7.772361398748511],[-38.06106611615747,-7.766947565114576],[-38.05182449494979,-7.75800297041504],[-38.03954132752186,-7.74811683943134],[-38.02994875867341,-7.749882219964141],[-38.02807703792248,-7.753059904923179],[-38.02281282331052,-7.754707593420468],[-38.01836748652707,-7.758473738557111],[-38.01251835918045,-7.765770644759375],[-38.00819000494394,-7.766829873079061],[-38.00549940636448,-7.777775232382437],[-38.00070312194025,-7.778952152737647],[-38.020824120012655,-7.791192124431746],[-38.02246187566972,-7.798959798776081],[-38.021409032747314,-7.803785172232422],[-38.01895239926176,-7.804491324445541],[-38.01801653888627,-7.808257469582185],[-38.01322025446204,-7.815672067819969],[-38.00900888277246,-7.817437448352767],[-38.00877491767861,-7.834149717396641],[-38.00737112711541,-7.837327402355698],[-38.008073022397014,-7.846625073161791],[-38.00982776060101,-7.85203890679572],[-38.00503147617675,-7.863690418312228],[-38.00210691250344,-7.863925802383266],[-37.999533296470915,-7.868751175839597],[-38.00175596486265,-7.872752705047289],[-38.000937087034124,-7.876165774077382],[-38.00456354598904,-7.878401922752268],[-38.01205042899273,-7.880873455498185],[-38.01310327191512,-7.883462680279636],[-38.012167411539636,-7.8900534342687685],[-38.014974992666026,-7.894054963476462],[-38.02035618982492,-7.896526496222383],[-38.02433359642063,-7.8966441882579055],[-38.02807703792248,-7.899939565252478],[-38.02550342188997,-7.906412627206078],[-38.03462806055071,-7.911708768804504],[-38.03743564167709,-7.912179536946581],[-38.04527347232158,-7.915592605976666],[-38.0488999312765,-7.920417979432998],[-38.052409407684465,-7.921712591823727]]]}},{"type":"Feature","properties":{"nome":"Recife","codigo_ibge":"2611606"},"geometry":{"type":"Polygon","coordinates":[[[-35.00010079311889,-7.929244882097017],[-34.99144408464586,-7.934894099801991],[-34.990976154458146,-7.938307168832082],[-34.98629685258084,-7.941014085649045],[-34.9847760794707,-7.939484089187278],[-34.979628847405685,-7.941131777684555],[-34.97717221392009,-7.939601781222798],[-34.96781361016549,-7.941837929897683],[-34.96020974461487,-7.938189476796554],[-34.95845500641088,-7.935953328121671],[-34.95225493142345,-7.935482559979585],[-34.948394507374665,-7.92948026616805],[-34.94277934512191,-7.930068726345653],[-34.9381000432446,-7.9330110272336665],[-34.93388867155501,-7.932540259091577],[-34.92745463147373,-7.935717944050628],[-34.92546592817589,-7.9339525635178205],[-34.91844697535993,-7.93595332812167],[-34.91610732442127,-7.934776407766462],[-34.91119405745012,-7.939131013080718],[-34.909205354152256,-7.943956386537044],[-34.91014121452771,-7.953136365307621],[-34.91283181310717,-7.9698486343515045],[-34.91388465602954,-7.979381689228643],[-34.91376767348262,-7.982206298081133],[-34.91669223715594,-7.985148598969145],[-34.916926202249805,-7.988090899857146],[-34.90943931924611,-7.992916273313472],[-34.90628079047894,-7.9973885706632455],[-34.899027872569114,-8.002096252084058],[-34.89095607683077,-8.00339086447478],[-34.88604280985958,-8.005744705185181],[-34.87972575232523,-8.011864691032237],[-34.87937480468442,-8.016101604310961],[-34.872940764603136,-8.017278524666173],[-34.87574834572952,-8.027517731756436],[-34.87551438063567,-8.031754645035166],[-34.86054061462829,-8.044465384871344],[-34.87048413111755,-8.066944563655712],[-34.87703515374579,-8.083068372521995],[-34.88183143817001,-8.098486029175145],[-34.88931832117371,-8.11355060972174],[-34.89563537870805,-8.124260584954087],[-34.90885440651146,-8.155095898260393],[-34.91365069093569,-8.153918977905189],[-34.9115450050909,-8.149682064626456],[-34.91446956876421,-8.14756360798709],[-34.91365069093568,-8.14509207524117],[-34.9216055041271,-8.141561314175568],[-34.93318677627344,-8.14156131417556],[-34.93716418286913,-8.136853632754756],[-34.94769261209309,-8.137677477003388],[-34.95295682670505,-8.13861901328756],[-34.95599837292529,-8.13744209293235],[-34.95716819839462,-8.134146715937788],[-34.9524888965173,-8.130615954872182],[-34.95845500641086,-8.129674418588023],[-34.9606776748026,-8.126379041593458],[-34.959156901692474,-8.122377512385759],[-34.95892293659861,-8.112020613259984],[-34.96184750027192,-8.10954908051405],[-34.96290034319433,-8.106018319448447],[-34.962900343194306,-8.099662949530346],[-34.9613795700842,-8.094955268109539],[-34.970270243651065,-8.087540669871773],[-34.973545754965194,-8.086481441552081],[-34.97085515638573,-8.081773760131272],[-34.97389670260596,-8.078242999065656],[-34.97740617901395,-8.078242999065662],[-34.98056470778113,-8.075418390213176],[-34.98313832381366,-8.075889158355261],[-34.989455381348016,-8.07118147693445],[-34.9962403690701,-8.060942269844181],[-35.00033475821274,-8.063884570732194],[-35.004897077543134,-8.062707650376987],[-35.00665181574711,-8.059647657453462],[-35.01226697799988,-8.059059197275863],[-35.013670768563074,-8.05623458842337],[-35.0167123147833,-8.0557638202813],[-34.99483657850691,-8.046113073368627],[-34.99331580539679,-8.042700004338542],[-34.99612338652317,-8.036815402562532],[-34.996240369070115,-8.033284641496927],[-34.990508224270414,-8.032343105212764],[-34.98734969550321,-8.036226942384936],[-34.98231944598513,-8.03469694592316],[-34.97869298703021,-8.02940080432475],[-34.97413066769984,-8.029400804324753],[-34.96559094177375,-8.019867749447615],[-34.96196448281884,-8.021397745909379],[-34.96442111630444,-8.008687006073192],[-34.96231543045964,-7.990444740567555],[-34.964070168663646,-7.98738474764403],[-34.96196448281884,-7.9819709140100885],[-34.962081465365785,-7.974085547630235],[-34.97225894694891,-7.971731706919826],[-34.974715580434506,-7.968907098067344],[-34.978342039389425,-7.970084018422549],[-34.98559495729925,-7.966317873285904],[-34.98992331153575,-7.962316344078212],[-34.99378373558452,-7.961610191865092],[-35.00010079311888,-7.963846340539975],[-35.00372725207381,-7.959609427261242],[-34.99869700255571,-7.9484286838868154],[-35.0084065539511,-7.94572176706986],[-35.00010079311889,-7.929244882097017]]]}},{"type":"Feature","properties":{"nome":"Buenos Aires","codigo_ibge":"2602704"},"geometry":{"type":"Polygon","coordinates":[[[-35.259568082215424,-7.675618545550857],[-35.304489380237534,-7.766123720865937],[-35.304255415143665,-7.766241412901452],[-35.31700651275932,-7.7742444713168375],[-35.34356155091301,-7.770007558038106],[-35.34777292260259,-7.7718906306064275],[-35.355025840512404,-7.778599076631083],[-35.35771643909185,-7.776716004062752],[-35.35818436927959,-7.77000755803811],[-35.36227875842225,-7.767300641221136],[-35.3668410777526,-7.768595253611869],[-35.371754344723776,-7.764946800510733],[-35.375614768772564,-7.764476032368656],[-35.37853933244586,-7.762239883693759],[-35.38532432016797,-7.762122191658247],[-35.388482848935126,-7.761180655374081],[-35.39304516826551,-7.762122191658241],[-35.39526783665723,-7.766594489008017],[-35.40567928333424,-7.775774467778598],[-35.420887014435486,-7.762828343871366],[-35.4378494837407,-7.750352988106221],[-35.41281521869712,-7.740466857122514],[-35.410592550305395,-7.733876103133385],[-35.38473940743329,-7.72375458807864],[-35.369999606519784,-7.695508499553786],[-35.362746688609974,-7.704453094253323],[-35.35607868343481,-7.709631543816215],[-35.33958414431729,-7.708219239389968],[-35.322036762277435,-7.70292309779156],[-35.2961836194053,-7.711043848242448],[-35.259568082215424,-7.675618545550857]]]}},{"type":"Feature","properties":{"nome":"Barreiros","codigo_ibge":"2601409"},"geometry":{"type":"Polygon","coordinates":[[[-35.235001747359576,-8.883256522024231],[-35.23780932848594,-8.882668061846642],[-35.252783094493324,-8.88725805123193],[-35.26073790768472,-8.883256522024238],[-35.26296057607646,-8.881491141491438],[-35.26717194776602,-8.880902681313824],[-35.26892668597001,-8.879137300781025],[-35.28015701047553,-8.875018079537815],[-35.28764389347922,-8.876548075999578],[-35.3506974862759,-8.860659651204344],[-35.39456594137564,-8.84983198393649],[-35.399947138534536,-8.850302752078566],[-35.40790195172595,-8.84135815737903],[-35.40907177719528,-8.837945088348944],[-35.40462644041183,-8.836532783922694],[-35.4015848941916,-8.832413562679484],[-35.40111696400387,-8.828058957365233],[-35.39912826070599,-8.826646652938987],[-35.39760748759589,-8.820762051162975],[-35.39538481920416,-8.817702058239455],[-35.39246025553084,-8.818878978594649],[-35.38813190129435,-8.816995906026332],[-35.38216579140078,-8.818996670630181],[-35.36999960651978,-8.80993438389511],[-35.36765995558114,-8.807462851149195],[-35.361459880593706,-8.806521314865028],[-35.354440927777766,-8.805344394509822],[-35.3402860395989,-8.797812104236526],[-35.33303312168909,-8.798400564414132],[-35.32706701179552,-8.79745902812996],[-35.32425943066913,-8.79463441927748],[-35.3194631462449,-8.793928267064357],[-35.316304617477726,-8.792162886531566],[-35.312795141069735,-8.792986730780193],[-35.30191576420501,-8.792162886531553],[-35.29758740996851,-8.790632890069789],[-35.29442888120133,-8.78792597325282],[-35.290217509511734,-8.786866744933146],[-35.284368382165134,-8.789338277679073],[-35.27688149916143,-8.786395976791061],[-35.26880970342309,-8.78239444758338],[-35.26506626192124,-8.779099070588801],[-35.2630775586234,-8.783689059974098],[-35.26062092513781,-8.784159828116179],[-35.25406990250958,-8.782747523689933],[-35.25910015202767,-8.77851061041121],[-35.26085489023166,-8.773449852883836],[-35.256175588354374,-8.773449852883829],[-35.249975513366934,-8.77062524403135],[-35.24985853082,-8.774744465274553],[-35.247167932240544,-8.776039077665285],[-35.23465079971874,-8.757208351982039],[-35.22365444030709,-8.753677590916427],[-35.21839022569514,-8.755560663484752],[-35.2128920459893,-8.762622185615976],[-35.20715990118959,-8.762504493580456],[-35.20119379129604,-8.768271403320947],[-35.192186135182226,-8.77415600509695],[-35.18575209510094,-8.771802164386553],[-35.1845822696316,-8.769683707747182],[-35.18107279322363,-8.770860628102385],[-35.1784991771911,-8.775215233416635],[-35.162706533355205,-8.77592138562976],[-35.1604838649635,-8.778275226340167],[-35.1551026678046,-8.775568309523198],[-35.15229508667821,-8.77533292545216],[-35.14749880225396,-8.781805987405768],[-35.1415326923604,-8.7842775201517],[-35.137087355576966,-8.78498367236482],[-35.12901555983861,-8.793339806886765],[-35.12550608343064,-8.801342865302129],[-35.120358851365594,-8.80028363698245],[-35.11696635750457,-8.79675287591685],[-35.113807828737365,-8.795693647597165],[-35.11088326506406,-8.7923982706026],[-35.1052681028113,-8.78898520157251],[-35.10281146932572,-8.784865980329306],[-35.103864312248106,-8.79016212192771],[-35.105969998092895,-8.793575190957796],[-35.11228705562725,-8.796870567952364],[-35.11766825278616,-8.801813633444219],[-35.1200079037248,-8.808286695397836],[-35.1246872056021,-8.817231290097377],[-35.13018538530795,-8.82488127240619],[-35.13392882680979,-8.836062015780612],[-35.1342797744506,-8.842652769769744],[-35.13299296643433,-8.850655828185126],[-35.1311212456834,-8.855951969783543],[-35.13170615841806,-8.859600422884666],[-35.13018538530793,-8.862307339701628],[-35.13205710605888,-8.860659651204346],[-35.13334391407512,-8.854421973321767],[-35.13954398906256,-8.843241229947344],[-35.13954398906256,-8.84171123348559],[-35.13533261737297,-8.834649711354368],[-35.13685339048309,-8.829471261791483],[-35.26377945390497,-8.85559889367698],[-35.2606209251378,-8.855598893676971],[-35.255005762885034,-8.863484260056827],[-35.247635862428275,-8.868780401655247],[-35.24611508931816,-8.87525346360885],[-35.24307354309791,-8.879725760958623],[-35.235001747359576,-8.883256522024231]]]}},{"type":"Feature","properties":{"nome":"ÁGua Preta","codigo_ibge":"2600401"},"geometry":{"type":"Polygon","coordinates":[[[-35.582556894296324,-8.846418914906401],[-35.58676826598591,-8.842652769769751],[-35.58536447542271,-8.839945852952777],[-35.5921494631448,-8.838533548526538],[-35.594840061724256,-8.834061251176768],[-35.599402381054645,-8.835826631709566],[-35.602092979634065,-8.833472790999165],[-35.605719438589,-8.828058957365233],[-35.60571943858899,-8.8226451237313],[-35.60735719424604,-8.821821279482668],[-35.61308933904575,-8.813935913102805],[-35.61601390271907,-8.813582836996249],[-35.62244794280034,-8.810052075930631],[-35.61648183290679,-8.802637477692858],[-35.615545972531336,-8.797694412201013],[-35.617300710735336,-8.79545826352612],[-35.61589692017213,-8.789102893608026],[-35.60630435132365,-8.775686001558723],[-35.60934589754391,-8.766623714823664],[-35.60887796735618,-8.763446029864616],[-35.60337978765035,-8.758973732514841],[-35.59975332869543,-8.752147594454666],[-35.60279487491568,-8.742261463470966],[-35.55775659434662,-8.717546136011705],[-35.56477554716258,-8.6837685218174],[-35.5376355962742,-8.658700118251582],[-35.51271831377757,-8.635279403183047],[-35.52406562083002,-8.579140302239887],[-35.52125803970363,-8.55666112345552],[-35.48768404873399,-8.505935856146284],[-35.48581232798307,-8.508172004821176],[-35.49037464731345,-8.517234291556228],[-35.49002369967264,-8.520058900408719],[-35.486046293076924,-8.52147120483496],[-35.484408537419874,-8.526767346433367],[-35.47867639262018,-8.528061958824098],[-35.479261305354825,-8.534535020777712],[-35.47715561951005,-8.53983116237612],[-35.47388010819593,-8.54171423494444],[-35.4708385619757,-8.545951148223176],[-35.4665102077392,-8.549011141146703],[-35.4637026266128,-8.548893449111185],[-35.46323469642509,-8.542420387157563],[-35.46042711529868,-8.54206731105101],[-35.458087464360055,-8.54536268804557],[-35.45352514502967,-8.545362688045573],[-35.45212135446647,-8.54701037654286],[-35.446038262025965,-8.547128068578377],[-35.445921279479045,-8.555248819029275],[-35.44393257618119,-8.55666112345552],[-35.48780103128093,-8.58396567569622],[-35.47399709074288,-8.627864804945268],[-35.39444895882871,-8.683062369604272],[-35.40369058003637,-8.713779990875066],[-35.34157284761515,-8.72496073424949],[-35.34005207450504,-8.747204528962815],[-35.361459880593706,-8.806521314865028],[-35.36765995558114,-8.807462851149195],[-35.36999960651978,-8.80993438389511],[-35.38216579140078,-8.818996670630181],[-35.38813190129435,-8.816995906026332],[-35.39246025553084,-8.818878978594649],[-35.39538481920416,-8.817702058239455],[-35.39760748759589,-8.820762051162975],[-35.39912826070599,-8.826646652938987],[-35.40111696400387,-8.828058957365233],[-35.4015848941916,-8.832413562679484],[-35.40462644041183,-8.836532783922694],[-35.40907177719528,-8.837945088348944],[-35.41433599180723,-8.836415091887174],[-35.41843038094987,-8.838533548526536],[-35.42205683990479,-8.8365327839227],[-35.42381157810879,-8.838533548526533],[-35.43188337384715,-8.83606201578061],[-35.434807937520446,-8.840298929059339],[-35.43983818703856,-8.841593541450063],[-35.441475942695604,-8.840298929059344],[-35.449430755887036,-8.84194661755663],[-35.45586479596832,-8.84100508127247],[-35.459140307282425,-8.838886624633103],[-35.46019315020483,-8.832295870643968],[-35.46510641717601,-8.826175884796916],[-35.462883748784286,-8.8238220440865],[-35.46662719028611,-8.817584366203924],[-35.467563050661575,-8.814053605138323],[-35.470721579428755,-8.816054369742167],[-35.4805481133711,-8.819938206914333],[-35.482068886481215,-8.826175884796918],[-35.489672752031844,-8.827235113116592],[-35.493416193533676,-8.825352040548276],[-35.495755844472335,-8.828294341436274],[-35.50265781474137,-8.822409739660268],[-35.50593332605546,-8.821232819305061],[-35.50710315152481,-8.81864359452362],[-35.51154848830823,-8.817584366203937],[-35.51400512179382,-8.818525902488092],[-35.51774856329567,-8.816760521955288],[-35.52043916187511,-8.820408975056422],[-35.526990184503354,-8.823939736122027],[-35.528861905254274,-8.827352805152112],[-35.53283931184998,-8.827117421081077],[-35.53517896278863,-8.81946743877226],[-35.53985826466594,-8.821115127269543],[-35.54676023493495,-8.825352040548266],[-35.54828100804508,-8.828294341436273],[-35.55366220520396,-8.82864741754284],[-35.55997926273833,-8.832766638786042],[-35.56161701839539,-8.831354334359794],[-35.56746614574201,-8.835473555603016],[-35.56840200611749,-8.841593541450068],[-35.57015674432148,-8.842770461805268],[-35.572262430166255,-8.84194661755663],[-35.58068517354542,-8.844535842338066],[-35.582556894296324,-8.846418914906401]]]}},{"type":"Feature","properties":{"nome":"Vertente do Lério","codigo_ibge":"2616183"},"geometry":{"type":"Polygon","coordinates":[[[-35.75229856989554,-7.809199005866353],[-35.75697787177285,-7.810022850114986],[-35.767155353355996,-7.810493618257072],[-35.77312146324955,-7.812494382860916],[-35.77826869531458,-7.8099051580794745],[-35.78762729906918,-7.810258234186035],[-35.79289151368116,-7.806374397013864],[-35.797336850464596,-7.80708054922698],[-35.80225011743576,-7.8034320961258565],[-35.8077482971416,-7.80649208904939],[-35.81348044194131,-7.811199770470187],[-35.818978621647126,-7.811788230647791],[-35.823073010789784,-7.808728237724274],[-35.82880515558948,-7.811199770470197],[-35.83044291124653,-7.813553611180595],[-35.83933358481342,-7.815083607642368],[-35.84319400886218,-7.812729766931953],[-35.84354495650299,-7.808845929759786],[-35.845884607441626,-7.808728237724264],[-35.853020542804515,-7.784954446549186],[-35.86600560551403,-7.775421391672041],[-35.87150378521987,-7.770007558038103],[-35.87466231398705,-7.7681244854697855],[-35.87688498237876,-7.769183713789462],[-35.88109635406835,-7.766359104936972],[-35.883319022460064,-7.761886807587204],[-35.88179824934995,-7.7544722093494345],[-35.872088697954545,-7.7495291438575835],[-35.86226216401218,-7.751059140319345],[-35.85068089186588,-7.747528379253733],[-35.84179021829898,-7.7469399190761274],[-35.83582410840543,-7.747646071289253],[-35.832431614544376,-7.750706064212788],[-35.828454207948674,-7.751647600496944],[-35.825295679181494,-7.749529143857577],[-35.82049939475725,-7.748940683679984],[-35.817340865990076,-7.7469399190761274],[-35.81055587826799,-7.745292230578854],[-35.808099244782404,-7.746704535005093],[-35.80412183818669,-7.7456453066854145],[-35.800378396684835,-7.741879161548759],[-35.79476323443208,-7.739878396944914],[-35.78984996746092,-7.740466857122512],[-35.76657044062132,-7.771772938570909],[-35.766102510433605,-7.77365601113923],[-35.76738931844986,-7.784248294336059],[-35.764698719870395,-7.789662127969988],[-35.76177415619708,-7.7933105810711085],[-35.75955148780536,-7.798959798776083],[-35.76013640054005,-7.802255175770656],[-35.75183063970782,-7.805785936836261],[-35.75229856989554,-7.809199005866353]]]}},{"type":"Feature","properties":{"nome":"Ilha de Itamaracá","codigo_ibge":"2607604"},"geometry":{"type":"Polygon","coordinates":[[[-34.86416707358318,-7.713397688952865],[-34.86089156226908,-7.709396159745168],[-34.852819766530715,-7.690800818132965],[-34.84825744720037,-7.687740825209443],[-34.84369512786997,-7.689623897777763],[-34.84041961655587,-7.6944492712340935],[-34.835155401943915,-7.696567727873458],[-34.83164592553592,-7.700451565045637],[-34.83293273355218,-7.7062184747861195],[-34.83293273355218,-7.713515380988375],[-34.830827047707416,-7.720341519048552],[-34.82989118733195,-7.726108428789047],[-34.82567981564235,-7.725519968611451],[-34.82357412979757,-7.735288407559624],[-34.82322318215679,-7.751647600496938],[-34.82415904253226,-7.756472973953269],[-34.829540239691134,-7.76730064122114],[-34.83538936703777,-7.78483675451365],[-34.83679315760097,-7.792133660715912],[-34.83702712269482,-7.809552081972909],[-34.8405365991028,-7.811905922683312],[-34.84498193588623,-7.813082843038523],[-34.84509891843319,-7.816378220033091],[-34.85457450473472,-7.814848223571327],[-34.865219916505595,-7.81131746250572],[-34.874110590072455,-7.8099051580794665],[-34.881480490529235,-7.809316697901867],[-34.88768056551663,-7.807080549226985],[-34.88943530372064,-7.804726708516576],[-34.890137199002226,-7.801313639486498],[-34.888967373532914,-7.7876613633661425],[-34.8879145306105,-7.781423685483567],[-34.88768056551663,-7.771184478393304],[-34.884989966937205,-7.765417568652814],[-34.8796087697783,-7.745409922614365],[-34.877269118839656,-7.740584549158036],[-34.87013318347676,-7.738113016412113],[-34.864985951411725,-7.733405334991308],[-34.86252931792613,-7.7297568818901725],[-34.86416707358318,-7.713397688952865]]]}},{"type":"Feature","properties":{"nome":"Betânia","codigo_ibge":"2601805"},"geometry":{"type":"Polygon","coordinates":[[[-38.02819402046942,-8.133558255760189],[-38.02456756151449,-8.121789052208157],[-38.01684671341695,-8.119552903533275],[-38.01099758607031,-8.114962914147984],[-37.992865291295765,-8.093189887576733],[-37.98198591443103,-8.083303756593029],[-37.973446188504965,-8.080126071633993],[-37.96748007861139,-8.08189145216679],[-37.96116302107704,-8.080008379598462],[-37.9589403526853,-8.080949915882623],[-37.95391010316721,-8.078242999065667],[-37.94162693573929,-8.077772230923582],[-37.93940426734758,-8.068709944188518],[-37.936011773486506,-8.064237646838755],[-37.929460750858304,-8.06729763976228],[-37.92758903010738,-8.070475324721324],[-37.92033611219756,-8.075418390213175],[-37.910509578255216,-8.074712238000055],[-37.905830276377905,-8.073064549502773],[-37.90220381742299,-8.074006085786925],[-37.8985773584681,-8.079419919420861],[-37.893079178762264,-8.081185299953674],[-37.888633841978816,-8.080243763669511],[-37.881380924068985,-8.074829930035577],[-37.865939227873895,-8.07930222738535],[-37.85775044958862,-8.080714531811589],[-37.8494446887564,-8.083892216770629],[-37.838799276985526,-8.07918453534983],[-37.834119975108216,-8.079655303491906],[-37.831897306716485,-8.075653774284223],[-37.82756895247999,-8.07600685039078],[-37.82230473786803,-8.078360691101182],[-37.8150518199582,-8.078242999065662],[-37.811425361003295,-8.080949915882632],[-37.79879124593458,-8.19970117972257],[-37.799493141216175,-8.204408861143374],[-37.802066757248674,-8.210646539025953],[-37.80616114639131,-8.213000379736366],[-37.80943665770545,-8.218061137263735],[-37.81236122137876,-8.220179593903097],[-37.81154234355023,-8.223239586826615],[-37.81563673269287,-8.22735880806983],[-37.8211349123987,-8.229359572673678],[-37.82850481285545,-8.234420330201049],[-37.83599169585915,-8.24254108065195],[-37.8419578057527,-8.244659537291309],[-37.843478578862815,-8.246895685966196],[-37.843595561409764,-8.252544903671163],[-37.848157880740146,-8.256546432878864],[-37.85236925242972,-8.26537333554288],[-37.85096546186651,-8.270904861212324],[-37.84675409017696,-8.27525946652657],[-37.849561671303334,-8.282791756799877],[-37.85541079864995,-8.290088663002129],[-37.858686309964064,-8.295855572742619],[-37.85915424015178,-8.299974793985829],[-37.85330511280517,-8.309743232934014],[-37.85505985100916,-8.314921682496903],[-37.85108244441344,-8.317157831171787],[-37.853188130258225,-8.319511671882198],[-37.85283718261744,-8.324454737374044],[-37.85634665902541,-8.32516088958716],[-37.85985613543339,-8.329633186936933],[-37.858218379776346,-8.345403919696649],[-37.86254673401286,-8.35328928607651],[-37.87284119814293,-8.361998496705013],[-37.87471291889385,-8.368706942729663],[-37.87822239530182,-8.373885392292555],[-37.88278471463219,-8.375180004683285],[-37.88336962736686,-8.379416917962002],[-37.88664513868097,-8.385419211773545],[-37.890739527823605,-8.388243820626034],[-37.8940150391377,-8.392833810011314],[-37.904894416002456,-8.400836868426696],[-37.90910578769203,-8.402955325066054],[-37.91530586267943,-8.409428387019668],[-37.91823042635278,-8.415783756937762],[-37.921505937666886,-8.418255289683698],[-37.92501541407487,-8.425434503850425],[-37.93121548906228,-8.429671417129159],[-37.932268331984694,-8.432496025981647],[-37.93039661123376,-8.434849866692046],[-37.93063057632764,-8.438262935722133],[-37.93390608764173,-8.439086779970783],[-37.93800047678439,-8.44226446492983],[-37.94817795836752,-8.44756060652824],[-37.95414406826107,-8.452150595913533],[-37.96034414324852,-8.452150595913528],[-37.96666120078286,-8.458623657867136],[-37.97824247292918,-8.459212118044748],[-37.98444254791663,-8.45650520122778],[-37.99239736110804,-8.454857512730493],[-37.99684269789148,-8.456622893263292],[-38.000586139393306,-8.455445972908093],[-38.00163898231572,-8.452856748126644],[-38.007137162021536,-8.457446737511932],[-38.008306987490876,-8.455092896801533],[-38.01228439408658,-8.452739056091124],[-38.022344893122785,-8.450267523345198],[-38.02515247424916,-8.452621364055604],[-38.026907212453146,-8.458388273796105],[-38.0299487586734,-8.457799813618495],[-38.03263935725284,-8.459682886186823],[-38.03755262422403,-8.459682886186828],[-38.03954132752186,-8.457093661405372],[-38.046443297790894,-8.456622893263294],[-38.049016913823436,-8.450973675558316],[-38.054632076076196,-8.450620599451762],[-38.0579075873903,-8.447795990599278],[-38.062469906720665,-8.448972910954476],[-38.06352274964307,-8.444382921569188],[-38.06948885953664,-8.44238215696534],[-38.06983980717742,-8.439557548112855],[-38.07381721377314,-8.43932216404182],[-38.07966634111976,-8.43320217819476],[-38.08118711422989,-8.427435268454278],[-38.08048521894829,-8.423551431282101],[-38.08212297460535,-8.421079898536174],[-38.0865683113888,-8.420373746323062],[-38.087855119405035,-8.416136833044325],[-38.09499105476794,-8.413547608262876],[-38.09978733919217,-8.41342991622736],[-38.10434965852255,-8.411782227730077],[-38.10622137927347,-8.412606071978717],[-38.11394222737101,-8.408486850735514],[-38.1228329009379,-8.406133010025107],[-38.12587444715814,-8.407545314451346],[-38.1304367664885,-8.407074546309266],[-38.13230848723945,-8.408486850735514],[-38.138742527320716,-8.408251466664465],[-38.142953899010294,-8.406486086131665],[-38.152780432952625,-8.404367629492299],[-38.15898050794007,-8.40248455692398],[-38.16120317633178,-8.399306871964933],[-38.16775419896001,-8.397894567538689],[-38.16892402442936,-8.394716882579635],[-38.16658437349071,-8.387890744519462],[-38.17009384989866,-8.379416917962004],[-38.169625919710946,-8.374120776363599],[-38.172316518290394,-8.371413859546628],[-38.17266746593117,-8.3671769462679],[-38.17687883762077,-8.359056195817002],[-38.18284494751432,-8.356702355106602],[-38.18226003477966,-8.351053137401621],[-38.18506761590606,-8.349405448904342],[-38.187290284297774,-8.341755466595526],[-38.187524249391636,-8.335400096677432],[-38.190799760705744,-8.328573958617259],[-38.19009786542415,-8.326337809942375],[-38.19232053381585,-8.320453208166352],[-38.194192254566794,-8.318570135598028],[-38.1950111323953,-8.313862454177219],[-38.19360734183212,-8.305506319655285],[-38.18998088287722,-8.300916330269988],[-38.19255449890974,-8.295737880707106],[-38.193022429097454,-8.291383275392855],[-38.18974691778335,-8.286675593972046],[-38.18448270317137,-8.28385098511956],[-38.18284494751431,-8.280084839982909],[-38.17793168054317,-8.279614071840825],[-38.17863357582474,-8.276671770952818],[-38.17945245365328,-8.272787933780656],[-38.177697715449284,-8.268197944395359],[-38.17219953574346,-8.266432563862557],[-38.16693532113148,-8.266314871827033],[-38.16763721641308,-8.25642874084334],[-38.16904100697626,-8.253133363848768],[-38.173135396118916,-8.2510149072094],[-38.17407125649437,-8.24724876207276],[-38.170444797539474,-8.243953385078184],[-38.167520233866135,-8.239363395692896],[-38.1630748970827,-8.236421094804895],[-38.15874654284622,-8.230183416922312],[-38.15395025842197,-8.226534963821187],[-38.152312502764914,-8.223357278862137],[-38.141433125900186,-8.221827282400374],[-38.132893399974115,-8.215707296553322],[-38.126459359892806,-8.217001908944047],[-38.11873851179525,-8.221003438151733],[-38.11324033208941,-8.214765760269167],[-38.11288938444862,-8.211941151416676],[-38.11382524482409,-8.20205502043298],[-38.109730855681434,-8.19664118679905],[-38.10657232691426,-8.18663736377982],[-38.09347028165782,-8.177575077044766],[-38.08984382270289,-8.172632011552917],[-38.08574943356026,-8.164040492959929],[-38.06270387181454,-8.148152068164693],[-38.0572056921087,-8.15085898498167],[-38.048315018541835,-8.151094369052709],[-38.0327563397998,-8.141208238068996],[-38.02725816009394,-8.139442857536197],[-38.02819402046942,-8.133558255760189]]]}},{"type":"Feature","properties":{"nome":"Pedra","codigo_ibge":"2610806"},"geometry":{"type":"Polygon","coordinates":[[[-36.77320525697642,-8.731904564345182],[-36.77133353622548,-8.73531763337527],[-36.77390715225799,-8.758032196230687],[-36.77414111735187,-8.761798341367323],[-36.772386379147875,-8.764152182077737],[-36.7591673513445,-8.774626773239039],[-36.75975226407917,-8.780040606872976],[-36.76209191501783,-8.78439521218722],[-36.773088274429476,-8.790279813963238],[-36.77846947158838,-8.792045194496035],[-36.780107227245445,-8.79557595556164],[-36.77893740177609,-8.801813633444217],[-36.77460904753959,-8.808992847610956],[-36.77028069330311,-8.814288989209365],[-36.767590094723644,-8.818996670630176],[-36.759635281532226,-8.82582280869036],[-36.754722014561054,-8.82805895736523],[-36.75893338625063,-8.833825867105732],[-36.76665423434818,-8.84241738569871],[-36.77694869847825,-8.886316514947769],[-36.760220194266886,-8.880784989278308],[-36.75624278767117,-8.878901916709983],[-36.75144650324694,-8.880667297242788],[-36.74793702683896,-8.88349190609528],[-36.74793702683895,-8.88749343530297],[-36.75004271268376,-8.891612656546172],[-36.766186304160456,-8.912561838868779],[-36.77800154140065,-8.92739103534433],[-36.8270172285654,-8.893260345043457],[-36.83614186722615,-8.88549267069912],[-36.84000229127494,-8.883727290166323],[-36.84982882521726,-8.881844217598],[-36.86398371339612,-8.882550369811115],[-36.867844137444884,-8.883374214059751],[-36.878138601574946,-8.882903445917671],[-36.868663015273405,-8.887258051231933],[-36.87392722988539,-8.885728054770162],[-36.875798950636295,-8.89067112026201],[-36.88001032232587,-8.894084189292101],[-36.89229348975381,-8.895614185753857],[-36.89627089634951,-8.897261874251155],[-36.89942942511668,-8.902675707885088],[-36.90141812841455,-8.909031077803176],[-36.9094899241529,-8.907736465412452],[-36.92083723120536,-8.901498787529881],[-36.925633515629606,-8.900910327352268],[-36.94154314201242,-8.897732642393228],[-36.950901745767055,-8.898203410535304],[-36.95429423962809,-8.901498787529876],[-36.959207506599256,-8.901145711423316],[-36.9633018957419,-8.898909562748434],[-36.97429825515357,-8.895378801682824],[-36.978977557030866,-8.896555722038029],[-36.98342289381429,-8.8958495698249],[-36.988453143332414,-8.897261874251146],[-36.9931324452097,-8.896555722038018],[-36.98342289381429,-8.815465909564562],[-36.97078877874557,-8.711308458129142],[-36.98272099853271,-8.608681003155475],[-36.98857012587932,-8.557367275668636],[-36.99231356738118,-8.556308047348956],[-36.99582304378916,-8.551482673892618],[-36.996290973976905,-8.544656535832454],[-37.00178915368272,-8.541361158837887],[-37.01114775743734,-8.541596542908927],[-37.01407232111063,-8.54312653937069],[-37.021910151755115,-8.544891919903494],[-37.02471773288151,-8.542538079193077],[-37.0297479823996,-8.541478850873402],[-37.031619703150554,-8.539007318127476],[-37.03945753379502,-8.539242702198518],[-37.047295364439506,-8.542302695122048],[-37.051155788488295,-8.539360394234041],[-37.05817474130422,-8.539242702198516],[-37.059110601679684,-8.536535785381556],[-37.063438955916205,-8.534535020777708],[-37.07174471674843,-8.534299636706674],[-37.02296299467752,-8.498638949944029],[-37.01957050081647,-8.48792897471168],[-37.01559309422078,-8.484280521610557],[-37.01196663526587,-8.477925151692466],[-37.00740431593549,-8.474159006555812],[-37.0035438918867,-8.465802872033882],[-37.00564957773148,-8.455916741050178],[-37.002841996605106,-8.452385979984568],[-37.00705336829468,-8.446619070244067],[-36.99874760746248,-8.439204472006296],[-36.991377707005725,-8.436026787047247],[-36.98798521314469,-8.439204472006294],[-36.98541159711217,-8.44461830564023],[-36.98611349239375,-8.448266758741356],[-36.982954963626554,-8.450502907416237],[-36.97874359193698,-8.449208295025521],[-36.96926800563545,-8.44438292156919],[-36.96423775611734,-8.44402984546263],[-36.96143017499099,-8.445442149888876],[-36.95850561131765,-8.44391215342711],[-36.951486658501686,-8.445089073782311],[-36.94984890284466,-8.448031374670315],[-36.945052618420405,-8.444500613604708],[-36.93557703211887,-8.448031374670316],[-36.93265246844556,-8.456975969369864],[-36.922708951956274,-8.463919799465552],[-36.917561719891246,-8.458505965831627],[-36.91077673216916,-8.448502142812403],[-36.904459674634786,-8.443676769356074],[-36.89685580908418,-8.44191138882326],[-36.900950198226816,-8.439792932183895],[-36.88234997326452,-8.436144479082776],[-36.879542392138156,-8.455563664943618],[-36.87767067138723,-8.455092896801533],[-36.87252343932218,-8.457799813618493],[-36.86913094546115,-8.455916741050174],[-36.86632336433477,-8.456269817156741],[-36.859304411518806,-8.45273905609113],[-36.852519423796714,-8.444853689711266],[-36.85017977285806,-8.439675240148382],[-36.830994635161105,-8.426140656063552],[-36.82116810121877,-8.417784521541618],[-36.82198697904729,-8.422845279068977],[-36.825379472908345,-8.43261371801716],[-36.82982480969179,-8.437909859615578],[-36.83263239081817,-8.443559077320549],[-36.83894944835252,-8.44779599059928],[-36.84222495966665,-8.455092896801533],[-36.84187401202586,-8.46038903839995],[-36.84795710446636,-8.465802872033876],[-36.84748917427862,-8.468274404779805],[-36.850179772858056,-8.475924387088616],[-36.84924391248259,-8.481691296829116],[-36.85439114454762,-8.48969435524449],[-36.859187428971886,-8.5001689464058],[-36.85708174312708,-8.504170475613483],[-36.85871949878414,-8.51193814995781],[-36.862813887926784,-8.513468146419582],[-36.86351578320838,-8.51746967562727],[-36.8674931898041,-8.525237349971604],[-36.869481893101934,-8.530533491570015],[-36.87509705535471,-8.541478850873409],[-36.87673481101176,-8.54312653937069],[-36.88141411288907,-8.542185003086523],[-36.885040571843994,-8.547951912827017],[-36.887263240235704,-8.549952677430866],[-36.88843306570502,-8.555131126993746],[-36.892059524659935,-8.55642573938448],[-36.89568598361484,-8.555366511064788],[-36.89931244256977,-8.56172188098289],[-36.90410872699399,-8.567488790723388],[-36.90562950010412,-8.56807725090099],[-36.903406831712395,-8.57443262081908],[-36.89989735530441,-8.575962617280837],[-36.90071623313294,-8.581729527021329],[-36.904810622275605,-8.587378744726305],[-36.90469363972864,-8.591968734111601],[-36.90995785434061,-8.596205647390322],[-36.911478627450734,-8.59926564031385],[-36.912414487826204,-8.6053856261609],[-36.91229750527927,-8.612094072185553],[-36.84105513419731,-8.664231643921037],[-36.816839746982275,-8.689653123593416],[-36.79695271400371,-8.70189309528752],[-36.79122056920404,-8.7029523236072],[-36.78630730223286,-8.70636539263728],[-36.785722389498204,-8.709660769631853],[-36.77320525697642,-8.731904564345182]]]}},{"type":"Feature","properties":{"nome":"Santa Maria Da Boa Vista","codigo_ibge":"2612604"},"geometry":{"type":"Polygon","coordinates":[[[-40.004965098536616,-9.05979457530462],[-40.02415023623356,-9.057793810700787],[-40.024384201327415,-9.045671531042188],[-40.02695781735994,-9.044259226615948],[-40.02836160792313,-9.03590309209402],[-40.02742574754768,-9.034608479703289],[-40.02871255556392,-9.026840805358946],[-40.02426721878049,-9.018837746943577],[-40.030584276314855,-9.00577393100083],[-40.03456168291057,-9.004126242503547],[-40.03830512441242,-9.000948557544495],[-40.047780710713944,-8.996711644265764],[-40.04719579797927,-8.991062426560795],[-40.04520709468143,-8.986472437175502],[-40.0404108102572,-8.981411679648136],[-40.0369013338492,-8.979057838937733],[-40.03912400224093,-8.975527077872115],[-40.04415425175904,-8.972467084948587],[-40.049652431464864,-8.972820161055154],[-40.066614900770084,-8.963287106178011],[-40.07047532481888,-8.9597563451124],[-40.07234704556979,-8.954342511478478],[-40.07924901583882,-8.953047899087753],[-40.086384951201694,-8.9504586743063],[-40.093520886564605,-8.953518667229837],[-40.09703036297256,-8.956931736259923],[-40.09211709600139,-8.922330277816966],[-40.0680186913333,-8.74979375374426],[-40.07398480122686,-8.632337102295045],[-40.07913203329188,-8.631748642117435],[-40.08357737007533,-8.632572486366088],[-40.08661891629558,-8.630807105833279],[-40.089894427609686,-8.62409865980863],[-40.09164916581368,-8.617507905819492],[-40.09714734551952,-8.614800989002523],[-40.10112475211522,-8.611740996078995],[-40.10861163511888,-8.612211764221078],[-40.11200412897995,-8.611387919972445],[-40.11691739595112,-8.6123294562566],[-40.13200814450542,-8.607504082800272],[-40.13762330675818,-8.600913328811133],[-40.14335545155787,-8.596087955354808],[-40.14452527702721,-8.59067412172087],[-40.14651398032506,-8.588084896939426],[-40.15084233456156,-8.58643720844214],[-40.15517068879809,-8.5832595234831],[-40.15751033973674,-8.576433385422924],[-40.16523118783429,-8.573844160641471],[-40.16593308311586,-8.571254935860031],[-40.16406136236497,-8.567018022581294],[-40.16616704820976,-8.564781873906417],[-40.16605006566281,-8.560662652663208],[-40.16417834491189,-8.555484203100313],[-40.16534817038122,-8.548775757075665],[-40.169208594429996,-8.544303459725885],[-40.1731860010257,-8.543244231406211],[-40.17774832035608,-8.54041962255372],[-40.17903512837232,-8.537948089807797],[-40.17599358215209,-8.530415799534497],[-40.18172572695178,-8.525472734042653],[-40.187223906657614,-8.5274734986465],[-40.190616400518664,-8.524060429616407],[-40.190967348159454,-8.521000436692876],[-40.19658251041223,-8.51264430217094],[-40.196231562771416,-8.511702765886774],[-40.192371138722656,-8.509937385353975],[-40.19061640051866,-8.504170475613478],[-40.191903208534924,-8.498521257908505],[-40.1907333830656,-8.495108188878424],[-40.19014847033092,-8.487693590640648],[-40.19424285947358,-8.480749760544946],[-40.19272208636344,-8.478513611870069],[-40.19494475475516,-8.468156712744277],[-40.19716742314687,-8.463802107430027],[-40.19623156277143,-8.458270581760582],[-40.19424285947356,-8.455563664943618],[-40.19319001655117,-8.448384450776873],[-40.18862769722079,-8.444853689711268],[-40.18652201137603,-8.439557548112857],[-40.185820116094426,-8.434261406514448],[-40.18184270949871,-8.42637604013459],[-40.18231063968644,-8.423080663140025],[-40.17798228544994,-8.419549902074408],[-40.17306901847877,-8.422256818891384],[-40.17072936754012,-8.4217860507493],[-40.169442559523844,-8.41837298171921],[-40.165933083115874,-8.418255289683689],[-40.16464627509962,-8.412252995872151],[-40.159382060487644,-8.405544549847503],[-40.15575560153273,-8.404838397634384],[-40.152363107671704,-8.406368394096141],[-40.15189517748396,-8.401543020639814],[-40.14920457890451,-8.399306871964928],[-40.14920457890451,-8.396482263112444],[-40.146046050137336,-8.394716882579635],[-40.142770538823214,-8.389420740981226],[-40.14230260863549,-8.38612536398666],[-40.13949502750911,-8.382594602921056],[-40.141132783166164,-8.378122305571281],[-40.1369214114766,-8.372473087866315],[-40.13504969072567,-8.3671769462679],[-40.133996847803274,-8.360703884314283],[-40.10872861766583,-8.34811083651362],[-40.09983794409896,-8.346816224122897],[-40.09515864222164,-8.349170064833306],[-40.09340390401765,-8.353995438289624],[-40.09059632289128,-8.357526199355235],[-40.0921170960014,-8.360468500243245],[-40.09071330543821,-8.366588486090302],[-40.08240754460599,-8.37141385954663],[-40.07375083613299,-8.370119247155907],[-40.0645092149253,-8.370707707333514],[-40.05959594795414,-8.369648479013833],[-40.05608647154617,-8.365293873699581],[-40.04906751873019,-8.366000025912696],[-40.04345235647745,-8.364352337415413],[-40.039474949881715,-8.367059254232379],[-40.03502961309828,-8.36858925069414],[-40.029882381033254,-8.374473852470162],[-40.02625592207833,-8.373061548043912],[-40.02227851548264,-8.373650008221517],[-40.01876903907465,-8.370590015297983],[-40.01596145794827,-8.36588233387718],[-40.01490861502589,-8.36105696042085],[-40.0110481909771,-8.356349279000032],[-40.0037952730673,-8.354466206431708],[-39.99279891365562,-8.3584677356394],[-39.989640384888446,-8.364823105557496],[-39.98332332735408,-8.366941562196862],[-39.977357217460515,-8.370707707333509],[-39.973028863224,-8.371766935653188],[-39.96367025946939,-8.377651537429204],[-39.957587167028905,-8.3776515374292],[-39.9529078651516,-8.372002319724237],[-39.94647382507031,-8.369530786978304],[-39.940039784989025,-8.364352337415408],[-39.9353604831117,-8.364352337415408],[-39.930330233593615,-8.367647714409976],[-39.927054722279486,-8.367530022374458],[-39.92143956002672,-8.369648479013826],[-39.918281031259546,-8.367765406445509],[-39.91243190391292,-8.370119247155907],[-39.90775260203562,-8.369883863084869],[-39.902137439782855,-8.373061548043905],[-39.89804305064021,-8.373650008221517],[-39.88833349924481,-8.367647714409985],[-39.88178247661657,-8.360350808207727],[-39.87324275069051,-8.359291579888046],[-39.86669172806226,-8.352112365721311],[-39.861661478544164,-8.349876217046418],[-39.85569536865061,-8.342814694915203],[-39.85113304932023,-8.335635480748463],[-39.8442310790512,-8.335047020570872],[-39.8388498818923,-8.333281640038065],[-39.83440454510886,-8.329633186936933],[-39.82563085408893,-8.332104719682864],[-39.820249656930024,-8.332104719682864],[-39.81428354703647,-8.329280110830382],[-39.80831743714289,-8.329986263043493],[-39.80340417017174,-8.33398779225119],[-39.79697013009044,-8.336223940926072],[-39.78772850888277,-8.332693179860467],[-39.7835171371932,-8.339401625885117],[-39.780358608426,-8.340696238275836],[-39.7732226730631,-8.340107778098243],[-39.771467934859125,-8.341284698453443],[-39.77076603957754,-8.348346220584657],[-39.76667165043488,-8.353406978112032],[-39.762109331104526,-8.352936209969958],[-39.756377186304825,-8.345050843590096],[-39.750762024052065,-8.343991615270408],[-39.74725254764407,-8.347875452442581],[-39.747135565097146,-8.35317159404099],[-39.74502987925236,-8.358114659532834],[-39.74444496651769,-8.371649243617668],[-39.74140342029745,-8.377063077251606],[-39.73508636276308,-8.377063077251604],[-39.73227878163671,-8.375533080789834],[-39.72666361938394,-8.377886921500249],[-39.72420698589834,-8.381888450707939],[-39.72315414297595,-8.391186121514032],[-39.72198431750664,-8.393422270188914],[-39.71145588828271,-8.398365335680765],[-39.71063701045418,-8.40130763656878],[-39.71438045195601,-8.40577993391855],[-39.71367855667441,-8.4095460790552],[-39.70198030198116,-8.415195296760167],[-39.69156885530416,-8.426140656063547],[-39.6881763614431,-8.428847572880525],[-39.68431593739432,-8.434261406514452],[-39.679753618063955,-8.439204472006299],[-39.67870077514157,-8.441793696787737],[-39.67823284495385,-8.451326751664885],[-39.6723837176072,-8.456622893263297],[-39.669927084121625,-8.460859806542032],[-39.66325907894645,-8.46191903486171],[-39.66150434074248,-8.468509788850838],[-39.65951563744463,-8.472158241951977],[-39.654134440285716,-8.478278227799025],[-39.65390047519187,-8.48639897824992],[-39.6515608242532,-8.490047431351043],[-39.65191177189401,-8.4944020366653],[-39.649221173314565,-8.497579721624344],[-39.64220222049861,-8.4973443375533],[-39.634832320041845,-8.50063971454787],[-39.63097189599306,-8.503817399506927],[-39.63038698325841,-8.506524316323887],[-39.63506628513569,-8.50934892517637],[-39.63518326768263,-8.514762758810301],[-39.64161730776394,-8.516763523414154],[-39.64337204596793,-8.519117364124554],[-39.646062644547364,-8.659641654535742],[-39.65237970208173,-8.66034780674887],[-39.660919428007816,-8.657405505860861],[-39.671564839778675,-8.659523962500227],[-39.68887825672471,-8.660818574890941],[-39.691919802944966,-8.66423164392103],[-39.69308962841427,-8.676236231544097],[-39.69308962841427,-8.680473144822829],[-39.68794239634924,-8.693536960765575],[-39.685836710504454,-8.701186943074392],[-39.682327234096476,-8.711426150164662],[-39.67963663551702,-8.722489201503567],[-39.67799887985998,-8.732610716558309],[-39.67507431618666,-8.736612245765986],[-39.67378750817041,-8.745439148430012],[-39.678115862406905,-8.756972967910997],[-39.6767120718437,-8.76591756261054],[-39.67495733363972,-8.77262600863519],[-39.67168182232561,-8.777569074127044],[-39.67331957798265,-8.784865980329295],[-39.67601017656211,-8.788279049359383],[-39.679987583157825,-8.789455969714586],[-39.6906329949287,-8.795693647597165],[-39.695078331712146,-8.799577484769332],[-39.70420297037286,-8.800048252911411],[-39.71016908026644,-8.797812104236533],[-39.71683708544161,-8.797576720165493],[-39.72175035241276,-8.79898902459173],[-39.73029007833884,-8.796635183881325],[-39.738712821717996,-8.794869803348522],[-39.74783746037873,-8.794045959099886],[-39.75029409386434,-8.796752875916846],[-39.76175838346371,-8.80098978919557],[-39.764448982043156,-8.804755934332224],[-39.77544534145484,-8.809110539646472],[-39.788781351805135,-8.819114362665697],[-39.79264177585392,-8.819938206914335],[-39.80363813526561,-8.818643594523616],[-39.81486845977112,-8.814642065315926],[-39.82001569183614,-8.813465144960727],[-39.830427138513166,-8.81440668124489],[-39.844815991785865,-8.818290518417056],[-39.86294828656044,-8.81946743877226],[-39.88681272613467,-8.82499896444171],[-39.89301280112212,-8.828765109578358],[-39.89605434734236,-8.832884330821571],[-39.90049968412578,-8.842064309592143],[-39.90272235251751,-8.8505381361496],[-39.902956317611384,-8.858776578636022],[-39.90120157940738,-8.86419041226995],[-39.88423911010217,-8.895731877789377],[-39.879442825677906,-8.901851863636445],[-39.877922052567804,-8.90997261408733],[-39.87745412238008,-8.921624125603836],[-39.87347671578436,-8.930215644196823],[-39.87441257615982,-8.936688706150427],[-39.88271833699204,-8.952106362803582],[-39.88611083085308,-8.96116864953865],[-39.88880142943252,-8.965876330959457],[-39.892661853481314,-8.968936323882984],[-39.89932985865646,-8.97246708494859],[-39.906933724207086,-8.981647063719176],[-39.91360172938223,-8.994357803555358],[-39.916526293055554,-8.998712408869615],[-39.92728868737334,-9.00918700003092],[-39.92880946048349,-9.012953145167561],[-39.933488762360795,-9.017072366410765],[-39.940039784989,-9.025899269074795],[-39.94916442364974,-9.035667708022974],[-39.95267390005774,-9.04025769740827],[-39.95548148118412,-9.046259991219792],[-39.95805509721663,-9.048613831930195],[-39.96811559625283,-9.05320382131549],[-39.97841006038291,-9.054851509812774],[-39.98975736743535,-9.059441499198062],[-39.99794614572065,-9.061089187695343],[-40.004965098536616,-9.05979457530462]]]}},{"type":"Feature","properties":{"nome":"Joaquim Nabuco","codigo_ibge":"2608206"},"geometry":{"type":"Polygon","coordinates":[[[-35.542548863245386,-8.485222057894727],[-35.535295945335555,-8.48227975700672],[-35.53424310241318,-8.484280521610561],[-35.529563800535875,-8.487222822498566],[-35.5268732019564,-8.4926366561325],[-35.52406562083003,-8.495108188878417],[-35.525820359034036,-8.502640479151724],[-35.51903537131193,-8.504758935791084],[-35.515408912357024,-8.504523551720046],[-35.51061262793277,-8.501581250832032],[-35.50511444822695,-8.50146355879651],[-35.50020118125576,-8.49805048976643],[-35.49095956004811,-8.49428434462978],[-35.48908783929718,-8.49463742073634],[-35.48756706618704,-8.50205201897412],[-35.48768404873399,-8.505935856146284],[-35.52125803970363,-8.55666112345552],[-35.52406562083002,-8.579140302239887],[-35.51271831377757,-8.635279403183047],[-35.5376355962742,-8.658700118251582],[-35.544303601449386,-8.657640889931892],[-35.54348472362084,-8.650932443907243],[-35.54208093305765,-8.649873215587563],[-35.543835671261654,-8.643164769562908],[-35.55658676887729,-8.642223233278749],[-35.56150003584847,-8.637515551857936],[-35.56617933772578,-8.635867863360652],[-35.567349163195104,-8.631984026188482],[-35.57085863960307,-8.629865569549121],[-35.58770412636137,-8.517587367662788],[-35.588756969283764,-8.514645066774792],[-35.58606637070431,-8.511349689780221],[-35.57694173204357,-8.50605354818181],[-35.57249639526012,-8.50264047915172],[-35.57003976177456,-8.498403565872986],[-35.558458489628215,-8.493460500381135],[-35.548982903326674,-8.486752054356485],[-35.54371868871471,-8.486869746392005],[-35.542548863245386,-8.485222057894727]]]}},{"type":"Feature","properties":{"nome":"Jupi","codigo_ibge":"2608305"},"geometry":{"type":"Polygon","coordinates":[[[-36.34200758898282,-8.801460557337663],[-36.34680387340706,-8.801225173266609],[-36.34575103048465,-8.794399035206437],[-36.34867559415797,-8.791103658211878],[-36.34738878614173,-8.788514433430432],[-36.350196367268104,-8.785454440506902],[-36.36119272667977,-8.792280578567086],[-36.36177763941442,-8.798047488307567],[-36.36540409836933,-8.795222879455086],[-36.376166492687155,-8.793339806886758],[-36.379442004001234,-8.791574426353954],[-36.38201562003377,-8.794281343170919],[-36.38517414880095,-8.79239827060259],[-36.39125724124146,-8.79086827414083],[-36.39511766529023,-8.793692882993314],[-36.400264897355264,-8.791692118389477],[-36.399913949714474,-8.784042136080654],[-36.39453275255556,-8.784748288293777],[-36.39464973510249,-8.780511375015053],[-36.400615844996054,-8.777686766162569],[-36.44822774159762,-8.657758581967414],[-36.38248355022151,-8.63492632707649],[-36.38236656767457,-8.635279403183048],[-36.36903055732426,-8.68753466695404],[-36.37172115590371,-8.74390915196825],[-36.32878856117944,-8.799342100698293],[-36.333701828150595,-8.805462086545342],[-36.34200758898282,-8.801460557337663]]]}},{"type":"Feature","properties":{"nome":"Venturosa","codigo_ibge":"2616001"},"geometry":{"type":"Polygon","coordinates":[[[-36.7021968509883,-8.723901505929803],[-36.77320525697642,-8.731904564345182],[-36.785722389498204,-8.709660769631853],[-36.78630730223286,-8.70636539263728],[-36.79122056920404,-8.7029523236072],[-36.79695271400371,-8.70189309528752],[-36.816839746982275,-8.689653123593416],[-36.84105513419731,-8.664231643921037],[-36.91229750527927,-8.612094072185553],[-36.912414487826204,-8.6053856261609],[-36.911478627450734,-8.59926564031385],[-36.90995785434061,-8.596205647390322],[-36.90469363972864,-8.591968734111601],[-36.904810622275605,-8.587378744726305],[-36.90071623313294,-8.581729527021329],[-36.89989735530441,-8.575962617280837],[-36.903406831712395,-8.57443262081908],[-36.90562950010412,-8.56807725090099],[-36.90410872699399,-8.567488790723388],[-36.89931244256977,-8.56172188098289],[-36.89568598361484,-8.555366511064788],[-36.892059524659935,-8.55642573938448],[-36.88843306570502,-8.555131126993746],[-36.887263240235704,-8.549952677430866],[-36.885040571843994,-8.547951912827017],[-36.88141411288907,-8.542185003086523],[-36.87673481101176,-8.54312653937069],[-36.87509705535471,-8.541478850873409],[-36.869481893101934,-8.530533491570015],[-36.8674931898041,-8.525237349971604],[-36.86351578320838,-8.51746967562727],[-36.862813887926784,-8.513468146419582],[-36.85871949878414,-8.51193814995781],[-36.85708174312708,-8.504170475613483],[-36.859187428971886,-8.5001689464058],[-36.85439114454762,-8.48969435524449],[-36.84924391248259,-8.481691296829116],[-36.850179772858056,-8.475924387088616],[-36.84748917427862,-8.468274404779805],[-36.84795710446636,-8.465802872033876],[-36.84187401202586,-8.46038903839995],[-36.84222495966665,-8.455092896801533],[-36.83894944835252,-8.44779599059928],[-36.83263239081817,-8.443559077320549],[-36.82982480969179,-8.437909859615578],[-36.825379472908345,-8.43261371801716],[-36.82198697904729,-8.422845279068977],[-36.8263153332838,-8.503699707471402],[-36.78736014515526,-8.544538843796937],[-36.788646953171515,-8.548422680969104],[-36.78595635459205,-8.555601895135835],[-36.77987326215158,-8.56078034469873],[-36.77882041922917,-8.564193413728809],[-36.77963929705771,-8.57043109161139],[-36.7832657560126,-8.576198001351884],[-36.78420161638807,-8.581141066843731],[-36.78349972110649,-8.589261817294629],[-36.77882041922918,-8.59008566154327],[-36.778352489041424,-8.602678709343934],[-36.767824059817514,-8.602561017308421],[-36.75905036879756,-8.599030256242807],[-36.743491690055514,-8.603502553592573],[-36.73612178959876,-8.606091778374031],[-36.73085757498679,-8.605503318196421],[-36.72921981932974,-8.607386390764749],[-36.72875188914201,-8.616684061570847],[-36.72781602876655,-8.620097130600934],[-36.73144248772148,-8.624922504057272],[-36.730038697158285,-8.629630185478083],[-36.72594430801564,-8.630454029726724],[-36.72372163962391,-8.632690178401612],[-36.72313672688925,-8.637633243893458],[-36.72489146509325,-8.648343219125806],[-36.690030666107326,-8.670233937732572],[-36.7021968509883,-8.723901505929803]]]}},{"type":"Feature","properties":{"nome":"Itaíba","codigo_ibge":"2607505"},"geometry":{"type":"Polygon","coordinates":[[[-37.52528605120614,-8.963404798213535],[-37.525286051206145,-8.954342511478478],[-37.52177657479815,-8.949281753951102],[-37.521659592251225,-8.945162532707892],[-37.518501063484045,-8.938336394647719],[-37.50762168661931,-8.936571014114913],[-37.504697122946,-8.930921796409942],[-37.50060273380334,-8.928921031806096],[-37.49334981589353,-8.914680295508143],[-37.48984033948556,-8.903852628240278],[-37.490542234767155,-8.88631651494777],[-37.47755717205765,-8.873370391040535],[-37.48118363101254,-8.84335892198287],[-37.44866248296529,-8.880196529100717],[-37.43860198392908,-8.867956557406597],[-37.43240190894164,-8.866779637051403],[-37.42959432781528,-8.87089885829461],[-37.423979165562514,-8.872899622898448],[-37.42199046226465,-8.871251934401167],[-37.41941684623214,-8.864072720234429],[-37.42351123537477,-8.86124811138195],[-37.42456407829715,-8.858541194564983],[-37.42245839245237,-8.85065582818513],[-37.418364003309726,-8.848537371545763],[-37.41555642218334,-8.842770461805262],[-37.41555642218335,-8.840534313130386],[-37.421288566983065,-8.836062015780618],[-37.42105460188917,-8.831001258253236],[-37.41766210802813,-8.825822808690345],[-37.415556422183364,-8.825705116654833],[-37.41169599813459,-8.814877449386971],[-37.36525392700232,-8.812523608676564],[-37.363499188798336,-8.819938206914335],[-37.35765006145171,-8.823115891873385],[-37.35566135815386,-8.825587424619307],[-37.3496952482603,-8.82605819276139],[-37.34677068458697,-8.83288433082157],[-37.34255931289742,-8.834296635247814],[-37.34033664450568,-8.8371212441003],[-37.33589130772224,-8.835120479496455],[-37.32629873887376,-8.839004316668616],[-37.321034524261805,-8.835591247638533],[-37.3181099605885,-8.827588189223151],[-37.31190988560105,-8.827588189223153],[-37.30325317712804,-8.823233583908904],[-37.29740404978143,-8.82276281576682],[-37.294830433748885,-8.824645888335153],[-37.28968320168385,-8.825469732583793],[-37.283834074337236,-8.82252743169578],[-37.2833661441495,-8.81934974673673],[-37.27962270264766,-8.818408210452574],[-37.27119995926852,-8.820291283020895],[-37.27096599417465,-8.818761286559138],[-37.25493938524489,-8.812288224605528],[-37.2514299088369,-8.812288224605526],[-37.25026008336757,-8.816407445848725],[-37.24569776403721,-8.821350511340581],[-37.241720357441515,-8.82276281576682],[-37.23891277631512,-8.825705116654834],[-37.23294666642155,-8.837356628171332],[-37.23552028245407,-8.841358157379027],[-37.23247873623382,-8.846654298977437],[-37.228969259825845,-8.849125831723361],[-37.224991853230144,-8.85418658925073],[-37.2241729754016,-8.859129654742585],[-37.22744848671572,-8.861248111381949],[-37.227331504168795,-8.86689732908692],[-37.22230125465068,-8.866897329086918],[-37.224757888136274,-8.871958086614297],[-37.224289957948535,-8.874194235289178],[-37.22054651644669,-8.8778426883903],[-37.220078586258964,-8.88502190255704],[-37.21528230183473,-8.888199587516093],[-37.21282566834914,-8.887964203445053],[-37.21083696505128,-8.891494964510658],[-37.20545576789238,-8.897850334428753],[-37.198553797623376,-8.90020417513915],[-37.198553797623376,-8.905618008773088],[-37.195395268856196,-8.912914914975342],[-37.18849329858716,-8.916916444183032],[-37.185919682554655,-8.924448734456323],[-37.180304520301874,-8.925625654811526],[-37.17726297408164,-8.929627184019214],[-37.1753912533307,-8.934217173404503],[-37.16942514343715,-8.941043311464677],[-37.16439489391903,-8.939277930931878],[-37.15796085383776,-8.939984083145001],[-37.15538723780522,-8.94563330084997],[-37.15211172649112,-8.946810221205174],[-37.147666389707695,-8.945280224743415],[-37.14368898311196,-8.94681022120517],[-37.14099838453252,-8.945515608814455],[-37.135266239732836,-8.947751757489339],[-37.127194443994476,-8.953400975194317],[-37.12391893268036,-8.954107127407429],[-37.122983072304905,-8.956814044224394],[-37.11830377042761,-8.957284812366476],[-37.11444334637881,-8.95999172918345],[-37.107424393562866,-8.958226348650642],[-37.101224318575454,-8.960227113254485],[-37.09935259782451,-8.971054780522348],[-37.10052242329383,-8.976703998227327],[-37.106020602999685,-8.984471672571658],[-37.106371550640475,-8.993063191164644],[-37.1111678350647,-8.996947028336807],[-37.11058292233005,-9.002596246041772],[-37.115379206754284,-9.006950851356022],[-37.11608110203589,-9.010599304457157],[-37.122632124664115,-9.013423913309639],[-37.1261416010721,-9.016601598268691],[-37.126726513806744,-9.021191587653979],[-37.13128883313712,-9.029900798282485],[-37.13479830954508,-9.033196175277052],[-37.142402175095725,-9.037080012449215],[-37.14474182603436,-9.043435382367305],[-37.14719845951995,-9.046848451397391],[-37.14977207555247,-9.047554603610523],[-37.15562120289909,-9.053556897422053],[-37.159364644400945,-9.061324571766386],[-37.162406190621184,-9.073093775318418],[-37.16182127788654,-9.083803750550759],[-37.16065145241719,-9.091453732859572],[-37.162874120808915,-9.094631417818624],[-37.161704295339604,-9.106400621370643],[-37.162289208074256,-9.118169824922674],[-37.161938260433466,-9.122995198379003],[-37.159130679307076,-9.12640826740909],[-37.16076843496413,-9.140295927600485],[-37.166617562310755,-9.15112359486835],[-37.16720247504542,-9.156772812573326],[-37.17047798635955,-9.166658943557016],[-37.17024402126567,-9.16901278426743],[-37.181708310865076,-9.185725053311307],[-37.18205925850586,-9.188314278092745],[-37.18556873491385,-9.19490503208189],[-37.185451752366916,-9.200318865715817],[-37.192353722635936,-9.201966554213106],[-37.195629233950065,-9.205026547136624],[-37.1983198325295,-9.215501138297924],[-37.20229723912522,-9.217854979008335],[-37.20650861081477,-9.21761959493729],[-37.21212377306755,-9.221150356002905],[-37.216218162210204,-9.226211113530269],[-37.22031255135285,-9.227976494063075],[-37.23049003293597,-9.237627240975739],[-37.23435045698474,-9.240216465757186],[-37.233882526797004,-9.23209571530628],[-37.230373050389026,-9.23033033477348],[-37.22920322491972,-9.226799573707872],[-37.232361753686895,-9.22232727635811],[-37.23259571878075,-9.211852685196805],[-37.23481838717247,-9.204555778994541],[-37.23914674140899,-9.203261166603816],[-37.2406675145191,-9.198435793147496],[-37.24300716545774,-9.196435028543641],[-37.2467506069596,-9.190432734732115],[-37.24324113055163,-9.186078129417862],[-37.24710155460041,-9.17901660728665],[-37.252950681947034,-9.1734850816172],[-37.259852652216054,-9.165128947095264],[-37.261958338060836,-9.163716642669018],[-37.2625432507955,-9.158891269212683],[-37.26652065739122,-9.159008961248198],[-37.27096599417465,-9.15583127628915],[-37.278452877178324,-9.152535899294584],[-37.28231330122712,-9.14888744619346],[-37.287928463479886,-9.136294398392794],[-37.2965851719529,-9.12087674173964],[-37.30360412476884,-9.11699290456747],[-37.31109100777254,-9.107577541725849],[-37.31074006013173,-9.100398327559116],[-37.3174080653069,-9.09239526914374],[-37.32384210538819,-9.094042957641015],[-37.32770252943696,-9.093219113392376],[-37.332381831314265,-9.08909989214917],[-37.33448751715907,-9.081920677982437],[-37.358585921827185,-9.053909973528613],[-37.391458017515234,-9.02695849739447],[-37.395552406657885,-9.028135417749676],[-37.39683921467415,-9.02554619296823],[-37.39613731939252,-9.020132359334292],[-37.40210342928609,-9.01848467083702],[-37.40420911513089,-9.014247757558282],[-37.410994102852996,-9.009304692066431],[-37.416492282558806,-9.006597775249467],[-37.423979165562486,-9.00671546728499],[-37.431232083472324,-9.007657003569149],[-37.43953784430454,-9.005891623036351],[-37.453224802295644,-9.0015370177221],[-37.460243755111605,-9.001183941615531],[-37.46819856830301,-8.998594716834095],[-37.47744018951069,-8.992945499129126],[-37.48048173573096,-8.992592423022552],[-37.483991212138925,-8.98894396992143],[-37.48679879326532,-8.990944734525275],[-37.49253093806502,-8.990473966383199],[-37.49229697297113,-8.987531665495187],[-37.49709325739537,-8.974938617694526],[-37.49873101305243,-8.969289399989552],[-37.5043461753052,-8.965405562817377],[-37.50902547718251,-8.967406327421225],[-37.513353831419,-8.965758638923932],[-37.516980290373915,-8.965876330959457],[-37.51908597621872,-8.968347863705382],[-37.52528605120614,-8.963404798213535]]]}},{"type":"Feature","properties":{"nome":"Machados","codigo_ibge":"2609105"},"geometry":{"type":"Polygon","coordinates":[[[-35.548281008045066,-7.716810757982945],[-35.54208093305765,-7.715986913734304],[-35.539741282118996,-7.707630779212364],[-35.53424310241317,-7.705865398679566],[-35.53049966091133,-7.701746177436358],[-35.52628828922175,-7.699980796903541],[-35.52114105715672,-7.695979267695859],[-35.521024074609784,-7.692683890701294],[-35.52535242884628,-7.687505441138405],[-35.529329835442006,-7.679620074758537],[-35.52476751611161,-7.674441625195658],[-35.513303226512214,-7.671263940236606],[-35.51260133123062,-7.665261646425073],[-35.51470701707541,-7.656787819867618],[-35.48288776430975,-7.673970857053579],[-35.47504993366527,-7.677619310154707],[-35.46475546953519,-7.671263940236609],[-35.44568731438519,-7.69268389070129],[-35.48440853741989,-7.729992265961221],[-35.49072559495424,-7.7298745739257],[-35.49248033315824,-7.732581490742668],[-35.502306867100565,-7.739054552696275],[-35.50488048313309,-7.743762234117082],[-35.511665470855185,-7.747881455360291],[-35.5164617552794,-7.7495291438575835],[-35.52020519678124,-7.74917606775102],[-35.52336372554842,-7.744233002259164],[-35.52628828922176,-7.748940683679972],[-35.533424224584635,-7.746822227040612],[-35.5296807830828,-7.743291465975],[-35.54137903777605,-7.735406099595148],[-35.53868843919661,-7.7286976535704985],[-35.541262055229126,-7.725990736753526],[-35.54418661890244,-7.725990736753524],[-35.54500549673097,-7.722813051794481],[-35.54863195568587,-7.722813051794483],[-35.548281008045066,-7.716810757982945]]]}},{"type":"Feature","properties":{"nome":"Nazaré Da Mata","codigo_ibge":"2609501"},"geometry":{"type":"Polygon","coordinates":[[[-35.304255415143665,-7.766241412901452],[-35.304489380237534,-7.766123720865937],[-35.259568082215424,-7.675618545550857],[-35.24131880489392,-7.705394630537485],[-35.23874518886141,-7.702216945578429],[-35.24108483980005,-7.696803111944499],[-35.23570364264116,-7.694802347340663],[-35.23102434076387,-7.690094665919848],[-35.22646202143347,-7.689741589813283],[-35.221899702103094,-7.686681596889763],[-35.2135939412709,-7.68350391193071],[-35.211722220519974,-7.681385455291355],[-35.185167182366264,-7.688211593351522],[-35.167736782873305,-7.709513851780686],[-35.165163166840784,-7.713868457094936],[-35.15931403949417,-7.710337696029336],[-35.155570597992316,-7.709513851780694],[-35.150774313568064,-7.708690007532053],[-35.149136557911014,-7.713515380988385],[-35.15592154563313,-7.719399982764398],[-35.15966498713497,-7.72563766064697],[-35.16457825410613,-7.724696124362802],[-35.16995945126504,-7.727403041179775],[-35.16808773051412,-7.732463798707136],[-35.169725486171146,-7.735523791630665],[-35.17452177059539,-7.737289172163469],[-35.17323496257915,-7.743526850046051],[-35.17592556115859,-7.744350694294692],[-35.17744633426871,-7.752589136781102],[-35.179318055019635,-7.755531437669107],[-35.1820086535991,-7.75635528191775],[-35.18376339180307,-7.7602391190899205],[-35.1932389781046,-7.7584737385571225],[-35.19885414035737,-7.762357575729293],[-35.19979000073285,-7.768006793434258],[-35.21113730778532,-7.771655246535385],[-35.212190150707706,-7.7733029350326674],[-35.221431771915384,-7.779540612915243],[-35.24155276998779,-7.7917805846093575],[-35.248220775162956,-7.796370573994649],[-35.25219818175866,-7.808728237724274],[-35.27419090058198,-7.78836751557926],[-35.304255415143665,-7.766241412901452]]]}},{"type":"Feature","properties":{"nome":"Sanharó","codigo_ibge":"2612406"},"geometry":{"type":"Polygon","coordinates":[[[-36.510696421659645,-8.402013788781895],[-36.513153055145224,-8.405073781705418],[-36.509760561284175,-8.438969087935254],[-36.508590735814856,-8.45391597644633],[-36.5579573706204,-8.506524316323882],[-36.58275767057013,-8.464272875572119],[-36.583459565851726,-8.462742879110353],[-36.61796941719683,-8.370707707333509],[-36.62756198604531,-8.345286227661129],[-36.602761686095604,-8.312450149750974],[-36.57082545078299,-8.292324811677013],[-36.56029702155908,-8.283144832906435],[-36.560180039012124,-8.27431793024241],[-36.55514978949403,-8.27196408953201],[-36.553395051290046,-8.26749179218224],[-36.5475459239434,-8.262431034654876],[-36.54122886640906,-8.255134128452607],[-36.537602407454145,-8.255134128452607],[-36.536315599437884,-8.250661831102846],[-36.54216472678451,-8.247954914285877],[-36.54310058715996,-8.244306461184745],[-36.542281709331434,-8.23983416383498],[-36.538187320188804,-8.237951091266654],[-36.530466472091256,-8.239245703657378],[-36.52859475134033,-8.241128776225706],[-36.52719096077715,-8.246542609859638],[-36.524500362197685,-8.246071841717553],[-36.522745623993686,-8.238774935515295],[-36.51689649664706,-8.232419565597205],[-36.50823978817406,-8.230654185064399],[-36.50414539903142,-8.232301873561685],[-36.50005100988878,-8.236421094804891],[-36.49782834149704,-8.23595032666281],[-36.49420188254216,-8.232301873561683],[-36.49151128396267,-8.235832634627293],[-36.48683198208538,-8.24854337446348],[-36.48589612170993,-8.252544903671174],[-36.491277318868825,-8.259841809873418],[-36.49759437640319,-8.265726411649434],[-36.4994660971541,-8.270316401034721],[-36.49490377782372,-8.272081781567538],[-36.49396791744827,-8.279260995734262],[-36.497945324043975,-8.281144068302591],[-36.49841325423172,-8.288323282469333],[-36.520172007961186,-8.297503261239907],[-36.52555320512008,-8.302917094873836],[-36.52461734474462,-8.307507084259125],[-36.518651234851056,-8.310567077182656],[-36.51642856645934,-8.312803225857536],[-36.514907793349195,-8.317157831171789],[-36.5112813343943,-8.321394744450515],[-36.50086988771731,-8.324454737374047],[-36.497243428762395,-8.324454737374047],[-36.49455283018295,-8.322689356841236],[-36.49373395235441,-8.315863218781073],[-36.48917163302403,-8.316333986923148],[-36.48460931369367,-8.314450914354824],[-36.49279809197896,-8.384124599382819],[-36.510696421659645,-8.402013788781895]]]}},{"type":"Feature","properties":{"nome":"Feira Nova","codigo_ibge":"2605400"},"geometry":{"type":"Polygon","coordinates":[[[-35.30448938023751,-7.941602545826648],[-35.30472334533138,-7.941955621933204],[-35.3876639711066,-8.00339086447478],[-35.45726858653152,-7.988914744105788],[-35.45644970870297,-7.98361860250738],[-35.45200437191954,-7.979734765335209],[-35.452121354466485,-7.975497852056469],[-35.44907980824621,-7.971025554706709],[-35.44533636674438,-7.967847869747658],[-35.44416654127506,-7.963493264433406],[-35.442060855430285,-7.961139423723009],[-35.43948723939775,-7.959020967083645],[-35.43784948374069,-7.953371749378662],[-35.43574379789591,-7.951724060881385],[-35.4342230247858,-7.946780995389537],[-35.429543722908484,-7.94325023432392],[-35.42708708942289,-7.94007254936488],[-35.42591726395358,-7.935717944050622],[-35.4220568399048,-7.933128719269177],[-35.421237962076255,-7.930304110416696],[-35.41515486963578,-7.923831048463078],[-35.40731703899127,-7.921477207752679],[-35.40287170220785,-7.917122602438433],[-35.397724470142805,-7.916063374118742],[-35.391875342796176,-7.912414921017615],[-35.39105646496766,-7.909943388271696],[-35.384154494698635,-7.905824167028489],[-35.38310165177622,-7.902999558175997],[-35.37889028008667,-7.903823402424635],[-35.37409399566243,-7.906294935170568],[-35.36999960651978,-7.90370571038912],[-35.36181082823452,-7.9050003227798395],[-35.35689756126334,-7.900057257287998],[-35.353622049949216,-7.90017494932351],[-35.35327110230843,-7.896997264364466],[-35.35619566598174,-7.893819579405417],[-35.355376788153215,-7.890641894446376],[-35.32390848302835,-7.931716414842937],[-35.31595366983694,-7.935129483873024],[-35.30448938023751,-7.941602545826648]]]}},{"type":"Feature","properties":{"nome":"Brejo Da Madre de Deus","codigo_ibge":"2602605"},"geometry":{"type":"Polygon","coordinates":[[[-36.44401636990805,-8.145915919489813],[-36.413951855346376,-8.066003027371554],[-36.38026088182977,-7.976674772411679],[-36.44378240481418,-7.920300287397478],[-36.440038963312325,-7.92006490332643],[-36.42319347655405,-7.9219479758947635],[-36.41465375062796,-7.9278325776707765],[-36.400732827543,-7.9381894767965555],[-36.38716285209882,-7.939366397151756],[-36.38119674220523,-7.936424096263748],[-36.3727739988261,-7.945250998927767],[-36.37172115590371,-7.951606368845867],[-36.36400030780616,-7.9524302130945],[-36.359437988475776,-7.952077136987941],[-36.35698135499018,-7.950194064419626],[-36.35288696584755,-7.953607133449703],[-36.351015245096626,-7.957844046728436],[-36.353588861129154,-7.960315579474368],[-36.35101524509663,-7.962787112220289],[-36.34633594321933,-7.959962503367804],[-36.34259250171749,-7.9594917352257175],[-36.337679234746304,-7.961963267971641],[-36.32890554372637,-7.9680832538187],[-36.325396067318394,-7.968318637889741],[-36.31147514423342,-7.959844811332286],[-36.304690156511306,-7.95337174937867],[-36.29977688954014,-7.949958680348585],[-36.29650137822603,-7.945486382998811],[-36.29193905889565,-7.9436033104304835],[-36.2823464900472,-7.944780230785687],[-36.27579546741895,-7.947840223709222],[-36.27111616554165,-7.9477225316736915],[-36.26292738725638,-7.9538425175207434],[-36.25087818492232,-7.953724825485233],[-36.24210449390237,-7.956196358231151],[-36.231810029772305,-7.95607866619563],[-36.227130727895,-7.955137129911476],[-36.219058932156656,-7.9590209670836405],[-36.212741874622274,-7.958667890977077],[-36.20572292180632,-7.962669420184775],[-36.20303232322687,-7.962787112220287],[-36.19683224823944,-7.957726354692913],[-36.19086613834589,-7.9585501989415555],[-36.18934536523577,-7.96184557593613],[-36.1776471105425,-7.968554021960777],[-36.17261686102441,-7.967847869747661],[-36.16828850678789,-7.96890709806735],[-36.16477903037992,-7.965964797179331],[-36.1608016237842,-7.965847105143817],[-36.160567658690354,-7.96996632638703],[-36.15705818228238,-7.973732471523674],[-36.15109207238882,-7.9733793954171155],[-36.14945431673176,-7.971614014884306],[-36.15074112474802,-7.9679655617831875],[-36.14933733418481,-7.964552492753087],[-36.145827857776844,-7.963493264433405],[-36.135884341287564,-7.96431710868205],[-36.13295977761425,-7.966553257356939],[-36.13167296959799,-7.970084018422539],[-36.127812545549205,-7.970437094529108],[-36.12558987715751,-7.967024025499018],[-36.12266531348418,-7.969024790102861],[-36.11120102388479,-7.972202475061914],[-36.110850076244,-7.9776163086958505],[-36.10687266964827,-7.977498616660315],[-36.10862740785228,-7.982441682152177],[-36.1083934427584,-7.988090899857141],[-36.111785936619434,-7.996682418450129],[-36.1155293781213,-7.997035494556691],[-36.115880325762106,-8.000801639693332],[-36.12032566254554,-8.002567020226138],[-36.12266531348417,-8.004920860936547],[-36.12617478989216,-8.003979324652388],[-36.1288653884716,-8.009393158286308],[-36.13237486487959,-8.009746234392871],[-36.13319374270812,-8.012217767138793],[-36.13132202195718,-8.016101604310974],[-36.134012620536645,-8.018926213163457],[-36.137288131850745,-8.019632365376573],[-36.140680625711795,-8.024222354761863],[-36.146061822870685,-8.02634081140123],[-36.145710875229895,-8.029283112289232],[-36.148284491262416,-8.03246079724828],[-36.15425060115598,-8.032225413177239],[-36.155654391719175,-8.040110779557104],[-36.15811102520477,-8.043641540622703],[-36.15834499029863,-8.04752537779488],[-36.160918606331144,-8.049879218505284],[-36.16700169877165,-8.048584606114554],[-36.17097910536734,-8.049643834434239],[-36.16559790820844,-8.05399843974849],[-36.16629980349004,-8.05905919727586],[-36.170511175179605,-8.05788227692066],[-36.17331875630601,-8.061177653915227],[-36.177179180354784,-8.060589193737625],[-36.17998676148117,-8.06517918312292],[-36.180688656762754,-8.071063784898927],[-36.17717918035478,-8.075065314106618],[-36.175307459603864,-8.080714531811596],[-36.172616861024395,-8.09554372828714],[-36.16980927989801,-8.096367572535778],[-36.16665075113085,-8.100722177850034],[-36.16629980349004,-8.113668301757256],[-36.167118681318556,-8.118964443355672],[-36.17051117517961,-8.1243782769896],[-36.17402065158758,-8.125555197344807],[-36.17647728507319,-8.128144422126258],[-36.17858297091797,-8.133205179653626],[-36.177647110542516,-8.136735940719229],[-36.17928486619955,-8.142149774353165],[-36.1783490058241,-8.144268230992527],[-36.17191496574282,-8.14721053188053],[-36.16980927989802,-8.152859749585502],[-36.16992626244495,-8.155331282331435],[-36.165129978020715,-8.160038963752246],[-36.15939783322101,-8.159921271716723],[-36.15740912992316,-8.164864337208575],[-36.15308077568666,-8.166276641634816],[-36.149103369090945,-8.164511261102014],[-36.14723164834003,-8.173102779694984],[-36.145476910136054,-8.17569200447643],[-36.14629578796457,-8.178869689435487],[-36.141733468634186,-8.186519671744302],[-36.13810700967929,-8.190168124845428],[-36.134948480912094,-8.189226588561262],[-36.13214089978572,-8.19099196909407],[-36.12266531348418,-8.187343515992945],[-36.12898237101853,-8.196405802728],[-36.131672969598,-8.196876570870078],[-36.13892588750782,-8.192404273520308],[-36.141616486087244,-8.192875041662388],[-36.14886940399709,-8.198406567331846],[-36.15331474078053,-8.205115013356505],[-36.15518646153144,-8.209234234599712],[-36.16232239689432,-8.21653114080197],[-36.17320177375906,-8.222886510720059],[-36.180454691668885,-8.230183416922321],[-36.186771749203245,-8.232066489490636],[-36.193088806737606,-8.236185710733848],[-36.20712671236953,-8.225593427537026],[-36.21215696188761,-8.22465189125286],[-36.21987780998519,-8.219708825761016],[-36.22514202459716,-8.21876728947685],[-36.23192701231925,-8.213118071771888],[-36.234149680710956,-8.208998850528676],[-36.238127087306665,-8.208881158493147],[-36.2454969877634,-8.19911271954497],[-36.24771965615513,-8.193345809804478],[-36.24643284813889,-8.187343515992948],[-36.25052723728151,-8.187343515992946],[-36.24514604012262,-8.180517377932764],[-36.24514604012262,-8.17639815668956],[-36.239296912776,-8.170984323055626],[-36.239296912775984,-8.168748174380747],[-36.268893497149925,-8.16121588410745],[-36.331128212118074,-8.164393569066496],[-36.33721130455858,-8.1766335407606],[-36.33990190313803,-8.18781428413503],[-36.34481517010919,-8.194051962017598],[-36.34785671632946,-8.200995792113293],[-36.351015245096626,-8.213118071771886],[-36.354173773863806,-8.219120365583414],[-36.356981354990204,-8.220414977974144],[-36.36224556960217,-8.225593427537033],[-36.363649360165354,-8.219708825761016],[-36.36645694129172,-8.216531140801964],[-36.365989011104,-8.210646539025953],[-36.37195512099757,-8.208057314244504],[-36.44401636990805,-8.145915919489813]]]}},{"type":"Feature","properties":{"nome":"Santa Cruz","codigo_ibge":"2612455"},"geometry":{"type":"Polygon","coordinates":[[[-40.43522690615474,-8.38965612505227],[-40.43370613304461,-8.385772287880098],[-40.43183441229368,-8.37294385600839],[-40.43253630757528,-8.364470029450938],[-40.43054760427744,-8.360586192278769],[-40.43475897596699,-8.357761583426283],[-40.43300423776301,-8.352347749792349],[-40.43709862690567,-8.345403919696658],[-40.440491120766715,-8.34246161880865],[-40.444936457550135,-8.342932386950723],[-40.44797800377038,-8.339637009956164],[-40.44762705612959,-8.33693009313919],[-40.44400059717468,-8.33445856039327],[-40.44493645755015,-8.330574723221101],[-40.44739309103573,-8.327632422333098],[-40.44634024811332,-8.325160889587167],[-40.44786102122347,-8.317981675420437],[-40.45406109621088,-8.315157066567945],[-40.45663471224342,-8.31033169311162],[-40.45979324101057,-8.307977852401207],[-40.45967625846366,-8.301622482483111],[-40.456283764602595,-8.297856337346467],[-40.456751694790334,-8.295031728493985],[-40.455464886774095,-8.28797020636277],[-40.45020067216212,-8.282203296622273],[-40.44879688159892,-8.278201767414577],[-40.44552137028481,-8.274671006348978],[-40.437566557093405,-8.179222765542049],[-40.428558900979574,-8.069769172508204],[-40.42504942457158,-8.073888393751416],[-40.41978520995963,-8.076124542426296],[-40.419200297224975,-8.079302227385345],[-40.41229832695595,-8.083421448628552],[-40.40761902507864,-8.083892216770634],[-40.40469446140533,-8.082715296415431],[-40.40071705480963,-8.08400990880615],[-40.3981434387771,-8.080832223847105],[-40.39358111944673,-8.077654538888064],[-40.38843388738168,-8.079772995527428],[-40.38574328880226,-8.076713002603897],[-40.38129795201881,-8.074712238000053],[-40.37451296429672,-8.075300698177662],[-40.3712374529826,-8.081067607918147],[-40.36468643035438,-8.084362984912717],[-40.36258074450959,-8.084362984912719],[-40.354158001130436,-8.087187593765208],[-40.34737301340836,-8.075065314106618],[-40.345735257751286,-8.070946092863409],[-40.33871630493533,-8.066238411442592],[-40.333452090323384,-8.063884570732194],[-40.33029356155619,-8.066709179584675],[-40.326550120054335,-8.067297639762279],[-40.32444443420955,-8.063178418519065],[-40.31964814978532,-8.061766114092826],[-40.31906323705066,-8.058235353027225],[-40.31648962101815,-8.05729381674306],[-40.31099144131232,-8.058353045062743],[-40.30303662812089,-8.06153073002178],[-40.29999508190065,-8.064002262767717],[-40.2951987974764,-8.064826107016351],[-40.292508198896954,-8.066709179584679],[-40.29016854795829,-8.064943799051868],[-40.285840193721796,-8.065885335336038],[-40.27800236307732,-8.064355338874266],[-40.271802288089894,-8.064237646838754],[-40.26607014329018,-8.060118425595544],[-40.26302859706994,-8.059647657453464],[-40.259753085755825,-8.05611689638786],[-40.25507378387852,-8.063766878696674],[-40.24922465653191,-8.06659148754916],[-40.24934163907883,-8.068827636224041],[-40.24325854663834,-8.077066078710466],[-40.2410358782466,-8.077419154817022],[-40.23518675089998,-8.074476853929019],[-40.22933762355335,-8.077419154817026],[-40.2219677230966,-8.075183006142137],[-40.21916014197021,-8.08071453181159],[-40.216469543390765,-8.083421448628554],[-40.22231867073741,-8.088599898191443],[-40.22489228676992,-8.097191416784423],[-40.22781685044324,-8.099780641565873],[-40.229922536287994,-8.108842928300932],[-40.23308106505519,-8.11225599733102],[-40.237058471650904,-8.11884675132015],[-40.24033398296502,-8.11990597963983],[-40.24232268626287,-8.126967501771048],[-40.25039448200122,-8.12943903451697],[-40.25062844709509,-8.131322107085309],[-40.25659455698865,-8.139089781429643],[-40.25753041736412,-8.14226746638868],[-40.254839818784674,-8.144503615063572],[-40.25565869661319,-8.149682064626457],[-40.252968098033726,-8.154978206224873],[-40.24863974379723,-8.15850896729048],[-40.23974907023036,-8.1609805000364],[-40.233782960336804,-8.16651202570586],[-40.23331503014906,-8.17416200801467],[-40.2294546061003,-8.18498967528254],[-40.21857522923555,-8.221003438151735],[-40.19740138824074,-8.221121130187255],[-40.20067689955484,-8.255957972701252],[-40.150257421826915,-8.292089427605974],[-40.08732081157715,-8.337165477210236],[-40.111068268604484,-8.343167771021763],[-40.10872861766583,-8.34811083651362],[-40.133996847803274,-8.360703884314283],[-40.13504969072567,-8.3671769462679],[-40.1369214114766,-8.372473087866315],[-40.141132783166164,-8.378122305571281],[-40.13949502750911,-8.382594602921056],[-40.14230260863549,-8.38612536398666],[-40.142770538823214,-8.389420740981226],[-40.146046050137336,-8.394716882579635],[-40.14920457890451,-8.396482263112444],[-40.14920457890451,-8.399306871964928],[-40.15189517748396,-8.401543020639814],[-40.152363107671704,-8.406368394096141],[-40.15575560153273,-8.404838397634384],[-40.159382060487644,-8.405544549847503],[-40.16464627509962,-8.412252995872151],[-40.165933083115874,-8.418255289683689],[-40.169442559523844,-8.41837298171921],[-40.17072936754012,-8.4217860507493],[-40.17306901847877,-8.422256818891384],[-40.17798228544994,-8.419549902074408],[-40.18231063968644,-8.423080663140025],[-40.18184270949871,-8.42637604013459],[-40.185820116094426,-8.434261406514448],[-40.18652201137603,-8.439557548112857],[-40.18862769722079,-8.444853689711268],[-40.19319001655117,-8.448384450776873],[-40.19424285947356,-8.455563664943618],[-40.19623156277143,-8.458270581760582],[-40.19716742314687,-8.463802107430027],[-40.19494475475516,-8.468156712744277],[-40.19272208636344,-8.478513611870069],[-40.19424285947358,-8.480749760544946],[-40.19014847033092,-8.487693590640648],[-40.1907333830656,-8.495108188878424],[-40.191903208534924,-8.498521257908505],[-40.19061640051866,-8.504170475613478],[-40.192371138722656,-8.509937385353975],[-40.196231562771416,-8.511702765886774],[-40.19927310899166,-8.510996613673662],[-40.20734490473002,-8.50299355525828],[-40.21249213679505,-8.503111247293804],[-40.22009600234568,-8.505582780039719],[-40.22313754856593,-8.503935091542445],[-40.22746590280242,-8.503582015435878],[-40.2313263268512,-8.505818164110766],[-40.23764338438558,-8.510996613673656],[-40.24021700041808,-8.51087892163813],[-40.24513026738925,-8.507818928714606],[-40.25051146454816,-8.507230468537006],[-40.25589266170706,-8.496873569411221],[-40.26314557961688,-8.498521257908509],[-40.26361350980459,-8.50628893225285],[-40.270281514979764,-8.509937385353968],[-40.274141939028546,-8.507818928714602],[-40.282447699860754,-8.508289696856698],[-40.28537226353405,-8.506288932252845],[-40.28712700173805,-8.500404330476837],[-40.29051949559909,-8.498756641979547],[-40.295900692757996,-8.500992790654436],[-40.297304483321184,-8.504288167649007],[-40.296368622945735,-8.508289696856684],[-40.299527151712915,-8.511938149957825],[-40.30853480782674,-8.513350454384064],[-40.31543677809573,-8.515351218987911],[-40.32432745166263,-8.513468146419587],[-40.329591666274595,-8.517116599520715],[-40.33614268890282,-8.51688121544967],[-40.33976914785774,-8.51570429509447],[-40.3436295719065,-8.509819693318457],[-40.346554135579815,-8.509348925176369],[-40.3504145596286,-8.507818928714613],[-40.35287119311418,-8.500522022512351],[-40.35638066952215,-8.499698178263717],[-40.35743351244456,-8.496520493304665],[-40.35521084405282,-8.488282050818244],[-40.35743351244456,-8.48133822072255],[-40.35497687895897,-8.475335926911024],[-40.35357308839577,-8.467685944602206],[-40.355327826599755,-8.464861335749712],[-40.35965618083628,-8.46168365079067],[-40.35836937282003,-8.453327516268729],[-40.36316565724427,-8.440381392361505],[-40.36655815110529,-8.4386160118287],[-40.36492039544823,-8.431436797661961],[-40.37006762751327,-8.42872988084499],[-40.37299219118658,-8.429789109164682],[-40.380479074190276,-8.422021434820342],[-40.38012812654949,-8.416254525079848],[-40.38574328880225,-8.414724528618088],[-40.38738104445931,-8.411546843659035],[-40.393347154352874,-8.416136833044328],[-40.39580378783844,-8.416019141008801],[-40.39638870057313,-8.408133774628947],[-40.40024912462189,-8.407192238344793],[-40.40492842649918,-8.408486850735514],[-40.408554885454095,-8.406015317989581],[-40.409724710923435,-8.401896096746373],[-40.42259279108602,-8.402366864888453],[-40.42785700569799,-8.400130716213578],[-40.4297287264489,-8.395658418863805],[-40.43522690615474,-8.38965612505227]]]}},{"type":"Feature","properties":{"nome":"Catende","codigo_ibge":"2604205"},"geometry":{"type":"Polygon","coordinates":[[[-35.80014443159097,-8.594793342964087],[-35.79441228679128,-8.5960879553548],[-35.79300849622811,-8.599030256242816],[-35.78470273539589,-8.596911799603445],[-35.780842311347094,-8.58996796950775],[-35.77639697456366,-8.593027962431277],[-35.77639697456367,-8.597617951816563],[-35.774057323625016,-8.600207176598017],[-35.77113275995168,-8.599147948278333],[-35.76657044062134,-8.593616422608877],[-35.76118924346244,-8.59326334650232],[-35.75662692413204,-8.587731820832868],[-35.754755203381116,-8.582317987198937],[-35.74761926801824,-8.586084132335586],[-35.74492866943879,-8.589614893401187],[-35.73381532748019,-8.590909505791908],[-35.73018886852529,-8.593381038537832],[-35.726445427023435,-8.592557194289197],[-35.72176612514613,-8.588908741188066],[-35.72106422986453,-8.586201824371098],[-35.7252756015541,-8.581964911092372],[-35.72352086335012,-8.579022610204374],[-35.71381131195473,-8.580317222595086],[-35.7086640798897,-8.585966440300062],[-35.70445270820012,-8.593851806679913],[-35.699422458682015,-8.599265640313844],[-35.69357333133538,-8.597500259781047],[-35.66947492666727,-8.59808871995865],[-35.67134664741819,-8.60173717305977],[-35.678131635140275,-8.606209470409544],[-35.67918447806267,-8.611623304043473],[-35.68421472758075,-8.616919445641896],[-35.68690532616023,-8.625040196092792],[-35.69064876766207,-8.627276344767667],[-35.69567901718016,-8.632690178401607],[-35.66865604883875,-8.66905701737737],[-35.70772821951424,-8.730256875847902],[-35.667252258275546,-8.728726879386143],[-35.64186704559116,-8.729315339563737],[-35.66327485167982,-8.739083778511924],[-35.720830264770676,-8.80098978919557],[-35.72422275863172,-8.75944450065693],[-35.74188712321855,-8.750264521886342],[-35.77440827126581,-8.765917562610532],[-35.77803473022072,-8.76085680508317],[-35.773238445796466,-8.76179834136733],[-35.76961198684157,-8.760974497118685],[-35.76692138826212,-8.756384507733392],[-35.76820819627837,-8.749676061708742],[-35.76411380713574,-8.745792224536574],[-35.76329492930721,-8.742379155506478],[-35.752415552442464,-8.73472917319767],[-35.752181587348616,-8.725784578498123],[-35.75019288405075,-8.72237150946804],[-35.74563056472038,-8.723077661681163],[-35.74410979161027,-8.720723820970765],[-35.74410979161027,-8.714015374946102],[-35.74563056472038,-8.711426150164657],[-35.74621547745505,-8.705659240424161],[-35.748438145846755,-8.702952323607201],[-35.75112874442621,-8.704129243962395],[-35.752649517536334,-8.700480790861272],[-35.757094854319774,-8.701304635109912],[-35.759551487805375,-8.704600012104487],[-35.76352889440109,-8.706130008566252],[-35.77148370759249,-8.70365847582032],[-35.77569507928208,-8.70671846874385],[-35.77885360804923,-8.711308458129139],[-35.78283101464495,-8.709190001489775],[-35.78926505472626,-8.707895389099052],[-35.78844617689772,-8.70330539971376],[-35.79476323443208,-8.696832337760153],[-35.802367099982696,-8.702010787323033],[-35.80552562874987,-8.697656182008785],[-35.81043889572104,-8.698833102363988],[-35.81231061647198,-8.703305399713754],[-35.81558612778609,-8.70660077670833],[-35.81792577872475,-8.695655417404948],[-35.81277854665969,-8.689064663415808],[-35.812544581565845,-8.682003141284587],[-35.81453328486371,-8.679649300574193],[-35.81394837212905,-8.675177003224414],[-35.81020493062718,-8.67294085454954],[-35.803770890545906,-8.672117010300893],[-35.79897460612165,-8.666703176666964],[-35.7912537580241,-8.668115481093198],[-35.78809522925693,-8.674000082869222],[-35.78259704955109,-8.67317623862057],[-35.77897059059617,-8.6768246917217],[-35.77534413164128,-8.673647006762655],[-35.77358939343728,-8.675059311188896],[-35.767389318449844,-8.673411622691612],[-35.75955148780536,-8.673411622691615],[-35.80014443159097,-8.594793342964087]]]}},{"type":"Feature","properties":{"nome":"Lagoa de Itaenga","codigo_ibge":"2608503"},"geometry":{"type":"Polygon","coordinates":[[[-35.25442085015035,-7.946427919282967],[-35.28378346943047,-7.938071784761043],[-35.29091940479333,-7.937130248476869],[-35.299927060907144,-7.936894864405828],[-35.30448938023751,-7.941602545826648],[-35.31595366983694,-7.935129483873024],[-35.32390848302835,-7.931716414842937],[-35.355376788153215,-7.890641894446376],[-35.34999559099432,-7.891112662588455],[-35.34648611458635,-7.889582666126686],[-35.34274267308448,-7.8912303546239695],[-35.339701126864256,-7.894996499760623],[-35.336542598097054,-7.895349575867174],[-35.33502182498695,-7.891230354623973],[-35.334319929705345,-7.883227296208588],[-35.332448208954425,-7.88075576346266],[-35.32823683726483,-7.880284995320584],[-35.32238770991823,-7.884521908599321],[-35.31630461747772,-7.887228825416287],[-35.305425240613,-7.884168832492758],[-35.297938357609304,-7.883462680279634],[-35.294077933560516,-7.876871926290494],[-35.28939863168322,-7.874400393544576],[-35.28214571377339,-7.875695005935292],[-35.279455115193954,-7.882991912137557],[-35.27395693548811,-7.889935742233244],[-35.26822479068842,-7.892524967014692],[-35.26284359352953,-7.890406510375335],[-35.24716793224055,-7.886993441345242],[-35.243307508191776,-7.886640365238679],[-35.24131880489393,-7.888288053735967],[-35.24424336856723,-7.894172655511977],[-35.24857172280375,-7.896526496222377],[-35.249858530820006,-7.898644952861748],[-35.24903965299147,-7.902764174104955],[-35.25067740864853,-7.908531083845457],[-35.25383593741572,-7.915592605976664],[-35.25442085015035,-7.946427919282967]]]}},{"type":"Feature","properties":{"nome":"Palmeirina","codigo_ibge":"2610103"},"geometry":{"type":"Polygon","coordinates":[[[-36.37768726579727,-8.989179353992467],[-36.372189086091424,-8.989650122134552],[-36.36879659223037,-8.99153319470287],[-36.360724796492036,-8.989061661956951],[-36.35276998330061,-8.985648592926855],[-36.34481517010919,-8.986237053104468],[-36.342007588982824,-8.984589364607174],[-36.33990190313804,-8.980234759292932],[-36.33662639182392,-8.98047014336397],[-36.33299993286901,-8.977763226547005],[-36.32656589278772,-8.975762461943164],[-36.31592048101683,-8.96881863184747],[-36.31042230131102,-8.96411095042666],[-36.309369458388616,-8.956696352188876],[-36.30609394707451,-8.953165591123266],[-36.305509034339835,-8.95281251501671],[-36.25567446934655,-8.95281251501671],[-36.233447785429355,-8.933393329155871],[-36.23765915711894,-8.944927148636857],[-36.24070070333917,-8.951753286697024],[-36.24128561607383,-8.96422864246218],[-36.23999880805757,-8.987767049566225],[-36.2429233717309,-8.99294549912912],[-36.246432848138866,-8.995652415946083],[-36.24409319720023,-9.000242405331374],[-36.23730820947814,-9.000830865508973],[-36.23344778542936,-9.003184706219388],[-36.22783262317659,-9.001301633651057],[-36.22514202459715,-9.003067014183866],[-36.22163254818917,-9.002596246041772],[-36.21859100196891,-9.005185470823221],[-36.2181230717812,-9.023663120399911],[-36.21648531612412,-9.024251580577506],[-36.210051276042854,-9.021897739867107],[-36.20045870719436,-9.020367743405348],[-36.194843544941605,-9.023192352257832],[-36.19016424306429,-9.022015431902622],[-36.18887743504803,-9.025546192968235],[-36.183730202983,-9.023427736328864],[-36.179284866199545,-9.024369272613026],[-36.177062197807835,-9.021191587653977],[-36.17413763413453,-9.021191587653977],[-36.16899040206949,-9.029900798282476],[-36.161386536518876,-9.028017725714154],[-36.15892990303329,-9.031666178815284],[-36.15483551389065,-9.032725407134961],[-36.15132603748266,-9.031548486779768],[-36.14079760825873,-9.030136182353514],[-36.13506546345902,-9.02695849739447],[-36.13026917903481,-9.026958497394471],[-36.127110650267625,-9.02366312039991],[-36.11997471490473,-9.02178004783158],[-36.115646360668215,-9.018484670837022],[-36.11155197152557,-9.017660826588374],[-36.11447653519888,-9.01989697526326],[-36.120676610186315,-9.027429265536552],[-36.12722763281455,-9.033666943419131],[-36.13834097477315,-9.035785400058494],[-36.14103157335259,-9.039669237230658],[-36.1467637181523,-9.04061077351483],[-36.15167698512346,-9.04272923015419],[-36.15483551389065,-9.039904621301703],[-36.15764309501703,-9.042023077941069],[-36.16407713509833,-9.040493081479301],[-36.173435738852945,-9.043906150509395],[-36.176945215260915,-9.043317690331792],[-36.179518831293436,-9.040963849621388],[-36.183496237889145,-9.04437691865147],[-36.18899441759498,-9.046259991219792],[-36.19577940531705,-9.044729994758027],[-36.21016825858976,-9.048260755823641],[-36.25321783586098,-9.059088423091506],[-36.25766317264439,-9.058029194771823],[-36.262576439615586,-9.058735346984948],[-36.268074619321425,-9.054616125741727],[-36.27099918299474,-9.05543996999038],[-36.27439167685577,-9.053203821315496],[-36.279538908920806,-9.053086129279974],[-36.28129364712481,-9.05520458591933],[-36.28749372211223,-9.054616125741735],[-36.28971639050394,-9.051085364676128],[-36.29486362256897,-9.049790752285396],[-36.305742999433704,-9.050967672640603],[-36.31100721404566,-9.0497907522854],[-36.32130167817573,-9.04920229210781],[-36.33416975833833,-9.051791516889248],[-36.336977339464724,-9.050379212463008],[-36.34189060643587,-9.052850745208927],[-36.35943798847577,-9.047201527503953],[-36.36645694129173,-9.018602362872533],[-36.37768726579727,-8.989179353992467]]]}},{"type":"Feature","properties":{"nome":"Brejão","codigo_ibge":"2602407"},"geometry":{"type":"Polygon","coordinates":[[[-36.53304008812376,-9.10133986384328],[-36.53491180887468,-9.098044486848714],[-36.53771939000107,-9.100516019594636],[-36.545440238098614,-9.1008690957012],[-36.548598766865815,-9.096867566493504],[-36.54707799375568,-9.094042957641017],[-36.54274963951917,-9.092042193037177],[-36.544621360270085,-9.084862978870435],[-36.544036447535426,-9.081567601875866],[-36.54661006356794,-9.078507608952346],[-36.558659265902016,-9.073093775318421],[-36.56228572485691,-9.075565308064343],[-36.56380649796706,-9.07427069567362],[-36.561700812122254,-9.069092246110733],[-36.56602916635875,-9.070739934608014],[-36.56977260786061,-9.070151474430407],[-36.570123555501404,-9.064619948760951],[-36.575036822472576,-9.065443793009592],[-36.578780263974416,-9.064502256725437],[-36.57772742105201,-9.058617654949424],[-36.580301037084546,-9.058853039020464],[-36.58182181019467,-9.050614596534047],[-36.586150164431174,-9.049084600072288],[-36.586969042259696,-9.044023842544913],[-36.59001058847994,-9.044376918651471],[-36.5930521347002,-9.05002613635645],[-36.5970295412959,-9.049673060249885],[-36.595625750732715,-9.044729994758029],[-36.59258420451248,-9.041434617763468],[-36.599369192234555,-9.03613847616506],[-36.60053901770389,-9.033431559348086],[-36.59995410496922,-9.030960026602157],[-36.59597669837352,-9.02931233810488],[-36.595391785638846,-9.026134653145826],[-36.590595501214615,-9.023074660222301],[-36.59422196016952,-9.01977928322774],[-36.59106343140234,-9.01813159473046],[-36.59012757102687,-9.013659297380688],[-36.592935152153274,-9.010128536315072],[-36.59036153612076,-9.008363155782272],[-36.59059550121462,-9.003890858432504],[-36.59328609979405,-9.002831630112826],[-36.59574273327966,-8.999183177011691],[-36.59082946630847,-8.99553472391057],[-36.58825585027597,-8.997182412407842],[-36.58357654839867,-8.996711644265773],[-36.58509732150876,-8.987178589388618],[-36.57632363048884,-8.988473201779344],[-36.572580188987004,-8.988120125672795],[-36.56462537579557,-8.989650122134545],[-36.5614668470284,-8.98953243009903],[-36.57024053804833,-8.977410150440441],[-36.568368817297404,-8.975056309730032],[-36.561466847028385,-8.96928939998954],[-36.55561771968175,-8.965758638923933],[-36.55164031308605,-8.95869711679272],[-36.55011953997592,-8.953400975194308],[-36.54462136027009,-8.955519431833677],[-36.541813779143695,-8.958344040686164],[-36.53151931501365,-8.966229407066017],[-36.51853425230411,-8.957873272544077],[-36.5098775438311,-8.954460203513989],[-36.50625108487618,-8.954695587585034],[-36.50122083535809,-8.958932500863755],[-36.49747739385626,-8.957990964579595],[-36.488586720289376,-8.964464026533216],[-36.48718292972617,-8.967053251314661],[-36.48355647077127,-8.967641711492265],[-36.48039794200409,-8.970348628309226],[-36.47829225615932,-9.085922207190126],[-36.48262061039582,-9.088511431971572],[-36.53023250699738,-9.103576012518163],[-36.53304008812376,-9.10133986384328]]]}},{"type":"Feature","properties":{"nome":"Maraial","codigo_ibge":"2609204"},"geometry":{"type":"Polygon","coordinates":[[[-35.720830264770676,-8.80098978919557],[-35.673218368169096,-8.865485024660684],[-35.72328689825627,-8.909501845945261],[-35.736388943512715,-8.911973378691178],[-35.74492866943878,-8.916681060111989],[-35.748438145846755,-8.917151828254065],[-35.76095527836856,-8.908089541519013],[-35.769027074106916,-8.907383389305894],[-35.77323844579647,-8.906088776915169],[-35.778151712767645,-8.898909562748434],[-35.782947997191876,-8.897497258322183],[-35.779087573143116,-8.888670355658165],[-35.78060834625324,-8.887964203445042],[-35.783649892473484,-8.88196190963352],[-35.776864904751406,-8.869251169797328],[-35.77581206182899,-8.863601952092354],[-35.777098869845275,-8.858423502529464],[-35.78131024153482,-8.861012727310909],[-35.783298944832694,-8.855598893676977],[-35.78762729906921,-8.851126596327202],[-35.79066884528943,-8.853362745002094],[-35.795114182072865,-8.847713527297117],[-35.799559518856334,-8.850302752078566],[-35.80178218724802,-8.854304281286248],[-35.80786527968854,-8.860424267133304],[-35.811608721190375,-8.860188883062266],[-35.81582009287997,-8.857364274209782],[-35.82295602824286,-8.857364274209777],[-35.825529644275356,-8.86383733616339],[-35.82447680135298,-8.868662709619727],[-35.82658248719775,-8.870428090152538],[-35.82740136502628,-8.86972193793941],[-35.830559893793456,-8.868545017584204],[-35.8339523876545,-8.870192706081486],[-35.836993933874766,-8.868780401655243],[-35.84249211358057,-8.87289962289845],[-35.84494874706618,-8.87242885475637],[-35.8471714154579,-8.808051311326798],[-35.84412986923765,-8.806756698936072],[-35.83945056736034,-8.806992083007112],[-35.83757884660942,-8.80181363344422],[-35.83044291124653,-8.801931325479734],[-35.824359818806016,-8.80087209716005],[-35.82634852210388,-8.796635183881325],[-35.82588059191616,-8.794516727241957],[-35.818510691459394,-8.791221350247389],[-35.821669220226575,-8.782982907760982],[-35.82038241221033,-8.778863686517766],[-35.803419942905094,-8.770507551995832],[-35.79920857121553,-8.776745229878403],[-35.791487723117974,-8.773685236954877],[-35.78528764813054,-8.7738029289904],[-35.78248006700416,-8.772390624564157],[-35.77908757314312,-8.767094482965737],[-35.77440827126581,-8.765917562610532],[-35.74188712321855,-8.750264521886342],[-35.72422275863172,-8.75944450065693],[-35.720830264770676,-8.80098978919557]]]}},{"type":"Feature","properties":{"nome":"Floresta","codigo_ibge":"2605707"},"geometry":{"type":"Polygon","coordinates":[[[-38.69359074742208,-8.918681824715836],[-38.686922742246935,-8.91656336807647],[-38.676979225757655,-8.912444146833264],[-38.67335276680273,-8.910207998158384],[-38.66212244229722,-8.898438794606346],[-38.65954882626468,-8.892318808759297],[-38.65791107060765,-8.880431913171757],[-38.65779408806071,-8.876430383964065],[-38.66001675645243,-8.862542723772664],[-38.65908089607697,-8.848890447652323],[-38.65791107060764,-8.842770461805259],[-38.6574431404199,-8.829706645862522],[-38.65872994843618,-8.82288050780235],[-38.66200545975028,-8.815465909564576],[-38.66376019795426,-8.806639006900555],[-38.66025072154628,-8.79792979627205],[-38.65954882626471,-8.793692882993314],[-38.66188847720334,-8.783571367938574],[-38.6614205470156,-8.773214468812794],[-38.658379000795364,-8.758973732514848],[-38.65674124513831,-8.744732996216891],[-38.65393366401193,-8.73884839444088],[-38.65264685599567,-8.728726879386139],[-38.647031693742896,-8.717193059905155],[-38.64375618242879,-8.712367686448818],[-38.6420014442248,-8.704011551926886],[-38.64129954894321,-8.695773109440461],[-38.63498249140885,-8.687887743060605],[-38.62948431170301,-8.683768521817402],[-38.62538992256038,-8.671528550123288],[-38.623050271621715,-8.666938560738],[-38.62772957349902,-8.66234857135271],[-38.62889939896835,-8.658347042145024],[-38.6269106956705,-8.654227820901815],[-38.62983525934383,-8.648696295232359],[-38.63077111971927,-8.63728016778689],[-38.63580136923738,-8.635279403183054],[-38.63919386309843,-8.631160181939837],[-38.63322775320485,-8.629983261584636],[-38.63042017207847,-8.627511728838709],[-38.629016381515285,-8.621038666885095],[-38.61205391221005,-8.55018806150191],[-38.59380463488858,-8.473570546378218],[-38.56912131748578,-8.370590015297987],[-38.54946824960111,-8.28832328246932],[-38.54654368592778,-8.289500202824534],[-38.53987568075265,-8.287381746185158],[-38.536132239250804,-8.288558666540357],[-38.53367560576522,-8.291030199286292],[-38.52490191474526,-8.296326340884711],[-38.51647917136611,-8.303505555051432],[-38.51261874731735,-8.303858631157995],[-38.5067696199707,-8.30668324001048],[-38.503494108656604,-8.31233245771546],[-38.50466393412593,-8.318334751526994],[-38.49951670206089,-8.32021782409531],[-38.49612420819985,-8.318805519669068],[-38.49191283651027,-8.314803990461385],[-38.48664862189832,-8.314686298425867],[-38.48559577897591,-8.328103190475174],[-38.48781844736762,-8.333752408180143],[-38.4909769761348,-8.33693009313919],[-38.500569544983286,-8.336106248890546],[-38.50641867232993,-8.343167771021767],[-38.50946021855017,-8.351759289614746],[-38.504429969032046,-8.357879275461796],[-38.50630168978297,-8.368589250694145],[-38.50922625345629,-8.376356925038483],[-38.511799869488804,-8.380711530352732],[-38.51133193930107,-8.383653831240732],[-38.51413952042747,-8.38812612859051],[-38.517415031741585,-8.400483792320125],[-38.51378857278666,-8.404838397634384],[-38.514958398255985,-8.408016082593438],[-38.51589425863145,-8.418608365790256],[-38.514022537880535,-8.429436033058114],[-38.51846787466396,-8.441558312716708],[-38.51495839825599,-8.438498319793172],[-38.50875832326855,-8.439439856077337],[-38.49975066715476,-8.434614482621003],[-38.49624119074679,-8.42837680473843],[-38.495539295465186,-8.422845279068978],[-38.49413550490198,-8.421197590571696],[-38.48898827283696,-8.421786050749299],[-38.487701464820695,-8.416960677292975],[-38.48559577897591,-8.415195296760167],[-38.479980616723154,-8.414606836582571],[-38.47869380870689,-8.411782227730084],[-38.47272769881332,-8.407780698522382],[-38.46898425731149,-8.4020137887819],[-38.46968615259306,-8.398012259574207],[-38.468633309670665,-8.394481498508599],[-38.46278418232404,-8.39024458522987],[-38.45857281063447,-8.379299225926486],[-38.454595404038756,-8.374944620612231],[-38.45319161347557,-8.36976617104934],[-38.44991610216147,-8.367176946267906],[-38.441961288970056,-8.370354631226947],[-38.440323533312984,-8.364352337415417],[-38.43634612671728,-8.35611389492899],[-38.43154984229305,-8.35705543121316],[-38.42698752296267,-8.354819282538271],[-38.43096492955838,-8.348699296691212],[-38.42675355786881,-8.344462383412493],[-38.42324408146084,-8.342697002879678],[-38.41751193666113,-8.341520082524486],[-38.41903270977127,-8.326926270119973],[-38.41224772204916,-8.315745526745546],[-38.41014203620438,-8.315627834710027],[-38.40663255979641,-8.305741703726325],[-38.3998475720743,-8.3015047904476],[-38.39200974142984,-8.297856337346463],[-38.38662854427091,-8.293266347961183],[-38.384171910785334,-8.29350173203222],[-38.37691899287551,-8.290206355037652],[-38.367677371667824,-8.28079099219603],[-38.36369996507214,-8.279731763876349],[-38.35890368064789,-8.284557137332673],[-38.35211869292581,-8.285616365652361],[-38.34743939104849,-8.28726405414965],[-38.3377298396531,-8.283027140870908],[-38.333635450510464,-8.286322517865486],[-38.33293355522886,-8.290324047073163],[-38.326967445335306,-8.290088663002134],[-38.32322400383346,-8.291618659463895],[-38.31433333026657,-8.291736351499415],[-38.31175971423405,-8.288676358575888],[-38.30286904066719,-8.285851749723395],[-38.3011143024632,-8.28844097450484],[-38.2950312100227,-8.28773482229172],[-38.29070285578618,-8.28502790547476],[-38.284853728439565,-8.276671770952824],[-38.282163129860095,-8.275024082455536],[-38.279472531280646,-8.268904096608487],[-38.274676246856416,-8.266667947933602],[-38.27093280535456,-8.261254114299664],[-38.26672143366501,-8.258782581553739],[-38.26484971291407,-8.253957208097408],[-38.255842056800255,-8.25878258155374],[-38.25057784218831,-8.262901802796954],[-38.244377767200874,-8.261018730228619],[-38.237826744572644,-8.266550255898077],[-38.234083303070804,-8.268433328466404],[-38.23197761722602,-8.271964089532007],[-38.22753228044258,-8.272317165638574],[-38.22180013564287,-8.27690715502386],[-38.21595100829626,-8.279496379805304],[-38.21384532245145,-8.281850220515711],[-38.20670938708858,-8.285498673616832],[-38.20460370124379,-8.285027905474763],[-38.19781871352169,-8.27914330369874],[-38.192203551268946,-8.280437916089467],[-38.186939336656955,-8.277966383343538],[-38.17863357582474,-8.276671770952818],[-38.17793168054317,-8.279614071840825],[-38.18284494751431,-8.280084839982909],[-38.18448270317137,-8.28385098511956],[-38.18974691778335,-8.286675593972046],[-38.193022429097454,-8.291383275392855],[-38.19255449890974,-8.295737880707106],[-38.18998088287722,-8.300916330269988],[-38.19360734183212,-8.305506319655285],[-38.1950111323953,-8.313862454177219],[-38.194192254566794,-8.318570135598028],[-38.19232053381585,-8.320453208166352],[-38.19009786542415,-8.326337809942375],[-38.190799760705744,-8.328573958617259],[-38.187524249391636,-8.335400096677432],[-38.187290284297774,-8.341755466595526],[-38.18506761590606,-8.349405448904342],[-38.18226003477966,-8.351053137401621],[-38.18284494751432,-8.356702355106602],[-38.17687883762077,-8.359056195817002],[-38.17266746593117,-8.3671769462679],[-38.172316518290394,-8.371413859546628],[-38.169625919710946,-8.374120776363599],[-38.17009384989866,-8.379416917962004],[-38.16658437349071,-8.387890744519462],[-38.16892402442936,-8.394716882579635],[-38.16775419896001,-8.397894567538689],[-38.16120317633178,-8.399306871964933],[-38.15898050794007,-8.40248455692398],[-38.152780432952625,-8.404367629492299],[-38.142953899010294,-8.406486086131665],[-38.138742527320716,-8.408251466664465],[-38.13230848723945,-8.408486850735514],[-38.1304367664885,-8.407074546309266],[-38.12587444715814,-8.407545314451346],[-38.1228329009379,-8.406133010025107],[-38.11394222737101,-8.408486850735514],[-38.10622137927347,-8.412606071978717],[-38.10434965852255,-8.411782227730077],[-38.09978733919217,-8.41342991622736],[-38.09499105476794,-8.413547608262876],[-38.087855119405035,-8.416136833044325],[-38.0865683113888,-8.420373746323062],[-38.08212297460535,-8.421079898536174],[-38.08048521894829,-8.423551431282101],[-38.08118711422989,-8.427435268454278],[-38.07966634111976,-8.43320217819476],[-38.07381721377314,-8.43932216404182],[-38.06983980717742,-8.439557548112855],[-38.06948885953664,-8.44238215696534],[-38.06352274964307,-8.444382921569188],[-38.062469906720665,-8.448972910954476],[-38.0579075873903,-8.447795990599278],[-38.054632076076196,-8.450620599451762],[-38.049016913823436,-8.450973675558316],[-38.046443297790894,-8.456622893263294],[-38.03954132752186,-8.457093661405372],[-38.03755262422403,-8.459682886186828],[-38.03263935725284,-8.459682886186823],[-38.0299487586734,-8.457799813618495],[-38.026907212453146,-8.458388273796105],[-38.02515247424916,-8.452621364055604],[-38.022344893122785,-8.450267523345198],[-38.01228439408658,-8.452739056091124],[-38.008306987490876,-8.455092896801533],[-38.007137162021536,-8.457446737511932],[-38.00163898231572,-8.452856748126644],[-38.000586139393306,-8.455445972908093],[-37.99684269789148,-8.456622893263292],[-37.99239736110804,-8.454857512730493],[-37.98444254791663,-8.45650520122778],[-37.97824247292918,-8.459212118044748],[-37.96666120078286,-8.458623657867136],[-37.96034414324852,-8.452150595913528],[-37.95414406826107,-8.452150595913533],[-37.94817795836752,-8.44756060652824],[-37.93800047678439,-8.44226446492983],[-37.93390608764173,-8.439086779970783],[-37.93063057632764,-8.438262935722133],[-37.93039661123376,-8.434849866692046],[-37.932268331984694,-8.432496025981647],[-37.93121548906228,-8.429671417129159],[-37.92501541407487,-8.425434503850425],[-37.921505937666886,-8.418255289683698],[-37.91823042635278,-8.415783756937762],[-37.91530586267943,-8.409428387019668],[-37.90910578769203,-8.402955325066054],[-37.904894416002456,-8.400836868426696],[-37.8940150391377,-8.392833810011314],[-37.89179237074598,-8.394246114437554],[-37.888750824525744,-8.400013024178055],[-37.88348660991379,-8.401660712675332],[-37.87986015095886,-8.404838397634386],[-37.87646765709784,-8.405073781705427],[-37.87178835522052,-8.407545314451344],[-37.86839586135949,-8.406368394096143],[-37.86324862929444,-8.406721470202706],[-37.856229676478485,-8.402602248959502],[-37.84382952650362,-8.398953795858361],[-37.83435394020209,-8.388479204697063],[-37.831078428887956,-8.388361512661545],[-37.82569723172907,-8.384948443631455],[-37.820082069476314,-8.385654595844588],[-37.81282915156648,-8.383183063098656],[-37.80920269261159,-8.378946149819924],[-37.80136486196709,-8.372943856008392],[-37.785104287943454,-8.383418447169692],[-37.79235720585329,-8.396953031254528],[-37.79867426338763,-8.420962206500658],[-37.78767790397597,-8.413547608262876],[-37.83072748124717,-8.533240408386987],[-37.85295416516437,-8.595028727035128],[-37.86535431513922,-8.597029491638963],[-37.87342611087756,-8.599383332349365],[-37.879158255677275,-8.602325633237372],[-37.8907395278236,-8.605621010231946],[-37.899864166484356,-8.604444089876747],[-37.90161890468833,-8.604914858018828],[-37.907935962222695,-8.611270227936918],[-37.915188880132504,-8.613035608469717],[-37.917996461258916,-8.612211764221078],[-37.922558780589284,-8.614918681038048],[-37.932034366890804,-8.617625597855008],[-37.935192895658,-8.621274050956142],[-37.95157045222856,-8.634455558934409],[-37.95238933005709,-8.638457088142097],[-37.94923080128992,-8.642105541243227],[-37.948294940914444,-8.646577838592991],[-37.952857260244826,-8.651991672226927],[-37.97508394416202,-8.657523197896385],[-37.9933332214835,-8.647166298770594],[-38.00058613939333,-8.646813222664038],[-38.013688184649766,-8.647283990806118],[-38.01731464360467,-8.649990907623089],[-38.02468454406144,-8.652344748333483],[-38.03497900819152,-8.657876274002941],[-38.03977529261575,-8.6588178102871],[-38.041062100632004,-8.665408564276236],[-38.039424344974954,-8.672705470478492],[-38.04223192610132,-8.677766228005863],[-38.045273472321576,-8.680002376680749],[-38.049484844011154,-8.686004670492284],[-38.05673776192097,-8.690830043948612],[-38.062469906720665,-8.691771580232778],[-38.06469257511239,-8.68941773952237],[-38.065511452940925,-8.684474674030513],[-38.07299833594461,-8.680002376680754],[-38.076741777446436,-8.68117929703595],[-38.08200599205841,-8.681179297035946],[-38.083994695356274,-8.68635774659884],[-38.08972684015596,-8.687063898811966],[-38.09697975806579,-8.69118312005517],[-38.09756467080045,-8.694360805014213],[-38.10060621702069,-8.696008493511501],[-38.10376474578789,-8.695302341298376],[-38.10926292549371,-8.69636156961807],[-38.11113464624463,-8.694478497049735],[-38.11628187830967,-8.69471388112078],[-38.121078162733916,-8.691771580232777],[-38.12704427262745,-8.692242348374855],[-38.131489609410906,-8.691065428019652],[-38.137221754210614,-8.692006964303816],[-38.14190105608792,-8.697185413866709],[-38.14587846268363,-8.696832337760144],[-38.149036991450814,-8.694949265191818],[-38.15359931078117,-8.695890801475985],[-38.157342752283,-8.691065428019655],[-38.162840931988846,-8.689653123593418],[-38.16810514660083,-8.686122362527797],[-38.173135396118916,-8.68682851474092],[-38.17722978526155,-8.683180061639792],[-38.17910150601247,-8.683415445710832],[-38.18413175553057,-8.680002376680747],[-38.185184598452985,-8.677766228005867],[-38.19033183051801,-8.676942383757218],[-38.200743277195016,-8.681296989071479],[-38.203433875774465,-8.685063134208127],[-38.20951696821495,-8.687534666954049],[-38.21337739226373,-8.687534666954049],[-38.227766245536436,-8.689653123593416],[-38.23279649505454,-8.688123127131652],[-38.235487093633985,-8.691653888197255],[-38.24180415116836,-8.695773109440468],[-38.248004226155786,-8.697067721831186],[-38.252098615298415,-8.700245406790238],[-38.25361938840856,-8.705070780246558],[-38.259819463395985,-8.707895389099047],[-38.261574201599956,-8.711426150164653],[-38.26286100961621,-8.719899976722111],[-38.26543462564876,-8.724019197965326],[-38.26157420159996,-8.727432266995418],[-38.26192514924077,-8.733669944877985],[-38.2663704860242,-8.73555301744631],[-38.26473273036714,-8.740260698867129],[-38.26473273036715,-8.748381449318012],[-38.268827119509794,-8.753912974987479],[-38.27479322940334,-8.755089895342678],[-38.27795175817054,-8.753442206845397],[-38.283098990235565,-8.752971438703304],[-38.28578958881503,-8.758502964372767],[-38.28883113503527,-8.760150652870049],[-38.30532567415276,-8.754383743129551],[-38.30789929018527,-8.758738348443801],[-38.30743135999755,-8.761562957296281],[-38.313280487344166,-8.763799105971177],[-38.314333330266564,-8.766506022788143],[-38.31749185903376,-8.768389095356463],[-38.321118317988656,-8.7686244794275],[-38.32603158495983,-8.77356754491936],[-38.32427684675584,-8.778275226340169],[-38.32848821844541,-8.780982143157136],[-38.33656001418377,-8.777804458198078],[-38.341824228795744,-8.778863686517765],[-38.34556767029756,-8.783453675903061],[-38.348609216517836,-8.784748288293784],[-38.353639466035936,-8.784159828116184],[-38.35644704716232,-8.786395976791066],[-38.35937161083563,-8.792045194496035],[-38.366975476386244,-8.790162121927715],[-38.370134005153425,-8.791809810424994],[-38.37457934193686,-8.789926737856668],[-38.39025500322584,-8.800519021053494],[-38.391307846148244,-8.804873626367748],[-38.399730589527366,-8.807462851149191],[-38.4023042055599,-8.809110539646468],[-38.40522876923319,-8.81723129009737],[-38.40955712346972,-8.816995906026332],[-38.416810041379534,-8.820526667091933],[-38.42897622626052,-8.824410504264103],[-38.43739896963966,-8.828882801613881],[-38.44137637623538,-8.829588953826997],[-38.446523608300424,-8.837592012242375],[-38.45143687527158,-8.836415091887169],[-38.457519967712074,-8.840652005165897],[-38.46418797288723,-8.854304281286248],[-38.46664460637282,-8.863955028198914],[-38.46980313514001,-8.865720408731718],[-38.470738995515475,-8.86160118748851],[-38.475184332298916,-8.855128125534888],[-38.48079949455169,-8.8493612157944],[-38.50244126573422,-8.835355863567498],[-38.51238478222349,-8.830530490111155],[-38.53098500718577,-8.826411268867954],[-38.5411624887689,-8.823468967979949],[-38.55180790053977,-8.822645123731307],[-38.56257029485756,-8.826293576832432],[-38.57040812550205,-8.830412798075635],[-38.576959148130285,-8.837121244100292],[-38.58023465944439,-8.84277046180527],[-38.5899442108398,-8.85654042996114],[-38.60386513392477,-8.880549605207271],[-38.60760857542661,-8.893260345043455],[-38.60784254052047,-8.904323396382367],[-38.60702366269196,-8.917504904360626],[-38.60889538344287,-8.934570249511074],[-38.6083104707082,-8.949870214128698],[-38.610299174006066,-8.957284812366485],[-38.61544640607111,-8.964110950426655],[-38.621763463605475,-8.9765863061918],[-38.62410311454411,-8.979999375221889],[-38.63065413717234,-8.985177824784785],[-38.63533343904964,-8.98670782124654],[-38.64492600789812,-8.986707821246549],[-38.657560122966835,-8.982470907967812],[-38.669024412566245,-8.976468614156282],[-38.67440560972513,-8.971760932735478],[-38.67674526066378,-8.966347099101533],[-38.681073614900285,-8.961168649538646],[-38.68926239318558,-8.947398681382776],[-38.692888852140484,-8.936217938008351],[-38.69417566015674,-8.924684118527361],[-38.69359074742208,-8.918681824715836]]]}},{"type":"Feature","properties":{"nome":"Olinda","codigo_ibge":"2609600"},"geometry":{"type":"Polygon","coordinates":[[[-34.91388465602954,-7.979381689228643],[-34.90382415699336,-7.978557844980005],[-34.895284431067275,-7.975733236127519],[-34.883937124014814,-7.976321696305116],[-34.88183143817002,-7.975615544092002],[-34.875397398088715,-7.980793993654886],[-34.872940764603136,-7.980087841441772],[-34.872823782056216,-7.9763216963051216],[-34.869665253289035,-7.97608631223408],[-34.872472834415404,-7.969966326387028],[-34.86755956744423,-7.967494793641093],[-34.86416707358319,-7.974674007807835],[-34.85118201087368,-7.967612485676621],[-34.85796699859577,-7.967141717534542],[-34.85539338256324,-7.955019437875958],[-34.850948045779816,-7.954666361769393],[-34.84544986607398,-7.957255586550833],[-34.84077056419666,-7.96090403965196],[-34.837846000523356,-7.960786347616446],[-34.8308270477074,-7.95772635469292],[-34.82801946658102,-7.959138659119165],[-34.83024213497274,-7.963493264433413],[-34.83129497789514,-7.9702017104580625],[-34.83457048920925,-7.98079399365489],[-34.838430913258016,-7.990680124638591],[-34.83691014014791,-7.995505498094918],[-34.83843091325802,-7.998447798982924],[-34.840419616555884,-8.008098545895592],[-34.84240831985374,-8.012570843245351],[-34.847087621731035,-8.017160832630651],[-34.850948045779816,-8.022339282193537],[-34.85422355709392,-8.023280818477698],[-34.85925380661202,-8.028341576005074],[-34.86241233537921,-8.034108485745566],[-34.86405009103627,-8.0406992397347],[-34.86054061462829,-8.044465384871344],[-34.87551438063567,-8.031754645035166],[-34.87574834572952,-8.027517731756436],[-34.872940764603136,-8.017278524666173],[-34.87937480468442,-8.016101604310961],[-34.87972575232523,-8.011864691032237],[-34.88604280985958,-8.005744705185181],[-34.89095607683077,-8.00339086447478],[-34.899027872569114,-8.002096252084058],[-34.90628079047894,-7.9973885706632455],[-34.90943931924611,-7.992916273313472],[-34.916926202249805,-7.988090899857146],[-34.91669223715594,-7.985148598969145],[-34.91376767348262,-7.982206298081133],[-34.91388465602954,-7.979381689228643]]]}},{"type":"Feature","properties":{"nome":"Timbaúba","codigo_ibge":"2615300"},"geometry":{"type":"Polygon","coordinates":[[[-35.342625690537574,-7.4219922090046975],[-35.334202947158396,-7.430701419633203],[-35.3338519995176,-7.435526793089525],[-35.337829406113315,-7.436821405480248],[-35.33513880753386,-7.440705242652425],[-35.33244820895442,-7.4488259931033145],[-35.32882174999951,-7.454710594879333],[-35.31981409388571,-7.456946743554219],[-35.318059355681726,-7.466950566573441],[-35.31536875710226,-7.47154055595873],[-35.31326307125747,-7.4781313099478615],[-35.31326307125748,-7.483898219688355],[-35.31747444294704,-7.48436898783043],[-35.318527285869436,-7.488370517038116],[-35.3058931708007,-7.500257412625667],[-35.25851523929302,-7.508966623254171],[-35.26202471570098,-7.49107743385509],[-35.23219416623318,-7.504847402010956],[-35.223654440307094,-7.519558906450985],[-35.21803927805432,-7.521441979019318],[-35.21651850494421,-7.523795819729723],[-35.212658080895444,-7.521677363090353],[-35.20809576156505,-7.5217950551258745],[-35.208797656846656,-7.5240312038007655],[-35.21499773183409,-7.525914276369083],[-35.216752470038074,-7.529562729470217],[-35.22014496389911,-7.532622722393736],[-35.25500576288504,-7.544156541874721],[-35.27255314492492,-7.5909979720117935],[-35.27290409256572,-7.591233356082832],[-35.28378346943045,-7.598059494143008],[-35.286357085462974,-7.599001030427166],[-35.29325905573199,-7.59900103042716],[-35.299576113266355,-7.60229640742174],[-35.29969309581329,-7.604297172025576],[-35.30729696136392,-7.6121825384054365],[-35.313731001445205,-7.610181773801595],[-35.316304617477726,-7.612535614511994],[-35.32437641321608,-7.610299465837115],[-35.33162933112589,-7.6121825384054365],[-35.33478785989308,-7.613947918938245],[-35.34847481788419,-7.611005618050232],[-35.35619566598174,-7.612417922476474],[-35.359939107483584,-7.6163017596486435],[-35.36379953153235,-7.61630175964864],[-35.36894676359739,-7.611829462298872],[-35.372690205099246,-7.613124074689601],[-35.383218634323164,-7.611711770263354],[-35.38684509327808,-7.61830252425249],[-35.388131901294344,-7.617243295932808],[-35.39632067957963,-7.619244060536652],[-35.403573597489434,-7.61712560389729],[-35.408135916819816,-7.620067904785288],[-35.41141142813393,-7.6197148286787355],[-35.41480392199499,-7.61571329947104],[-35.41971718896614,-7.614065610973757],[-35.42884182762689,-7.61641945168416],[-35.41375107907259,-7.577110311820395],[-35.42018511915388,-7.578875692353202],[-35.42240778754559,-7.582406453418816],[-35.42556631631277,-7.583347989702972],[-35.43001165309622,-7.578875692353196],[-35.422758735186385,-7.572167246328552],[-35.420419084247754,-7.566164952517009],[-35.41878132859068,-7.56487034012629],[-35.413166166337916,-7.566164952517017],[-35.40790195172596,-7.56192803923829],[-35.40930574228914,-7.55722035781747],[-35.405211353146505,-7.554866517107071],[-35.410826515399265,-7.533328874606863],[-35.41597374746431,-7.4953143471338235],[-35.434340007332715,-7.470834403745604],[-35.432585269128715,-7.472364400207363],[-35.427555019610615,-7.472599784278404],[-35.424747438484246,-7.474365164811215],[-35.414569956901104,-7.471893632065288],[-35.41293220124406,-7.470599019674566],[-35.40977367247688,-7.462831345330224],[-35.39725653995508,-7.456475975412134],[-35.39222629043698,-7.456005207270046],[-35.38544130271489,-7.449532145316433],[-35.375965716413354,-7.448943685138833],[-35.37327511783389,-7.443647543540425],[-35.368361850862726,-7.440587550616906],[-35.362863671156894,-7.442823699291775],[-35.35303713721455,-7.441293702830017],[-35.349644643353514,-7.438822170084093],[-35.34859180043114,-7.43493833291192],[-35.35151636410444,-7.429053731135913],[-35.35268618957375,-7.424110665644067],[-35.35128239901056,-7.421874516969184],[-35.34625214949246,-7.42269836121782],[-35.342625690537574,-7.4219922090046975]]]}},{"type":"Feature","properties":{"nome":"Iguaracy","codigo_ibge":"2606903"},"geometry":{"type":"Polygon","coordinates":[[[-37.616532437813575,-7.89593803604478],[-37.617234333095176,-7.894525731618542],[-37.620743809503146,-7.886169597096598],[-37.6187551062053,-7.8825211439954685],[-37.612087101030134,-7.87993191921403],[-37.60787572934057,-7.8729880891183255],[-37.60670590387122,-7.867927331590966],[-37.60389832274485,-7.862631189992539],[-37.60471720057338,-7.860041965211104],[-37.61150218829548,-7.852980443079888],[-37.60963046754456,-7.8499204501563655],[-37.60577004349578,-7.851568138653649],[-37.60062281143074,-7.846271997055229],[-37.5958265270065,-7.839681243066105],[-37.58599999306417,-7.832502028899356],[-37.57699233695034,-7.827441271371985],[-37.580618795905266,-7.8243812784484685],[-37.57921500534206,-7.82096820941838],[-37.57348286054237,-7.8184966766724475],[-37.56751675064881,-7.814612839500285],[-37.56482615206935,-7.805903628871782],[-37.559210989816606,-7.803196712054818],[-37.55535056576783,-7.799548258953684],[-37.55265996718837,-7.794840577532877],[-37.54868256059266,-7.79283981292903],[-37.54447118890309,-7.787779055401661],[-37.540493782307394,-7.786013674868856],[-37.53745223608713,-7.780835225305961],[-37.53452767241381,-7.780835225305963],[-37.53207103892823,-7.774362163352357],[-37.524701138471485,-7.765535260688329],[-37.52376527809602,-7.758356046521599],[-37.5218935573451,-7.75329528899423],[-37.52435019083068,-7.752471444745584],[-37.526572859222384,-7.744703770401243],[-37.529497422895695,-7.73940762880284],[-37.53359181203835,-7.735170715524102],[-37.537452236087134,-7.7277561172863285],[-37.537920166274866,-7.717987678338153],[-37.53218802147515,-7.709278467709654],[-37.52774268469171,-7.708572315496538],[-37.52165959225123,-7.709866927887259],[-37.5218935573451,-7.713986149130465],[-37.52060674932882,-7.717281526125036],[-37.522244504985885,-7.7191645986933555],[-37.51709727292085,-7.7241076641851985],[-37.514289691794474,-7.728109193392897],[-37.506802808790795,-7.7319930305650635],[-37.50341031492975,-7.735876867737233],[-37.49615739701993,-7.735170715524112],[-37.49101016495489,-7.735759175701715],[-37.4896063743917,-7.737759940305548],[-37.488787496563155,-7.745292230578844],[-37.486447845624504,-7.747881455360291],[-37.482587421575744,-7.746233766863011],[-37.48153457865333,-7.7502352960707],[-37.483640264498135,-7.755649129704636],[-37.478843980073876,-7.761180655374087],[-37.47825906733924,-7.765535260688336],[-37.479779840449346,-7.77294985892611],[-37.47650432913523,-7.775892159814113],[-37.47311183527419,-7.776480619991716],[-37.46890046358462,-7.774832931494428],[-37.46644383009903,-7.775656775743082],[-37.46398719661345,-7.781188301412524],[-37.46457210934811,-7.787308287259582],[-37.459541859830004,-7.793545965142157],[-37.45345876738953,-7.796017497888086],[-37.44176051269626,-7.790485972218624],[-37.43754914100669,-7.792486736822477],[-37.428775449986745,-7.79025058814759],[-37.415790387277205,-7.785189830620225],[-37.406314800975686,-7.780599841234929],[-37.40385816749011,-7.778128308489007],[-37.39286180807842,-7.773185242997156],[-37.389937244405104,-7.774009087245795],[-37.3776540769772,-7.773067550961635],[-37.373910635475355,-7.771419862464343],[-37.36560487464315,-7.7705960182156995],[-37.3587029043741,-7.7710667863577925],[-37.35554437560692,-7.769419097860508],[-37.35261981193361,-7.764240648297607],[-37.35098205627656,-7.758002970415031],[-37.347004649680834,-7.754589901384954],[-37.34677068458697,-7.749411451822061],[-37.344664998742175,-7.746351458898527],[-37.34314422563208,-7.740231473051478],[-37.33811397611396,-7.729992265961217],[-37.332966744048925,-7.729639189854654],[-37.32723459924923,-7.727873809321847],[-37.3285214072655,-7.724460740291759],[-37.323608140294326,-7.720223827013036],[-37.318460908229284,-7.716104605769829],[-37.31284574597652,-7.713633073023893],[-37.30407205495656,-7.713397688952865],[-37.298924822891536,-7.714456917272541],[-37.29775499742223,-7.710926156206935],[-37.29295871299797,-7.709278467709652],[-37.290034149324676,-7.705983090715082],[-37.2847699347127,-7.704923862395402],[-37.282547266320975,-7.709866927887257],[-37.276815121521274,-7.713515380988385],[-37.27225280219092,-7.714103841165982],[-37.263830058811756,-7.712220768597654],[-37.25856584419981,-7.7152807615211865],[-37.25400352486941,-7.71669306594742],[-37.251078961196114,-7.718811522586793],[-37.249207240445195,-7.724460740291763],[-37.243709060739356,-7.7292861137480875],[-37.240667514519096,-7.735759175701712],[-37.241720357441494,-7.742114545619807],[-37.18685554293011,-7.745527614649895],[-37.181357363224286,-7.748234531466855],[-37.175040305689926,-7.756826050059828],[-37.17585918351844,-7.773067550961633],[-37.177145991534694,-7.779893689021804],[-37.17480634059605,-7.793899041248723],[-37.175742200971506,-7.79695903417225],[-37.17211574201661,-7.797900570456402],[-37.17071195145339,-7.800254411166816],[-37.174338410408325,-7.799665950989212],[-37.18299511888133,-7.790721356289665],[-37.191534844807414,-7.791192124431752],[-37.1979688848887,-7.798959798776091],[-37.217387987679516,-7.806727473120424],[-37.223003149932275,-7.80402055630346],[-37.23060701548289,-7.80672747312042],[-37.230139085295164,-7.8130828430385115],[-37.24370906073934,-7.818967444814526],[-37.240433549425234,-7.823086666057745],[-37.23189382349916,-7.820732825347336],[-37.22815038199733,-7.8215566695959815],[-37.226512626340245,-7.828500499691665],[-37.22276918483842,-7.836150482000486],[-37.22206728955682,-7.842270467847541],[-37.22581073105865,-7.8446243085579495],[-37.23832786358046,-7.843918156344826],[-37.24710155460041,-7.846860457232831],[-37.247569484788144,-7.850861986440517],[-37.25026008336758,-7.85486351564821],[-37.24581474658413,-7.858865044855895],[-37.24476190366176,-7.8640434944187865],[-37.24675060695961,-7.869457328052724],[-37.244060008380146,-7.873811933366979],[-37.252365769212375,-7.877813462574662],[-37.25435447251023,-7.882403451959948],[-37.26184135551392,-7.883933448421714],[-37.26347911117096,-7.887581901522841],[-37.26991315125225,-7.890994970552929],[-37.27716606916209,-7.897821108613109],[-37.28231330122711,-7.899939565252472],[-37.287343550745206,-7.9038234024246385],[-37.29576629412437,-7.905824167028479],[-37.30360412476885,-7.904176478531197],[-37.30804946155229,-7.90794262366785],[-37.315653327102915,-7.907589547561282],[-37.32220434973114,-7.910531848449301],[-37.32185340209033,-7.913356457301775],[-37.31331367616425,-7.911355692697939],[-37.30980419975628,-7.912414921017621],[-37.30804946155228,-7.91629875818978],[-37.311441955413315,-7.9215948997881895],[-37.30804946155229,-7.927008733422133],[-37.30898532192776,-7.934187947588873],[-37.315653327102915,-7.937130248476865],[-37.31658918747837,-7.941249469720082],[-37.31892883841703,-7.943132542288408],[-37.32302322755965,-7.941720237862161],[-37.33027614546948,-7.944780230785688],[-37.33472148225292,-7.943014850252886],[-37.3371781157385,-7.945015614856724],[-37.34349517327288,-7.94701637946058],[-37.34864240533791,-7.946310227247451],[-37.350163178448035,-7.948546375922343],[-37.354608515231476,-7.954666361769393],[-37.36326522370446,-7.957373278586347],[-37.37461253075695,-7.956078666195628],[-37.38046165810356,-7.9583148148705165],[-37.4031562722085,-7.957490970621873],[-37.42538295612569,-7.940425625471432],[-37.43041320564378,-7.940896393613517],[-37.43591138534962,-7.942779466181837],[-37.4394208617576,-7.948664067957856],[-37.44714170985516,-7.948664067957864],[-37.45533048814043,-7.9513709847748215],[-37.46901744613155,-7.942426390075292],[-37.47393071310274,-7.965494029037263],[-37.481534578653346,-7.972320167097424],[-37.48609689798371,-7.973261703381593],[-37.49428567626898,-7.967847869747664],[-37.50691979133772,-7.967847869747661],[-37.531954056381295,-7.971614014884311],[-37.539557921931916,-7.9770278485182455],[-37.54096171249511,-7.978793229051047],[-37.549501438421196,-7.989738588354431],[-37.561316675661374,-7.991621660922753],[-37.575003633652486,-7.980793993654886],[-37.58810567890895,-7.981735529939052],[-37.58494715014178,-7.9753801600209515],[-37.586818870892685,-7.9712609387777515],[-37.58132069118684,-7.9680832538187],[-37.577694232231956,-7.960904039651961],[-37.56693183791416,-7.9536071334497045],[-37.563773309146974,-7.949958680348576],[-37.55464867048623,-7.944074078572562],[-37.56330537895925,-7.939601781222792],[-37.55967892000433,-7.931834106878469],[-37.55160712426597,-7.923713356427566],[-37.55254298464144,-7.921477207752677],[-37.5588600421758,-7.920064903326436],[-37.56704882046108,-7.916063374118751],[-37.567867698289604,-7.913238765266265],[-37.568920541212,-7.901116485607669],[-37.57523759874637,-7.898880336932794],[-37.579331987889006,-7.890759586481884],[-37.58529809778255,-7.890877278517414],[-37.586233958158026,-7.8831096041730735],[-37.58354335957858,-7.875459621864259],[-37.58892455673748,-7.874047317438008],[-37.59430575389638,-7.877342694432577],[-37.60073979397767,-7.882285759924434],[-37.6051851307611,-7.884051140457234],[-37.608811589716005,-7.891348046659489],[-37.616532437813575,-7.89593803604478]]]}},{"type":"Feature","properties":{"nome":"Belém de Maria","codigo_ibge":"2601508"},"geometry":{"type":"Polygon","coordinates":[[[-35.80014443159097,-8.594793342964087],[-35.75955148780536,-8.673411622691615],[-35.767389318449844,-8.673411622691612],[-35.77358939343728,-8.675059311188896],[-35.77534413164128,-8.673647006762655],[-35.77897059059617,-8.6768246917217],[-35.78259704955109,-8.67317623862057],[-35.78809522925693,-8.674000082869222],[-35.7912537580241,-8.668115481093198],[-35.79897460612165,-8.666703176666964],[-35.803770890545906,-8.672117010300893],[-35.81020493062718,-8.67294085454954],[-35.80728036695387,-8.649873215587563],[-35.809152087704796,-8.650343983729647],[-35.81698991834928,-8.64693091469956],[-35.81617104052074,-8.642105541243223],[-35.81757483108395,-8.637397859822416],[-35.81979749947566,-8.635985555396172],[-35.825646626822305,-8.628453265122872],[-35.82997498105881,-8.62727634476768],[-35.83406937020144,-8.631395566010882],[-35.83956754990728,-8.626099424412464],[-35.842492113580576,-8.624687119986234],[-35.8475223630987,-8.61974405449437],[-35.85500924610237,-8.613624068647317],[-35.85571114138398,-8.611034843865877],[-35.85302054280451,-8.606444854480591],[-35.84986201403735,-8.598206411994175],[-35.84997899658428,-8.593145654466804],[-35.847054432910966,-8.58302413941205],[-35.844246851784575,-8.580434914630612],[-35.83874867207873,-8.57878722613333],[-35.85559415883704,-8.538889626091958],[-35.85337149044532,-8.535829633168433],[-35.84916011875574,-8.541243466802362],[-35.84214116593978,-8.541478850873405],[-35.84202418339287,-8.539595778305074],[-35.84565064234777,-8.53406425263563],[-35.844597799425365,-8.5310042597121],[-35.839918497548084,-8.52606119422025],[-35.83711091642169,-8.525472734042644],[-35.831963684356644,-8.528768111037213],[-35.826816452291624,-8.530768875641062],[-35.82517869663455,-8.525001965900563],[-35.81488423250448,-8.5495996013243],[-35.8134804419413,-8.551953442034709],[-35.807163384406955,-8.551953442034714],[-35.800729344325646,-8.546539608400778],[-35.81359742448823,-8.584907211980378],[-35.80880114006399,-8.584318751802778],[-35.80330296035816,-8.594322574822002],[-35.80014443159097,-8.594793342964087]]]}},{"type":"Feature","properties":{"nome":"Panelas","codigo_ibge":"2610202"},"geometry":{"type":"Polygon","coordinates":[[[-36.09494044986117,-8.59114488986295],[-36.08827244468598,-8.5937341146444],[-36.08511391591881,-8.5919687341116],[-36.08254029988629,-8.586790284548702],[-36.08066857913538,-8.585966440300068],[-36.07879685838446,-8.58090568277269],[-36.06932127208292,-8.578551842062282],[-36.065343865487215,-8.576080309316366],[-36.059026807952854,-8.576904153565],[-36.057155087201934,-8.573844160641471],[-36.04604174524333,-8.567724174794416],[-36.03399254290926,-8.562898801338092],[-36.029781171219675,-8.561839573018407],[-36.021592392934394,-8.556072663277915],[-36.01469042266537,-8.555484203100317],[-36.01445645757153,-8.550658829643979],[-36.010245085881955,-8.547716528755982],[-36.0129356844614,-8.544185767690374],[-36.00568276655156,-8.538183473878838],[-36.00322613306598,-8.534417328742181],[-36.00030156939269,-8.533711176529073],[-36.000418551939596,-8.546774992471814],[-35.99655812789083,-8.547010376542852],[-35.970003089737126,-8.615154065109083],[-35.94801037091381,-8.629512493442558],[-35.97327860105124,-8.671881626229851],[-35.97479937416135,-8.692477732445893],[-35.97269368831656,-8.709660769631858],[-35.97643712981843,-8.710602305916012],[-35.97901074585094,-8.725902270533647],[-35.976788077459226,-8.732022256380704],[-35.974448426520574,-8.733199176735903],[-35.973278601051234,-8.739789930725044],[-35.97351256614511,-8.744262228074811],[-35.969184211908605,-8.744968380287927],[-35.96696154351689,-8.74308530771961],[-35.96614266568834,-8.750852982063948],[-35.96625964823527,-8.762151417473886],[-35.97000308973712,-8.768389095356467],[-35.977723937834675,-8.770154475889267],[-35.98591271611997,-8.780982143157129],[-36.00404501089451,-8.779569838730884],[-36.02732453773409,-8.776509845807368],[-36.028728328297305,-8.779922914837453],[-36.027324537734096,-8.784630596258259],[-36.024399974060806,-8.788161357323867],[-36.02498488679546,-8.79039750599875],[-36.04042658299054,-8.763092953758054],[-36.05575129663874,-8.75508989534267],[-36.075404364523415,-8.770507551995834],[-36.07598927725807,-8.731786872309662],[-36.07949875366605,-8.734493789126633],[-36.0832421951679,-8.733199176735907],[-36.0886233923268,-8.734611481162151],[-36.094238554579555,-8.7314337962031],[-36.075989277258074,-8.720959205041792],[-36.12418608659431,-8.715427679372347],[-36.154367583702914,-8.689888507664445],[-36.181741499685145,-8.664820104098638],[-36.17881693601181,-8.659877038606782],[-36.17039419263269,-8.650814751871723],[-36.16782057660018,-8.647283990806113],[-36.16466204783299,-8.64528322620227],[-36.16442808273913,-8.641870157172187],[-36.157292147376225,-8.635044019112014],[-36.154484566249835,-8.630571721762244],[-36.151326037482676,-8.629747877513593],[-36.14933733418482,-8.626452500519028],[-36.14021269552406,-8.620097130600945],[-36.13763907949155,-8.620097130600936],[-36.12851444083081,-8.609504847404112],[-36.12558987715749,-8.611387919972444],[-36.120910575280206,-8.607739466871312],[-36.114242570105034,-8.604914858018818],[-36.10991421586854,-8.601031020846658],[-36.10710663474215,-8.602914093414979],[-36.10067259466085,-8.60079563677561],[-36.09494044986117,-8.59114488986295]]]}},{"type":"Feature","properties":{"nome":"Lagoa Grande","codigo_ibge":"2608750"},"geometry":{"type":"Polygon","coordinates":[[[-40.20886567784014,-9.063796104512312],[-40.20816378255856,-9.061442263801917],[-40.2094505905748,-9.055675354061421],[-40.21319403207664,-9.054027665564139],[-40.21986203725181,-9.04814306378812],[-40.222669618378184,-9.038492316875464],[-40.23039046647574,-9.03354925138361],[-40.23284709996133,-9.030960026602157],[-40.230975379210406,-9.02307466022231],[-40.2323791697736,-9.01719005844629],[-40.242790616450584,-9.001654709757624],[-40.24606612776472,-9.00059548143793],[-40.2510963772828,-8.995181647804007],[-40.26022101594357,-8.990473966383192],[-40.26361350980461,-8.991650886738398],[-40.27016453243284,-8.998712408869606],[-40.27121737535521,-9.001419325686582],[-40.274843834310126,-9.004597010645627],[-40.28151183948529,-9.008833923924346],[-40.28350054278316,-9.008363155782272],[-40.287828897019665,-9.001066249580017],[-40.29157233852151,-8.999889329224814],[-40.29262518144389,-8.99718241240784],[-40.29742146586811,-8.994710879661916],[-40.29718750077427,-8.988826277885911],[-40.29917620407212,-8.986825513282069],[-40.29824034369667,-8.980587835399488],[-40.29391198946014,-8.975527077872126],[-40.29367802436627,-8.97129016459339],[-40.29718750077426,-8.964346334497687],[-40.30327059321475,-8.959638653076881],[-40.30502533141875,-8.954342511478465],[-40.29859129133746,-8.944809456601337],[-40.298123361149734,-8.939984083145003],[-40.29636862294574,-8.9388071627898],[-40.29005156541137,-8.940337159251563],[-40.28455338570554,-8.93433486544003],[-40.27390797393466,-8.930921796409939],[-40.2714513404491,-8.92797949552194],[-40.27496081685707,-8.924684118527372],[-40.27297211355921,-8.917034136218549],[-40.27566271213866,-8.910207998158382],[-40.275194781950944,-8.904676472488925],[-40.273089096106126,-8.901381095494362],[-40.27999106637518,-8.893142653007944],[-40.28467036825246,-8.890200352119928],[-40.28537226353407,-8.887375743267452],[-40.28993458286445,-8.882785753882153],[-40.29461388474174,-8.880667297242793],[-40.29742146586814,-8.877607304319259],[-40.29835732624359,-8.870663474223564],[-40.30128188991691,-8.869133477761796],[-40.305259296512624,-8.86936886183285],[-40.30911972056139,-8.865838100767242],[-40.31134238895311,-8.862307339701632],[-40.32163685308317,-8.86089503527539],[-40.3259652073197,-8.864661180412037],[-40.33555777616817,-8.862425031737148],[-40.33953518276388,-8.863601952092354],[-40.3486598214246,-8.862542723772675],[-40.351350420004046,-8.861012727310909],[-40.35497687895895,-8.855716585712502],[-40.36105997139948,-8.854068897215212],[-40.36234677941571,-8.845359686586711],[-40.3594222157424,-8.838651240562063],[-40.359188250648536,-8.83606201578061],[-40.362463761962644,-8.834767403389884],[-40.36187884922799,-8.83217817860844],[-40.36316565724424,-8.822409739660259],[-40.3615279015872,-8.817702058239453],[-40.364569447807455,-8.81417129717385],[-40.368663836950084,-8.812405916641033],[-40.37673563268842,-8.811817456463443],[-40.37954321381483,-8.8075805431847],[-40.381414934565754,-8.80911053964647],[-40.3917093986958,-8.802872861763905],[-40.392996206712056,-8.79757672016549],[-40.39545284019766,-8.79604672370373],[-40.39720757840164,-8.791927502460517],[-40.391592416148875,-8.785101364400344],[-40.391358451055005,-8.783100599796489],[-40.39568680529153,-8.781688295370246],[-40.39779249113629,-8.779569838730888],[-40.39592077038538,-8.77415600509696],[-40.39323017180593,-8.77356754491935],[-40.39755852604244,-8.764152182077739],[-40.40036610716882,-8.760739113047647],[-40.39896231660563,-8.758149888266207],[-40.40188688027895,-8.754266051094037],[-40.40071705480961,-8.75191221038363],[-40.39603775293233,-8.749440677637704],[-40.3981434387771,-8.744497612145848],[-40.39720757840164,-8.739672238689527],[-40.39498491000993,-8.738142242227763],[-40.39276224161821,-8.728020727173018],[-40.396388700573105,-8.723430737787726],[-40.393581119446736,-8.711779226271215],[-40.392294311430476,-8.704246935997915],[-40.394166032181396,-8.700245406790238],[-40.393113189259,-8.69236004041038],[-40.39931326424644,-8.689300047486844],[-40.403056705748284,-8.688829279344775],[-40.40527937414,-8.685533902350205],[-40.40633221706239,-8.677883920041388],[-40.415339873176194,-8.668468557199764],[-40.418030471755635,-8.66458472002759],[-40.419200297224954,-8.658347042145024],[-40.4214229656167,-8.656346277541175],[-40.42481545947773,-8.650226291694125],[-40.42949476135503,-8.644459381953627],[-40.4321853599345,-8.643753229740508],[-40.437449574546456,-8.636456323538255],[-40.443064736799215,-8.632925562472641],[-40.44294775425228,-8.627747112909752],[-40.44610628301946,-8.62303943148894],[-40.4462232655664,-8.619155594316767],[-40.43943827784431,-8.609387155368594],[-40.433238202856884,-8.603384861557059],[-40.43066458682438,-8.595852571283764],[-40.426570197681734,-8.59032104561431],[-40.424815459477735,-8.580434914630612],[-40.42013615760043,-8.574197236748038],[-40.41943426231882,-8.565605718155055],[-40.417094611380165,-8.55972111637904],[-40.41171341422129,-8.55642573938447],[-40.409022815641826,-8.552424210176785],[-40.39931326424641,-8.549011141146705],[-40.39393206708753,-8.546186532294218],[-40.38808293974091,-8.541478850873409],[-40.383637602957464,-8.536300401310513],[-40.382233812394254,-8.532063488031786],[-40.379192266174016,-8.528297342895138],[-40.380596056737204,-8.52594350218473],[-40.37989416145562,-8.520058900408715],[-40.3755658072191,-8.510172769425017],[-40.375448824672176,-8.502758171187244],[-40.371120470435685,-8.501934326938594],[-40.368897802043946,-8.506171240217332],[-40.36527134308903,-8.504641243755557],[-40.36117695394639,-8.50687739243044],[-40.35825239027309,-8.506406624288362],[-40.35123343745712,-8.50899584906981],[-40.346554135579815,-8.509348925176369],[-40.3436295719065,-8.509819693318457],[-40.33976914785774,-8.51570429509447],[-40.33614268890282,-8.51688121544967],[-40.329591666274595,-8.517116599520715],[-40.32432745166263,-8.513468146419587],[-40.31543677809573,-8.515351218987911],[-40.30853480782674,-8.513350454384064],[-40.299527151712915,-8.511938149957825],[-40.296368622945735,-8.508289696856684],[-40.297304483321184,-8.504288167649007],[-40.295900692757996,-8.500992790654436],[-40.29051949559909,-8.498756641979547],[-40.28712700173805,-8.500404330476837],[-40.28537226353405,-8.506288932252845],[-40.282447699860754,-8.508289696856698],[-40.274141939028546,-8.507818928714602],[-40.270281514979764,-8.509937385353968],[-40.26361350980459,-8.50628893225285],[-40.26314557961688,-8.498521257908509],[-40.25589266170706,-8.496873569411221],[-40.25051146454816,-8.507230468537006],[-40.24513026738925,-8.507818928714606],[-40.24021700041808,-8.51087892163813],[-40.23764338438558,-8.510996613673656],[-40.2313263268512,-8.505818164110766],[-40.22746590280242,-8.503582015435878],[-40.22313754856593,-8.503935091542445],[-40.22009600234568,-8.505582780039719],[-40.21249213679505,-8.503111247293804],[-40.20734490473002,-8.50299355525828],[-40.19927310899166,-8.510996613673662],[-40.196231562771416,-8.511702765886774],[-40.19658251041223,-8.51264430217094],[-40.190967348159454,-8.521000436692876],[-40.190616400518664,-8.524060429616407],[-40.187223906657614,-8.5274734986465],[-40.18172572695178,-8.525472734042653],[-40.17599358215209,-8.530415799534497],[-40.17903512837232,-8.537948089807797],[-40.17774832035608,-8.54041962255372],[-40.1731860010257,-8.543244231406211],[-40.169208594429996,-8.544303459725885],[-40.16534817038122,-8.548775757075665],[-40.16417834491189,-8.555484203100313],[-40.16605006566281,-8.560662652663208],[-40.16616704820976,-8.564781873906417],[-40.16406136236497,-8.567018022581294],[-40.16593308311586,-8.571254935860031],[-40.16523118783429,-8.573844160641471],[-40.15751033973674,-8.576433385422924],[-40.15517068879809,-8.5832595234831],[-40.15084233456156,-8.58643720844214],[-40.14651398032506,-8.588084896939426],[-40.14452527702721,-8.59067412172087],[-40.14335545155787,-8.596087955354808],[-40.13762330675818,-8.600913328811133],[-40.13200814450542,-8.607504082800272],[-40.11691739595112,-8.6123294562566],[-40.11200412897995,-8.611387919972445],[-40.10861163511888,-8.612211764221078],[-40.10112475211522,-8.611740996078995],[-40.09714734551952,-8.614800989002523],[-40.09164916581368,-8.617507905819492],[-40.089894427609686,-8.62409865980863],[-40.08661891629558,-8.630807105833279],[-40.08357737007533,-8.632572486366088],[-40.07913203329188,-8.631748642117435],[-40.07398480122686,-8.632337102295045],[-40.0680186913333,-8.74979375374426],[-40.09211709600139,-8.922330277816966],[-40.09703036297256,-8.956931736259923],[-40.093520886564605,-8.953518667229837],[-40.086384951201694,-8.9504586743063],[-40.07924901583882,-8.953047899087753],[-40.07234704556979,-8.954342511478478],[-40.07047532481888,-8.9597563451124],[-40.066614900770084,-8.963287106178011],[-40.049652431464864,-8.972820161055154],[-40.04415425175904,-8.972467084948587],[-40.03912400224093,-8.975527077872115],[-40.0369013338492,-8.979057838937733],[-40.0404108102572,-8.981411679648136],[-40.04520709468143,-8.986472437175502],[-40.04719579797927,-8.991062426560795],[-40.047780710713944,-8.996711644265764],[-40.03830512441242,-9.000948557544495],[-40.03456168291057,-9.004126242503547],[-40.030584276314855,-9.00577393100083],[-40.02426721878049,-9.018837746943577],[-40.02871255556392,-9.026840805358946],[-40.02742574754768,-9.034608479703289],[-40.02836160792313,-9.03590309209402],[-40.02695781735994,-9.044259226615948],[-40.024384201327415,-9.045671531042188],[-40.02415023623356,-9.057793810700787],[-40.004965098536616,-9.05979457530462],[-40.02368230604583,-9.060147651411182],[-40.0357315083799,-9.062383800086067],[-40.04251649610197,-9.059794575304627],[-40.0655620578477,-9.06308995229919],[-40.070124377178054,-9.067209173542397],[-40.07187911538207,-9.0729760832829],[-40.077377295087885,-9.078272224881314],[-40.092468043642214,-9.085922207190128],[-40.10170966484987,-9.094160649676537],[-40.107441809649565,-9.097456026671114],[-40.111302233698346,-9.098162178884232],[-40.11984195962443,-9.1020460160564],[-40.124053331314,-9.107342157654818],[-40.129902458660624,-9.11028445854281],[-40.136219516194984,-9.10910753818762],[-40.14429131193336,-9.106518313406166],[-40.159733008128455,-9.107930617832407],[-40.1631255019895,-9.107342157654807],[-40.16768782131986,-9.103105244376076],[-40.1710803151809,-9.093454497463417],[-40.174121861401154,-9.090512196575414],[-40.180555901482435,-9.087805279758449],[-40.184065377890434,-9.085333747012518],[-40.19646552786527,-9.07191685496321],[-40.20886567784014,-9.063796104512312]]]}},{"type":"Feature","properties":{"nome":"Angelim","codigo_ibge":"2601003"},"geometry":{"type":"Polygon","coordinates":[[[-36.30609394707451,-8.953165591123266],[-36.322471503645076,-8.868662709619723],[-36.31533556828219,-8.843358921982874],[-36.34200758898282,-8.801460557337663],[-36.333701828150595,-8.805462086545342],[-36.32878856117944,-8.799342100698293],[-36.32492813713065,-8.798871332556214],[-36.32457718948986,-8.80557977858087],[-36.320599782894156,-8.807345159113664],[-36.31451669045367,-8.804991318403259],[-36.31872806214322,-8.81134668832135],[-36.316505393751505,-8.824175120193065],[-36.3128789347966,-8.828529725507314],[-36.3053920517929,-8.830059721969084],[-36.30235050557267,-8.829706645862519],[-36.29954292444629,-8.833355098963642],[-36.29462965747512,-8.841122773307987],[-36.28959940795701,-8.843358921982864],[-36.28597294900209,-8.841005081272463],[-36.282580455141044,-8.843358921982869],[-36.27708227543521,-8.843358921982867],[-36.269361427337664,-8.839710468881739],[-36.26585195092969,-8.840298929059346],[-36.26515005564809,-8.844065074195994],[-36.26140661414626,-8.8464189149064],[-36.26105566650546,-8.848537371545758],[-36.26538402074196,-8.855363509605935],[-36.26456514291343,-8.856658121996663],[-36.25427067878337,-8.856540429961141],[-36.24982534199991,-8.858423502529458],[-36.24771965615514,-8.854186589250732],[-36.242221476449295,-8.856893506067701],[-36.24280638918396,-8.862189647666108],[-36.23882898258827,-8.86489656448308],[-36.23742519202508,-8.86889809369077],[-36.23520252363334,-8.8697219379394],[-36.231342099584566,-8.866191176873798],[-36.22584391987874,-8.867838865371088],[-36.217070228858795,-8.868898093690772],[-36.21730419395266,-8.874076543253656],[-36.22385521658088,-8.878548840603433],[-36.2160173859364,-8.8841980583084],[-36.233447785429355,-8.933393329155871],[-36.25567446934655,-8.95281251501671],[-36.305509034339835,-8.95281251501671],[-36.30609394707451,-8.953165591123266]]]}},{"type":"Feature","properties":{"nome":"Parnamirim","codigo_ibge":"2610400"},"geometry":{"type":"Polygon","coordinates":[[[-39.85335571771194,-8.027988499898507],[-39.797204095184306,-7.956549434337711],[-39.76269424383919,-7.912532613053143],[-39.69507833171214,-7.897585724542071],[-39.5736504479961,-7.870751940443439],[-39.56639753008628,-7.874988853722174],[-39.57201269233904,-7.880049611249548],[-39.57341648290222,-7.885698828954513],[-39.57154476215131,-7.895584959938224],[-39.568386233384125,-7.8984095687907026],[-39.567333390461734,-7.902175713927353],[-39.56019745509883,-7.903588018353598],[-39.55738987397244,-7.9108849245558535],[-39.558793664535635,-7.925007968818289],[-39.56148426311511,-7.925714121031406],[-39.56569563480466,-7.9305394944877365],[-39.570140971588096,-7.931481030771907],[-39.57575613384087,-7.935129483873027],[-39.576808976763274,-7.937954092725509],[-39.57201269233903,-7.940190241400401],[-39.5689711461188,-7.947840223709212],[-39.56709942536784,-7.949487912206491],[-39.5718957097921,-7.95866789097708],[-39.56803528574331,-7.963022496291325],[-39.57154476215131,-7.968789406031818],[-39.566865460274,-7.971143246742221],[-39.56592959989853,-7.976204004269596],[-39.569205111212646,-7.980558609583851],[-39.56897114611879,-7.988326283928178],[-39.4538603199371,-7.95148867681035],[-39.459241517096004,-7.957373278586361],[-39.46087927275307,-7.961139423723003],[-39.46134720294079,-7.965729413108297],[-39.46356987133252,-7.9697309423159775],[-39.46485667934875,-7.9767924644472075],[-39.470003911413805,-7.9799701494062445],[-39.47292847508712,-7.984913214898101],[-39.475619073666564,-7.991386276851714],[-39.48100027082546,-7.995270114023885],[-39.48135121846626,-7.9975062626987565],[-39.48521164251505,-8.000801639693334],[-39.48673241562514,-8.00633316536279],[-39.48380785195186,-8.013041611387433],[-39.48357388685799,-8.018102368914814],[-39.48076630573159,-8.023633894584261],[-39.48006441045,-8.032696181319322],[-39.4836908694049,-8.037992322917733],[-39.47924553262146,-8.044818460977911],[-39.47421528310337,-8.048349222043523],[-39.472460544899384,-8.05246844328673],[-39.46743029538129,-8.056234588423369],[-39.4628679760509,-8.055410744174733],[-39.456667901063476,-8.057529200814093],[-39.45327540720243,-8.060942269844183],[-39.4495319657006,-8.0604715017021],[-39.44555455910489,-8.057999968956183],[-39.43795069355426,-8.059529965417937],[-39.36027428239102,-8.050467678682882],[-39.36085919512568,-8.052703827357766],[-39.36705927011311,-8.051526907002573],[-39.37045176397414,-8.058235353027218],[-39.378874507353295,-8.064237646838746],[-39.379459420087954,-8.06729763976228],[-39.38296889649595,-8.06729763976228],[-39.38916897148338,-8.070357632685809],[-39.39057276204657,-8.075300698177658],[-39.39536904647079,-8.073064549502778],[-39.39747473231558,-8.07365300968037],[-39.40039929598888,-8.08000837959847],[-39.39794266250331,-8.082950680486476],[-39.3979426625033,-8.085892981374476],[-39.40250498183367,-8.092719119434658],[-39.40344084220916,-8.098015261033073],[-39.409523934649634,-8.101663714134192],[-39.409406952102714,-8.104841399093251],[-39.40706730116405,-8.109078312371967],[-39.41303341105763,-8.11072600086925],[-39.41537306199628,-8.115080606183502],[-39.41490513180855,-8.119552903533268],[-39.418999520951175,-8.120965207959513],[-39.424263735563144,-8.11884675132015],[-39.43034682800365,-8.119905979639844],[-39.43069777564445,-8.127202885842083],[-39.42824114215887,-8.131675183191856],[-39.42449770065701,-8.135912096470589],[-39.42976191526898,-8.142620542495246],[-39.425550543579405,-8.145445151347728],[-39.424731665750876,-8.149564372590945],[-39.42929398508126,-8.148152068164698],[-39.436546902991076,-8.150976677017178],[-39.438652588835865,-8.148269760200218],[-39.44356585580704,-8.145798227454293],[-39.4467243845742,-8.141208238069002],[-39.453392389749375,-8.144503615063565],[-39.45736979634506,-8.140972853997965],[-39.465090644442625,-8.140619777891397],[-39.469185033585255,-8.14273823453077],[-39.47327942272791,-8.151447445159267],[-39.47877760243376,-8.155331282331439],[-39.53761982354085,-8.180399685897251],[-39.543585933434414,-8.184048138998373],[-39.54779730512397,-8.189108896525745],[-39.54651049710772,-8.198288875296322],[-39.543585933434414,-8.200054255829135],[-39.54288403815281,-8.204644245214423],[-39.53422732967981,-8.207704238137952],[-39.52475174337826,-8.21653114080197],[-39.52159321461106,-8.216178064695413],[-39.51527615707671,-8.21252961159428],[-39.50697039624449,-8.213706531949489],[-39.49971747833469,-8.218767289476851],[-39.49866463541228,-8.214883452304683],[-39.49620800192671,-8.212647303629804],[-39.49000792693926,-8.219238057618936],[-39.48205311374786,-8.219708825761018],[-39.481585183560135,-8.22359266293318],[-39.47526812602575,-8.222062666471423],[-39.470705806695385,-8.219120365583414],[-39.46544159208342,-8.223239586826628],[-39.46544159208341,-8.22900649656712],[-39.461815133128496,-8.235479558520728],[-39.46392081897331,-8.238539551444248],[-39.46743029538128,-8.23653878684041],[-39.47702286422974,-8.242305696580898],[-39.48240406138864,-8.242188004545385],[-39.48661543307823,-8.245365689504435],[-39.49468722881657,-8.24760183817932],[-39.50112126889786,-8.246189533753077],[-39.50638548350985,-8.241952620474347],[-39.50860815190155,-8.239128011621855],[-39.51293650613805,-8.239598779763934],[-39.51551012217059,-8.238186475337692],[-39.524166830643594,-8.242188004545385],[-39.52989897544329,-8.239363395692902],[-39.53960852683869,-8.237833399231135],[-39.54300102069975,-8.244424153220274],[-39.547680322577065,-8.245130305433394],[-39.55271057209516,-8.243953385078182],[-39.555752118315404,-8.24595414968203],[-39.56008047255191,-8.245365689504434],[-39.56663149518013,-8.2474841461438],[-39.56932209375959,-8.249367218712127],[-39.679285687876224,-8.34669853208737],[-39.68267818173728,-8.349640832975389],[-39.685368780316715,-8.356584663071079],[-39.68525179776979,-8.367530022374458],[-39.68466688503514,-8.37059001529799],[-39.67893474023545,-8.38106460645929],[-39.674255438358124,-8.384477675489382],[-39.670278031762436,-8.385889979915614],[-39.670862944497074,-8.390362277265385],[-39.66793838082378,-8.396482263112448],[-39.67273466524801,-8.402602248959498],[-39.67460638599893,-8.40942838701967],[-39.673553543076515,-8.411076075516952],[-39.6654817473382,-8.417078369328493],[-39.66559872988511,-8.421668358713772],[-39.67086294449708,-8.4247283516373],[-39.6737875081704,-8.42943603305812],[-39.67016104921549,-8.44014600829046],[-39.67016104921549,-8.44285292510743],[-39.67425543835812,-8.449443679096564],[-39.6723837176072,-8.456622893263297],[-39.67823284495385,-8.451326751664885],[-39.67870077514157,-8.441793696787737],[-39.679753618063955,-8.439204472006299],[-39.68431593739432,-8.434261406514452],[-39.6881763614431,-8.428847572880525],[-39.69156885530416,-8.426140656063547],[-39.70198030198116,-8.415195296760167],[-39.71367855667441,-8.4095460790552],[-39.71438045195601,-8.40577993391855],[-39.71063701045418,-8.40130763656878],[-39.71145588828271,-8.398365335680765],[-39.72198431750664,-8.393422270188914],[-39.72315414297595,-8.391186121514032],[-39.72420698589834,-8.381888450707939],[-39.72666361938394,-8.377886921500249],[-39.73227878163671,-8.375533080789834],[-39.73508636276308,-8.377063077251604],[-39.74140342029745,-8.377063077251606],[-39.74444496651769,-8.371649243617668],[-39.74502987925236,-8.358114659532834],[-39.747135565097146,-8.35317159404099],[-39.74725254764407,-8.347875452442581],[-39.750762024052065,-8.343991615270408],[-39.756377186304825,-8.345050843590096],[-39.762109331104526,-8.352936209969958],[-39.76667165043488,-8.353406978112032],[-39.77076603957754,-8.348346220584657],[-39.771467934859125,-8.341284698453443],[-39.7732226730631,-8.340107778098243],[-39.780358608426,-8.340696238275836],[-39.7835171371932,-8.339401625885117],[-39.78772850888277,-8.332693179860467],[-39.79697013009044,-8.336223940926072],[-39.80340417017174,-8.33398779225119],[-39.80831743714289,-8.329986263043493],[-39.81428354703647,-8.329280110830382],[-39.820249656930024,-8.332104719682864],[-39.82563085408893,-8.332104719682864],[-39.83440454510886,-8.329633186936933],[-39.8388498818923,-8.333281640038065],[-39.8442310790512,-8.335047020570872],[-39.85113304932023,-8.335635480748463],[-39.85569536865061,-8.342814694915203],[-39.861661478544164,-8.349876217046418],[-39.86669172806226,-8.352112365721311],[-39.87324275069051,-8.359291579888046],[-39.88178247661657,-8.360350808207727],[-39.88833349924481,-8.367647714409985],[-39.89804305064021,-8.373650008221517],[-39.902137439782855,-8.373061548043905],[-39.90775260203562,-8.369883863084869],[-39.91243190391292,-8.370119247155907],[-39.918281031259546,-8.367765406445509],[-39.92143956002672,-8.369648479013826],[-39.927054722279486,-8.367530022374458],[-39.930330233593615,-8.367647714409976],[-39.9353604831117,-8.364352337415408],[-39.940039784989025,-8.364352337415408],[-39.94647382507031,-8.369530786978304],[-39.9529078651516,-8.372002319724237],[-39.957587167028905,-8.3776515374292],[-39.96367025946939,-8.377651537429204],[-39.973028863224,-8.371766935653188],[-39.977357217460515,-8.370707707333509],[-39.98332332735408,-8.366941562196862],[-39.989640384888446,-8.364823105557496],[-39.99279891365562,-8.3584677356394],[-40.0037952730673,-8.354466206431708],[-40.0110481909771,-8.356349279000032],[-40.01490861502589,-8.36105696042085],[-40.01596145794827,-8.36588233387718],[-40.01876903907465,-8.370590015297983],[-40.02227851548264,-8.373650008221517],[-40.02625592207833,-8.373061548043912],[-40.029882381033254,-8.374473852470162],[-40.03502961309828,-8.36858925069414],[-40.039474949881715,-8.367059254232379],[-40.04345235647745,-8.364352337415413],[-40.04906751873019,-8.366000025912696],[-40.05608647154617,-8.365293873699581],[-40.05959594795414,-8.369648479013833],[-40.0645092149253,-8.370707707333514],[-40.07375083613299,-8.370119247155907],[-40.08240754460599,-8.37141385954663],[-40.09071330543821,-8.366588486090302],[-40.0921170960014,-8.360468500243245],[-40.09059632289128,-8.357526199355235],[-40.09340390401765,-8.353995438289624],[-40.09515864222164,-8.349170064833306],[-40.09983794409896,-8.346816224122897],[-40.10872861766583,-8.34811083651362],[-40.111068268604484,-8.343167771021763],[-40.08732081157715,-8.337165477210236],[-40.150257421826915,-8.292089427605974],[-40.20067689955484,-8.255957972701252],[-40.19740138824074,-8.221121130187255],[-40.1950617373021,-8.196758878834574],[-40.18944657504933,-8.151565137194787],[-40.17739737271528,-8.178751997399967],[-40.17330298357263,-8.172985087659475],[-40.17096333263397,-8.172985087659468],[-40.167336873679076,-8.169454326593858],[-40.157978269924456,-8.1655704894217],[-40.1527140553125,-8.16074511596536],[-40.14557811994962,-8.158744351361523],[-40.14241959118243,-8.159921271716716],[-40.13575158600727,-8.159097427468087],[-40.13048737139529,-8.156390510651113],[-40.12849866809746,-8.153801285869667],[-40.117151361044975,-8.156625894722152],[-40.11247205916766,-8.157096662864243],[-40.10884560021275,-8.155095898260397],[-40.106155001633304,-8.156272818615593],[-40.09784924080109,-8.154036669940709],[-40.09644545023791,-8.151682829230305],[-40.09094727053206,-8.15015283276854],[-40.08767175921796,-8.151800521265821],[-40.077845225275624,-8.152624365514466],[-40.076090487071646,-8.158155891183922],[-40.07339988849218,-8.161215884107444],[-40.07035834227192,-8.162275112427135],[-40.06977342953728,-8.166629717741372],[-40.06064879087653,-8.169807402700433],[-40.05538457626458,-8.169336634558343],[-40.05187509985659,-8.17204355137531],[-40.0461429550569,-8.170866631020113],[-40.04216554846118,-8.167335869954497],[-40.03584849092682,-8.170984323055633],[-40.029882381033254,-8.165805873492738],[-40.02660686971914,-8.166041257563771],[-40.01619542304215,-8.169925094735943],[-40.015376545213606,-8.172749703588437],[-40.0088255225854,-8.172396627481875],[-40.005900958912065,-8.170160478806986],[-40.000519761753175,-8.17345585580155],[-39.99841407590839,-8.178987381471005],[-40.000402779206226,-8.181223530145884],[-40.004263203255015,-8.182518142536606],[-40.00613492400594,-8.18946197263231],[-40.002391482504095,-8.193581193875524],[-39.99513856459427,-8.194051962017598],[-39.9926819311087,-8.195935034585919],[-39.995138564594264,-8.202878864681619],[-39.99385175657802,-8.20476193724994],[-39.98776866413752,-8.208292698315553],[-39.984727117917274,-8.205468089463064],[-39.98227048443168,-8.20593885760514],[-39.9787610080237,-8.214059608056047],[-39.97314584577093,-8.218767289476855],[-39.965541980220316,-8.215589604517803],[-39.961564573624614,-8.219473441689974],[-39.957470184481956,-8.22571111957254],[-39.95431165571478,-8.225358043465988],[-39.950217266572146,-8.222298050542465],[-39.94132659300526,-8.223474970897664],[-39.93711522131571,-8.220179593903097],[-39.93290384962613,-8.222533434613506],[-39.92740566992029,-8.219120365583418],[-39.92424714115311,-8.213941916020525],[-39.92167352512059,-8.220297285938608],[-39.91512250249237,-8.220885746116211],[-39.91336776428836,-8.21688421690853],[-39.90459407326845,-8.216060372659886],[-39.905763898737774,-8.213471147878437],[-39.91149604353744,-8.212411919558754],[-39.91313379919451,-8.20499732132099],[-39.91535646758622,-8.202525788575063],[-39.91442060721077,-8.199701179722572],[-39.91722818833714,-8.193345809804477],[-39.920035769463546,-8.197935799189766],[-39.922726368042994,-8.19734733901217],[-39.92319429823072,-8.193581193875517],[-39.92834153029575,-8.192051197413756],[-39.92951135576508,-8.186284287673264],[-39.93325479726691,-8.185931211566706],[-39.93430764018931,-8.182518142536617],[-39.93150005906294,-8.175809696511957],[-39.935126518017846,-8.171690475268749],[-39.93512651801783,-8.169689710664901],[-39.940156767535946,-8.164746645173059],[-39.94167754064607,-8.161451268178489],[-39.94191150573994,-8.15615512658008],[-39.940156767535946,-8.1499174486975],[-39.94308133120925,-8.14744591595157],[-39.94308133120927,-8.142620542495244],[-39.94027375008289,-8.13791286107444],[-39.89067315018347,-8.075183006142138],[-39.85335571771194,-8.027988499898507]]]}},{"type":"Feature","properties":{"nome":"Taquaritinga do Norte","codigo_ibge":"2615003"},"geometry":{"type":"Polygon","coordinates":[[[-36.00334311561292,-7.812847458967479],[-36.00205630759665,-7.816260527997563],[-36.00615069673931,-7.817908216494844],[-36.01106396371048,-7.814612839500285],[-36.01492438775925,-7.8141420713582],[-36.017614986338714,-7.817555140388292],[-36.023815061326125,-7.819791289063168],[-36.024633939154654,-7.825793582874703],[-36.021475410387474,-7.827441271371985],[-36.02170937548133,-7.832619720934876],[-36.01644516086939,-7.8375627864267265],[-36.016328178322446,-7.842035083776504],[-36.019252741995764,-7.845448152806596],[-36.015392317946976,-7.8487435298011565],[-36.013403614649114,-7.853568903257488],[-36.00989413824114,-7.877107310361547],[-36.01328663210218,-7.896408804186865],[-36.01773196888562,-7.90335263428256],[-36.022294288216,-7.904294170566724],[-36.02673962499943,-7.907354163490248],[-36.02627169481172,-7.910178772342735],[-36.030950996689015,-7.914886453763539],[-36.0294302235789,-7.917946446687065],[-36.02673962499943,-7.918299522793626],[-36.022879200950676,-7.922065667930284],[-36.03738503677032,-7.931010262629818],[-36.050721047120625,-7.952783289201059],[-36.05118897730835,-7.95784404672844],[-36.07095902773997,-7.980676301619376],[-36.080551596588435,-7.991857044993799],[-36.097631048440604,-8.0046854768655],[-36.10909533804,-8.004332400758939],[-36.111785936619434,-7.996682418450129],[-36.1083934427584,-7.988090899857141],[-36.10862740785228,-7.982441682152177],[-36.10687266964827,-7.977498616660315],[-36.110850076244,-7.9776163086958505],[-36.11120102388479,-7.972202475061914],[-36.12266531348418,-7.969024790102861],[-36.12558987715751,-7.967024025499018],[-36.127812545549205,-7.970437094529108],[-36.13167296959799,-7.970084018422539],[-36.13295977761425,-7.966553257356939],[-36.135884341287564,-7.96431710868205],[-36.145827857776844,-7.963493264433405],[-36.14933733418481,-7.964552492753087],[-36.15074112474802,-7.9679655617831875],[-36.14945431673176,-7.971614014884306],[-36.15109207238882,-7.9733793954171155],[-36.15705818228238,-7.973732471523674],[-36.160567658690354,-7.96996632638703],[-36.1608016237842,-7.965847105143817],[-36.16477903037992,-7.965964797179331],[-36.16606583839618,-7.961845575936127],[-36.17238289593055,-7.957255586550836],[-36.169575314804156,-7.939837165293843],[-36.1948435449416,-7.9232425882854844],[-36.24280638918396,-7.89228958294365],[-36.266319881117404,-7.868515791768564],[-36.26351229999103,-7.831795876686232],[-36.26128963159932,-7.832031260757279],[-36.25333481840791,-7.8299128041179165],[-36.247485691061264,-7.826146658981274],[-36.239998808057585,-7.817672832423805],[-36.23953087786985,-7.811199770470195],[-36.24233845899623,-7.807315933298025],[-36.2512291325631,-7.804609016481053],[-36.25438766133031,-7.801666715593047],[-36.254153696236436,-7.796370573994639],[-36.25204801039165,-7.792133660715914],[-36.24631586559195,-7.785307522655737],[-36.233915715617094,-7.776362927956195],[-36.22724771044193,-7.7700075580381],[-36.22046272271983,-7.76565295272386],[-36.21660229867107,-7.764122956262097],[-36.20654179963485,-7.7703606341446685],[-36.204670078883936,-7.773538319103709],[-36.20431913124315,-7.782953681945324],[-36.200926637382096,-7.789897512041027],[-36.197885091161844,-7.790368280183104],[-36.1891114001419,-7.786013674868858],[-36.183496237889145,-7.783895218229494],[-36.1722659133836,-7.784130602300532],[-36.16232239689433,-7.78365983415845],[-36.15506947898453,-7.782482913803247],[-36.14337122429126,-7.781541377519089],[-36.12687668517377,-7.784248294336055],[-36.118453941794606,-7.785778290797822],[-36.1134236922765,-7.784130602300532],[-36.104065088521885,-7.779658304950767],[-36.09412157203263,-7.778481384595562],[-36.08090254422924,-7.779069844773169],[-36.0689703244421,-7.780952917341484],[-36.064057057470954,-7.785072138584697],[-36.059377755593644,-7.792251352751436],[-36.05621922682644,-7.799195182847133],[-36.05387957588781,-7.8013136394864855],[-36.05048708202675,-7.801078255415452],[-36.04545683250865,-7.795075961603924],[-36.041947356100685,-7.793663657177677],[-36.03539633347246,-7.796135189923609],[-36.03001513631355,-7.79954825895369],[-36.02592074717092,-7.806256704978349],[-36.0215923929344,-7.810258234186027],[-36.01504137030618,-7.811788230647789],[-36.00919224295955,-7.811788230647797],[-36.00334311561292,-7.812847458967479]]]}},{"type":"Feature","properties":{"nome":"Canhotinho","codigo_ibge":"2603702"},"geometry":{"type":"Polygon","coordinates":[[[-36.29954292444629,-8.833355098963642],[-36.24947439435912,-8.786866744933148],[-36.24900646417139,-8.786513668826586],[-36.2185910019689,-8.713897682910591],[-36.19484354494159,-8.712367686448815],[-36.18688873175018,-8.711896918306735],[-36.184666063358456,-8.711779226271222],[-36.216719281218,-8.793339806886756],[-36.187707609578716,-8.787219821039711],[-36.185952871374724,-8.781805987405768],[-36.17905090110571,-8.782276755547857],[-36.1758923723385,-8.78404213608066],[-36.173552721399865,-8.790279813963227],[-36.169458332257214,-8.793928267064356],[-36.16279032708205,-8.794281343170915],[-36.158461972845544,-8.797812104236527],[-36.15904688558022,-8.800165944946926],[-36.155771374266116,-8.805579778580862],[-36.15191095021733,-8.803814398048067],[-36.148869403997075,-8.805344394509827],[-36.147816561074706,-8.808639771504394],[-36.14840147380934,-8.81370052903177],[-36.151092072388806,-8.815818985671132],[-36.15144302002962,-8.820408975056418],[-36.14863543890322,-8.822762815766824],[-36.15015621201336,-8.825116656477231],[-36.14769957852775,-8.827588189223146],[-36.14302027665046,-8.825469732583787],[-36.14009571297715,-8.826175884796914],[-36.13834097477316,-8.831825102501888],[-36.12792952809615,-8.836532783922689],[-36.12523892951669,-8.834532019318853],[-36.12102755782711,-8.836768167993734],[-36.12547289461055,-8.842299693663188],[-36.061132493797636,-8.895025725576257],[-36.041947356100685,-8.905029548595481],[-36.03329064762766,-8.908442617625568],[-36.04662665797798,-8.911973378691178],[-36.057272069748855,-8.913032607010864],[-36.063940074924,-8.915386447721268],[-36.07341566122555,-8.925625654811535],[-36.07634022489888,-8.932569484907223],[-36.08230633479242,-8.940925619429171],[-36.09084606071852,-8.946221761027573],[-36.10090655975471,-8.949281753951107],[-36.11330670972958,-8.950694058377348],[-36.12243134839031,-8.952694822981197],[-36.12828047573695,-8.95775558050856],[-36.12980124884707,-8.965758638923939],[-36.12851444083082,-8.977174766369409],[-36.12465401678203,-8.983412444251972],[-36.11213688426025,-8.987767049566228],[-36.10628775691361,-8.994475495590876],[-36.10429905361576,-8.998947792940655],[-36.1097972333216,-9.005420854894261],[-36.10909533804,-9.007303927462589],[-36.11377463991729,-9.009187000030922],[-36.11506144793357,-9.013423913309635],[-36.11155197152557,-9.017660826588374],[-36.115646360668215,-9.018484670837022],[-36.11997471490473,-9.02178004783158],[-36.127110650267625,-9.02366312039991],[-36.13026917903481,-9.026958497394471],[-36.13506546345902,-9.02695849739447],[-36.14079760825873,-9.030136182353514],[-36.15132603748266,-9.031548486779768],[-36.15483551389065,-9.032725407134961],[-36.15892990303329,-9.031666178815284],[-36.161386536518876,-9.028017725714154],[-36.16899040206949,-9.029900798282476],[-36.17413763413453,-9.021191587653977],[-36.177062197807835,-9.021191587653977],[-36.179284866199545,-9.024369272613026],[-36.183730202983,-9.023427736328864],[-36.18887743504803,-9.025546192968235],[-36.19016424306429,-9.022015431902622],[-36.194843544941605,-9.023192352257832],[-36.20045870719436,-9.020367743405348],[-36.210051276042854,-9.021897739867107],[-36.21648531612412,-9.024251580577506],[-36.2181230717812,-9.023663120399911],[-36.21859100196891,-9.005185470823221],[-36.22163254818917,-9.002596246041772],[-36.22514202459715,-9.003067014183866],[-36.22783262317659,-9.001301633651057],[-36.23344778542936,-9.003184706219388],[-36.23730820947814,-9.000830865508973],[-36.24409319720023,-9.000242405331374],[-36.246432848138866,-8.995652415946083],[-36.2429233717309,-8.99294549912912],[-36.23999880805757,-8.987767049566225],[-36.24128561607383,-8.96422864246218],[-36.24070070333917,-8.951753286697024],[-36.23765915711894,-8.944927148636857],[-36.233447785429355,-8.933393329155871],[-36.2160173859364,-8.8841980583084],[-36.22385521658088,-8.878548840603433],[-36.21730419395266,-8.874076543253656],[-36.217070228858795,-8.868898093690772],[-36.22584391987874,-8.867838865371088],[-36.231342099584566,-8.866191176873798],[-36.23520252363334,-8.8697219379394],[-36.23742519202508,-8.86889809369077],[-36.23882898258827,-8.86489656448308],[-36.24280638918396,-8.862189647666108],[-36.242221476449295,-8.856893506067701],[-36.24771965615514,-8.854186589250732],[-36.24982534199991,-8.858423502529458],[-36.25427067878337,-8.856540429961141],[-36.26456514291343,-8.856658121996663],[-36.26538402074196,-8.855363509605935],[-36.26105566650546,-8.848537371545758],[-36.26140661414626,-8.8464189149064],[-36.26515005564809,-8.844065074195994],[-36.26585195092969,-8.840298929059346],[-36.269361427337664,-8.839710468881739],[-36.27708227543521,-8.843358921982867],[-36.282580455141044,-8.843358921982869],[-36.28597294900209,-8.841005081272463],[-36.28959940795701,-8.843358921982864],[-36.29462965747512,-8.841122773307987],[-36.29954292444629,-8.833355098963642]]]}},{"type":"Feature","properties":{"nome":"Araçoiaba","codigo_ibge":"2601052"},"geometry":{"type":"Polygon","coordinates":[[[-35.054146729801744,-7.880049611249553],[-35.06841860052753,-7.8116705386122804],[-35.07321488495175,-7.808375161617711],[-35.083158401441025,-7.804255940374504],[-35.09380381321191,-7.8060213209073],[-35.099301992917724,-7.804726708516581],[-35.10187560895025,-7.815789759855485],[-35.10257750423184,-7.823086666057741],[-35.100003888199346,-7.828147423585112],[-35.10152466130947,-7.830618956331043],[-35.1059699980929,-7.825087430661587],[-35.116147479676044,-7.8173197563172465],[-35.119656956084015,-7.812612074896439],[-35.12538910088371,-7.810611310292598],[-35.13065331549568,-7.80402055630346],[-35.14001191925029,-7.794487501426321],[-35.12620797871224,-7.770007558038108],[-35.120241868818674,-7.76624141290146],[-35.1167323924107,-7.75706143413087],[-35.11018136978247,-7.749176067751018],[-35.1117021428926,-7.7409376252646025],[-35.11053231742326,-7.735876867737227],[-35.10561905045209,-7.726579196931131],[-35.09953595801159,-7.722813051794483],[-35.0981321674484,-7.729286113748099],[-35.09462269104043,-7.733169950920266],[-35.092049075007914,-7.739996088980439],[-35.08772072077142,-7.741996853584285],[-35.08573201747357,-7.740584549158032],[-35.08093573304932,-7.741526085442206],[-35.075437553343484,-7.745998382791973],[-35.07309790240484,-7.745409922614362],[-35.06549403685422,-7.747646071289251],[-35.054029747254816,-7.749293759786533],[-35.04490510859407,-7.760239119089917],[-35.04420321331248,-7.763181419977929],[-35.039172963794364,-7.767418333256654],[-35.03858805105972,-7.769889866002582],[-35.04069373690451,-7.775303699636515],[-35.038120120871966,-7.780717533270443],[-35.039991841622886,-7.788249823543743],[-35.03999184162291,-7.793545965142151],[-35.03671633030878,-7.793545965142155],[-35.03227099352535,-7.799312874882645],[-35.02876151711737,-7.799901335060246],[-35.02724074400724,-7.8051974766586545],[-35.02431618033395,-7.806374397013857],[-35.020455756285145,-7.813788995251643],[-35.020923686472884,-7.817084372246212],[-35.0238482501462,-7.818496676672451],[-35.02548600580325,-7.8220274377380585],[-35.03227099352535,-7.8249697386260655],[-35.034610644464,-7.837562786426736],[-35.03624840012106,-7.842035083776506],[-35.03542952229253,-7.846389689090748],[-35.03671633030879,-7.849802758120843],[-35.03636538266798,-7.86780963955544],[-35.03765219068425,-7.871222708585532],[-35.04034278926368,-7.873341165224894],[-35.05239199159775,-7.877813462574666],[-35.054146729801744,-7.880049611249553]]]}},{"type":"Feature","properties":{"nome":"São Benedito do Sul","codigo_ibge":"2612901"},"geometry":{"type":"Polygon","coordinates":[[[-35.8471714154579,-8.808051311326798],[-35.84494874706618,-8.87242885475637],[-35.84916011875575,-8.871840394578774],[-35.850212961678125,-8.868898093690763],[-35.85536019374318,-8.86277810784371],[-35.86085837344901,-8.858894270671541],[-35.87548119181558,-8.858894270671549],[-35.87910765077049,-8.859600422884657],[-35.886945481414976,-8.863013491914753],[-35.89267762621469,-8.859482730849143],[-35.89618710262265,-8.854304281286257],[-35.900983387046885,-8.862425031737148],[-35.906832514393514,-8.863131183950275],[-35.91139483372388,-8.861248111381945],[-35.91642508324201,-8.867603481300048],[-35.92180628040089,-8.882668061846639],[-35.92426291388649,-8.884668826450476],[-35.933270570000296,-8.88455113441496],[-35.942512191207975,-8.885610362734646],[-35.949765109117784,-8.890553428226488],[-35.95058398694632,-8.892318808759299],[-35.9547953586359,-8.863366568021318],[-35.95526328882363,-8.812758992747604],[-35.96614266568834,-8.750852982063948],[-35.96696154351689,-8.74308530771961],[-35.96508982276596,-8.74167300329336],[-35.96041052088866,-8.74249684754201],[-35.95081795204019,-8.746733760820737],[-35.9422782261141,-8.746733760820735],[-35.933972465281876,-8.744262228074806],[-35.92929316340458,-8.742026079399924],[-35.923911966245676,-8.744144536039286],[-35.9189986992745,-8.74944067763771],[-35.90940613042605,-8.74991144577978],[-35.8629640592938,-8.751441442241552],[-35.861092338542875,-8.75132375020603],[-35.86214518146527,-8.75485451127163],[-35.85945458288582,-8.75603143162684],[-35.85536019374318,-8.76003296083453],[-35.8471714154579,-8.808051311326798]]]}},{"type":"Feature","properties":{"nome":"Petrolândia","codigo_ibge":"2611002"},"geometry":{"type":"Polygon","coordinates":[[[-38.46980313514001,-8.865720408731718],[-38.46664460637282,-8.863955028198914],[-38.46418797288723,-8.854304281286248],[-38.457519967712074,-8.840652005165897],[-38.45143687527158,-8.836415091887169],[-38.446523608300424,-8.837592012242375],[-38.44137637623538,-8.829588953826997],[-38.43739896963966,-8.828882801613881],[-38.42897622626052,-8.824410504264103],[-38.416810041379534,-8.820526667091933],[-38.40955712346972,-8.816995906026332],[-38.40522876923319,-8.81723129009737],[-38.4023042055599,-8.809110539646468],[-38.399730589527366,-8.807462851149191],[-38.391307846148244,-8.804873626367748],[-38.39025500322584,-8.800519021053494],[-38.37457934193686,-8.789926737856668],[-38.370134005153425,-8.791809810424994],[-38.366975476386244,-8.790162121927715],[-38.35937161083563,-8.792045194496035],[-38.35644704716232,-8.786395976791066],[-38.353639466035936,-8.784159828116184],[-38.348609216517836,-8.784748288293784],[-38.34556767029756,-8.783453675903061],[-38.341824228795744,-8.778863686517765],[-38.33656001418377,-8.777804458198078],[-38.32848821844541,-8.780982143157136],[-38.32427684675584,-8.778275226340169],[-38.32603158495983,-8.77356754491936],[-38.321118317988656,-8.7686244794275],[-38.31749185903376,-8.768389095356463],[-38.314333330266564,-8.766506022788143],[-38.313280487344166,-8.763799105971177],[-38.30743135999755,-8.761562957296281],[-38.30789929018527,-8.758738348443801],[-38.30532567415276,-8.754383743129551],[-38.28883113503527,-8.760150652870049],[-38.28578958881503,-8.758502964372767],[-38.283098990235565,-8.752971438703304],[-38.27795175817054,-8.753442206845397],[-38.27479322940334,-8.755089895342678],[-38.268827119509794,-8.753912974987479],[-38.26473273036715,-8.748381449318012],[-38.26473273036714,-8.740260698867129],[-38.2663704860242,-8.73555301744631],[-38.26192514924077,-8.733669944877985],[-38.26157420159996,-8.727432266995418],[-38.26543462564876,-8.724019197965326],[-38.26286100961621,-8.719899976722111],[-38.261574201599956,-8.711426150164653],[-38.259819463395985,-8.707895389099047],[-38.25361938840856,-8.705070780246558],[-38.252098615298415,-8.700245406790238],[-38.248004226155786,-8.697067721831186],[-38.24180415116836,-8.695773109440468],[-38.235487093633985,-8.691653888197255],[-38.23279649505454,-8.688123127131652],[-38.227766245536436,-8.689653123593416],[-38.21337739226373,-8.687534666954049],[-38.20951696821495,-8.687534666954049],[-38.203433875774465,-8.685063134208127],[-38.200743277195016,-8.681296989071479],[-38.19033183051801,-8.676942383757218],[-38.185184598452985,-8.677766228005867],[-38.18413175553057,-8.680002376680747],[-38.17910150601247,-8.683415445710832],[-38.17722978526155,-8.683180061639792],[-38.173135396118916,-8.68682851474092],[-38.16810514660083,-8.686122362527797],[-38.162840931988846,-8.689653123593418],[-38.157342752283,-8.691065428019655],[-38.15359931078117,-8.695890801475985],[-38.149036991450814,-8.694949265191818],[-38.14587846268363,-8.696832337760144],[-38.14190105608792,-8.697185413866709],[-38.137221754210614,-8.692006964303816],[-38.131489609410906,-8.691065428019652],[-38.12704427262745,-8.692242348374855],[-38.121078162733916,-8.691771580232777],[-38.11628187830967,-8.69471388112078],[-38.11113464624463,-8.694478497049735],[-38.10926292549371,-8.69636156961807],[-38.10376474578789,-8.695302341298376],[-38.10060621702069,-8.696008493511501],[-38.09756467080045,-8.694360805014213],[-38.09697975806579,-8.69118312005517],[-38.08972684015596,-8.687063898811966],[-38.083994695356274,-8.68635774659884],[-38.08200599205841,-8.681179297035946],[-38.076741777446436,-8.68117929703595],[-38.07299833594461,-8.680002376680754],[-38.065511452940925,-8.684474674030513],[-38.12985185375384,-8.748969909495615],[-38.236072006368666,-8.855481201641453],[-38.2315096870383,-8.858541194564987],[-38.22449073422233,-8.865838100767233],[-38.21817367668797,-8.876194999893025],[-38.215483078108534,-8.882314985740077],[-38.2143132526392,-8.887375743267452],[-38.216184973390114,-8.89808571849979],[-38.215717043202375,-8.904088012311323],[-38.211154723872006,-8.915268755685743],[-38.20986791585575,-8.920682589319679],[-38.21127170641896,-8.931510256587549],[-38.21056981113735,-8.936217938008355],[-38.20858110783949,-8.938924854825322],[-38.20776223001098,-8.944456380494772],[-38.20565654416619,-8.950105598199748],[-38.20600749180698,-8.955754815904715],[-38.209867915855746,-8.96493479467529],[-38.21244153188827,-8.975644769907637],[-38.212558514435194,-8.979528607079803],[-38.20495464888457,-9.103929088624731],[-38.3129295397034,-9.148416678051387],[-38.318661684503084,-9.141002079813603],[-38.32100133544173,-9.127820571835334],[-38.32135228308253,-9.116875212531955],[-38.31491824300124,-9.107224465619293],[-38.3061445519813,-9.101692939949837],[-38.30462377887117,-9.096749874457988],[-38.30754834254447,-9.094513725783106],[-38.314918243001244,-9.094042957641015],[-38.32029944016013,-9.091336040824052],[-38.323340986380394,-9.08756989568741],[-38.32614856750677,-9.080979141698265],[-38.324627794396655,-9.074270695673611],[-38.321001335441736,-9.070033782394889],[-38.312461609515644,-9.06638532929376],[-38.303687918495704,-9.061677647872948],[-38.29701991332053,-9.055675354061414],[-38.290000960504585,-9.047201527503951],[-38.28883113503528,-9.040375389443785],[-38.28965001286379,-9.03637386023609],[-38.296435000585895,-9.022839276151267],[-38.302752058120234,-9.013894681451722],[-38.316906946299085,-9.00130163365105],[-38.31737487648681,-8.995063955768481],[-38.320767370347866,-8.990709350454239],[-38.32357495147424,-8.990003198241117],[-38.340186473138694,-8.990356274347668],[-38.348258268877025,-8.993180883200164],[-38.36241315705586,-9.000948557544497],[-38.37621709759392,-9.015895446055572],[-38.385926648989326,-9.024840040755116],[-38.39668904330711,-9.033078483241525],[-38.40347403102923,-9.037197704484734],[-38.40850428054731,-9.038492316875463],[-38.41844779703658,-9.03802154873338],[-38.43002906918292,-9.034490787667766],[-38.441142411141506,-9.030253874389041],[-38.449097224332945,-9.026370037216866],[-38.46816537948295,-9.0131885292386],[-38.484075005865776,-9.001066249580022],[-38.48816939500841,-8.994004727448806],[-38.49834687659156,-8.984942440713745],[-38.50349410865659,-8.981411679648135],[-38.50793944544004,-8.974114773445875],[-38.5110979742072,-8.963640182284577],[-38.51402253788053,-8.95999172918345],[-38.516128223725325,-8.957873272544086],[-38.51975468268024,-8.94763406545382],[-38.51940373503944,-8.939395622967401],[-38.5168301190069,-8.933275637120346],[-38.51098099166029,-8.925154886669448],[-38.50209031809341,-8.916563368076467],[-38.49214680160414,-8.91256183886878],[-38.484425953506566,-8.907030313199332],[-38.47927872144154,-8.901734171600914],[-38.47658812286211,-8.89479034150523],[-38.47331261154799,-8.88949419990681],[-38.46992011768695,-8.874665003431259],[-38.46980313514001,-8.865720408731718]]]}},{"type":"Feature","properties":{"nome":"Orocó","codigo_ibge":"2609808"},"geometry":{"type":"Polygon","coordinates":[[[-39.646062644547364,-8.659641654535742],[-39.64337204596793,-8.519117364124554],[-39.64161730776394,-8.516763523414154],[-39.63518326768263,-8.514762758810301],[-39.63506628513569,-8.50934892517637],[-39.63038698325841,-8.506524316323887],[-39.63097189599306,-8.503817399506927],[-39.634832320041845,-8.50063971454787],[-39.64220222049861,-8.4973443375533],[-39.649221173314565,-8.497579721624344],[-39.65191177189401,-8.4944020366653],[-39.6515608242532,-8.490047431351043],[-39.65390047519187,-8.48639897824992],[-39.654134440285716,-8.478278227799025],[-39.65951563744463,-8.472158241951977],[-39.66150434074248,-8.468509788850838],[-39.66325907894645,-8.46191903486171],[-39.669927084121625,-8.460859806542032],[-39.6723837176072,-8.456622893263297],[-39.67425543835812,-8.449443679096564],[-39.67016104921549,-8.44285292510743],[-39.67016104921549,-8.44014600829046],[-39.6737875081704,-8.42943603305812],[-39.67086294449708,-8.4247283516373],[-39.66559872988511,-8.421668358713772],[-39.6654817473382,-8.417078369328493],[-39.673553543076515,-8.411076075516952],[-39.67460638599893,-8.40942838701967],[-39.67273466524801,-8.402602248959498],[-39.66793838082378,-8.396482263112448],[-39.670862944497074,-8.390362277265385],[-39.670278031762436,-8.385889979915614],[-39.674255438358124,-8.384477675489382],[-39.67893474023545,-8.38106460645929],[-39.68466688503514,-8.37059001529799],[-39.68525179776979,-8.367530022374458],[-39.685368780316715,-8.356584663071079],[-39.68267818173728,-8.349640832975389],[-39.679285687876224,-8.34669853208737],[-39.56932209375959,-8.249367218712127],[-39.54604256691999,-8.320217824095316],[-39.54183119523041,-8.32716165419101],[-39.54066136976109,-8.337165477210233],[-39.543234985793625,-8.349993909081935],[-39.547446357483174,-8.35387774625411],[-39.55130678153197,-8.355172358644836],[-39.555050223033795,-8.360115424136684],[-39.55680496123777,-8.364823105557493],[-39.55317850228289,-8.369295402907262],[-39.55575211831538,-8.374709236541202],[-39.55657099614394,-8.379887686104091],[-39.55891064708258,-8.386478440093224],[-39.555401170674585,-8.391068429478516],[-39.55528418812767,-8.400366100284614],[-39.557506856519375,-8.402955325066062],[-39.56089935038042,-8.40236686488846],[-39.56394089660068,-8.404249937456783],[-39.56417486169455,-8.409781463126237],[-39.5654616697108,-8.41448914454704],[-39.56206917584976,-8.418372981719205],[-39.56230314094361,-8.421432974642737],[-39.559729524911106,-8.426376040134597],[-39.56113331547431,-8.430142185271235],[-39.561016332927366,-8.43649755518933],[-39.55879366453564,-8.436144479082772],[-39.55388039756447,-8.438969087935256],[-39.55118979898502,-8.444618305640228],[-39.54943506078102,-8.45144444370041],[-39.54721239238933,-8.456152125121209],[-39.550370921156485,-8.462625187074824],[-39.548733165499435,-8.46780363663773],[-39.544872741450675,-8.473217470271655],[-39.539608526838684,-8.473099778236131],[-39.536800945712315,-8.48145591275808],[-39.53141974855341,-8.489576663208974],[-39.529781992896375,-8.490753583564171],[-39.525219673566,-8.500639714547875],[-39.521242266970276,-8.502287403045154],[-39.51398934906045,-8.514056606597183],[-39.50732134388529,-8.514998142881346],[-39.50170618163254,-8.518293519875906],[-39.49866463541229,-8.523707353509844],[-39.49433628117577,-8.525472734042642],[-39.49176266514325,-8.524766581829526],[-39.490124909486205,-8.527826574753055],[-39.4797134628092,-8.534181944671143],[-39.47713984677669,-8.534064252635623],[-39.47725682932361,-8.581258758879247],[-39.4760870038543,-8.592792578360234],[-39.48240406138866,-8.593969498715445],[-39.485679572702765,-8.596441031461362],[-39.502992989648774,-8.600560252704575],[-39.514925209435916,-8.602561017308412],[-39.51866865093777,-8.60385562969914],[-39.52124226697028,-8.608445619084426],[-39.5262725164884,-8.612564840327645],[-39.53153673110033,-8.61362406864732],[-39.545457654185334,-8.620685590778542],[-39.550721868797304,-8.621038666885102],[-39.556687978690846,-8.623039431488943],[-39.5575068565194,-8.628806341229438],[-39.56078236783348,-8.628335573087353],[-39.56452580933536,-8.630336337691205],[-39.568620198478,-8.63669170760929],[-39.57739388949793,-8.63998708460386],[-39.580903365905925,-8.64045785274594],[-39.59517523663169,-8.65116782797829],[-39.600205486149804,-8.652227056297965],[-39.606639526231085,-8.655993201434613],[-39.614477356875575,-8.65752319789638],[-39.62254915261391,-8.655522433292528],[-39.62933414033601,-8.655993201434622],[-39.633545512025584,-8.65775858196742],[-39.646062644547364,-8.659641654535742]]]}},{"type":"Feature","properties":{"nome":"Ouricuri","codigo_ibge":"2609907"},"geometry":{"type":"Polygon","coordinates":[[[-40.560632196466486,-7.997270878627732],[-40.526356310215235,-7.997270878627729],[-40.52530346729283,-7.991974737029318],[-40.5229638163542,-7.990797816674111],[-40.520390200321664,-7.975733236127523],[-40.52097511305632,-7.974085547630238],[-40.51957132249314,-7.967259409570056],[-40.520390200321685,-7.964670184788611],[-40.5175826191953,-7.960315579474359],[-40.51734865410143,-7.957726354692918],[-40.519805287587026,-7.951724060881385],[-40.515710898444375,-7.949017144064421],[-40.511616509301746,-7.9444271546791345],[-40.505299451767364,-7.943721002466002],[-40.50132204517166,-7.934658715730952],[-40.50026920224926,-7.9288918059904585],[-40.495823865465844,-7.924890276782761],[-40.495355935278106,-7.918652598900189],[-40.492197406510925,-7.916181066154276],[-40.488921895196796,-7.916416450225309],[-40.48623129661736,-7.913709533408344],[-40.480148204176864,-7.913827225443858],[-40.47932932634834,-7.909708004200657],[-40.474533041924104,-7.9053533988863975],[-40.467748054202,-7.905824167028481],[-40.464823490528694,-7.904882630744319],[-40.46611029854494,-7.897938800648619],[-40.46119703157377,-7.8957026519737425],[-40.457102642431124,-7.892407274979174],[-40.45452902639862,-7.887817285593887],[-40.457219624978066,-7.881814991782351],[-40.45406109621089,-7.877107310361544],[-40.449615759427445,-7.876048082041856],[-40.446808178301055,-7.873811933366969],[-40.441894911329896,-7.8725173209762485],[-40.431717429746776,-7.872635013011768],[-40.427623040604125,-7.871811168763129],[-40.34503336246969,-7.848743529801155],[-40.237058471650904,-7.818614368707969],[-40.238345279667165,-7.685151600428002],[-40.21179024151344,-7.677030849977102],[-40.1624236067079,-7.702923097791558],[-40.1039323332416,-7.686916980960805],[-40.088958567234215,-7.778246000524522],[-40.09504165967473,-7.780717533270445],[-40.096796397878705,-7.784130602300534],[-40.09410579929927,-7.790721356289667],[-40.09433976439311,-7.7928398129290395],[-40.09024537525048,-7.79484057753288],[-40.08346038752838,-7.809199005866353],[-40.07293195830446,-7.810140542150511],[-40.06509412765996,-7.8083751616177075],[-40.05772422720321,-7.804609016481053],[-40.05421475079525,-7.805197476658658],[-40.04239951355503,-7.799195182847125],[-40.039007019694004,-7.798606722669524],[-40.03233901451885,-7.795664421781522],[-40.02742574754767,-7.795782113817034],[-40.01911998671544,-7.792722120893521],[-40.016429388136004,-7.794016733284232],[-40.01022931314859,-7.792839812929038],[-40.00812362730379,-7.796605958065688],[-40.00297639523876,-7.800019027095769],[-39.994436669312684,-7.801313639486492],[-39.99162908818629,-7.8036674801968955],[-39.98028178113381,-7.80449132444554],[-39.97677230472584,-7.805432860729699],[-39.97209300284855,-7.809316697901868],[-39.96788163115899,-7.810258234186033],[-39.96530801512645,-7.813435919145084],[-39.960628713249164,-7.814965915606842],[-39.955364498637195,-7.8153189917134025],[-39.945420982147894,-7.8184966766724555],[-39.93922090716049,-7.822380513844622],[-39.936530308581034,-7.825087430661587],[-39.938402029331954,-7.828853575798229],[-39.93805108169115,-7.832502028899364],[-39.93266988453227,-7.835915097929443],[-39.933371779813854,-7.8455658448421115],[-39.9281075652019,-7.853451211221961],[-39.93056419868748,-7.85968888910454],[-39.9336057449077,-7.862042729814946],[-39.9317340241568,-7.864396570525357],[-39.93477557037704,-7.8712227085855275],[-39.934073675095455,-7.874871161686651],[-39.93781711659731,-7.880049611249548],[-39.936296343487165,-7.883227296208588],[-39.93945487225434,-7.885228060812438],[-39.94062469772368,-7.891230354623965],[-39.9428473661154,-7.894761115689581],[-39.93945487225435,-7.895820344009262],[-39.93793409914422,-7.899821873216946],[-39.93243591943838,-7.902411097998403],[-39.928926443030406,-7.905706474992966],[-39.93243591943838,-7.906883395348164],[-39.93266988453225,-7.9146510696925025],[-39.929862303405876,-7.915945682083227],[-39.927522652467225,-7.920417979433003],[-39.92155654257367,-7.926184889173485],[-39.920386717104336,-7.9291271900614975],[-39.91676025814944,-7.931481030771903],[-39.910092252974266,-7.940543317506954],[-39.91009225297426,-7.9512532927393],[-39.91102811334973,-7.954195593627314],[-39.908805444958006,-7.95666712637323],[-39.90775260203563,-7.963257880362369],[-39.90459407326843,-7.968907098067342],[-39.90330726525217,-7.9771455405537655],[-39.900616666672725,-7.978440152944485],[-39.899095893562595,-7.974909391878881],[-39.89617132988929,-7.975733236127521],[-39.89231090584051,-7.985030906933621],[-39.8883334992448,-7.990797816674108],[-39.883771179914426,-7.9898562803899456],[-39.882016441710434,-7.991150892780668],[-39.880612651147246,-7.9968001104856485],[-39.87780507002087,-8.000448563586774],[-39.874997488894465,-7.999977795444695],[-39.87371068087823,-8.00268471226166],[-39.874295593612885,-8.009863926428396],[-39.87137102993957,-8.01327699545848],[-39.86622379787454,-8.013865455636083],[-39.861427513450295,-8.017866984843769],[-39.86072561816871,-8.021750822015935],[-39.854993473369,-8.027753115827467],[-39.85335571771194,-8.027988499898507],[-39.89067315018347,-8.075183006142138],[-39.94027375008289,-8.13791286107444],[-39.94308133120927,-8.142620542495244],[-39.94308133120925,-8.14744591595157],[-39.940156767535946,-8.1499174486975],[-39.94191150573994,-8.15615512658008],[-39.94167754064607,-8.161451268178489],[-39.940156767535946,-8.164746645173059],[-39.93512651801783,-8.169689710664901],[-39.935126518017846,-8.171690475268749],[-39.93150005906294,-8.175809696511957],[-39.93430764018931,-8.182518142536617],[-39.93325479726691,-8.185931211566706],[-39.92951135576508,-8.186284287673264],[-39.92834153029575,-8.192051197413756],[-39.92319429823072,-8.193581193875517],[-39.922726368042994,-8.19734733901217],[-39.920035769463546,-8.197935799189766],[-39.91722818833714,-8.193345809804477],[-39.91442060721077,-8.199701179722572],[-39.91535646758622,-8.202525788575063],[-39.91313379919451,-8.20499732132099],[-39.91149604353744,-8.212411919558754],[-39.905763898737774,-8.213471147878437],[-39.90459407326845,-8.216060372659886],[-39.91336776428836,-8.21688421690853],[-39.91512250249237,-8.220885746116211],[-39.92167352512059,-8.220297285938608],[-39.92424714115311,-8.213941916020525],[-39.92740566992029,-8.219120365583418],[-39.93290384962613,-8.222533434613506],[-39.93711522131571,-8.220179593903097],[-39.94132659300526,-8.223474970897664],[-39.950217266572146,-8.222298050542465],[-39.95431165571478,-8.225358043465988],[-39.957470184481956,-8.22571111957254],[-39.961564573624614,-8.219473441689974],[-39.965541980220316,-8.215589604517803],[-39.97314584577093,-8.218767289476855],[-39.9787610080237,-8.214059608056047],[-39.98227048443168,-8.20593885760514],[-39.984727117917274,-8.205468089463064],[-39.98776866413752,-8.208292698315553],[-39.99385175657802,-8.20476193724994],[-39.995138564594264,-8.202878864681619],[-39.9926819311087,-8.195935034585919],[-39.99513856459427,-8.194051962017598],[-40.002391482504095,-8.193581193875524],[-40.00613492400594,-8.18946197263231],[-40.004263203255015,-8.182518142536606],[-40.000402779206226,-8.181223530145884],[-39.99841407590839,-8.178987381471005],[-40.000519761753175,-8.17345585580155],[-40.005900958912065,-8.170160478806986],[-40.0088255225854,-8.172396627481875],[-40.015376545213606,-8.172749703588437],[-40.01619542304215,-8.169925094735943],[-40.02660686971914,-8.166041257563771],[-40.029882381033254,-8.165805873492738],[-40.03584849092682,-8.170984323055633],[-40.04216554846118,-8.167335869954497],[-40.0461429550569,-8.170866631020113],[-40.05187509985659,-8.17204355137531],[-40.05538457626458,-8.169336634558343],[-40.06064879087653,-8.169807402700433],[-40.06977342953728,-8.166629717741372],[-40.07035834227192,-8.162275112427135],[-40.07339988849218,-8.161215884107444],[-40.076090487071646,-8.158155891183922],[-40.077845225275624,-8.152624365514466],[-40.08767175921796,-8.151800521265821],[-40.09094727053206,-8.15015283276854],[-40.09644545023791,-8.151682829230305],[-40.09784924080109,-8.154036669940709],[-40.106155001633304,-8.156272818615593],[-40.10884560021275,-8.155095898260397],[-40.11247205916766,-8.157096662864243],[-40.117151361044975,-8.156625894722152],[-40.12849866809746,-8.153801285869667],[-40.13048737139529,-8.156390510651113],[-40.13575158600727,-8.159097427468087],[-40.14241959118243,-8.159921271716716],[-40.14557811994962,-8.158744351361523],[-40.1527140553125,-8.16074511596536],[-40.157978269924456,-8.1655704894217],[-40.167336873679076,-8.169454326593858],[-40.17096333263397,-8.172985087659468],[-40.17330298357263,-8.172985087659475],[-40.17739737271528,-8.178751997399967],[-40.18944657504933,-8.151565137194787],[-40.1950617373021,-8.196758878834574],[-40.19740138824074,-8.221121130187255],[-40.21857522923555,-8.221003438151735],[-40.2294546061003,-8.18498967528254],[-40.23331503014906,-8.17416200801467],[-40.233782960336804,-8.16651202570586],[-40.23974907023036,-8.1609805000364],[-40.24863974379723,-8.15850896729048],[-40.252968098033726,-8.154978206224873],[-40.25565869661319,-8.149682064626457],[-40.254839818784674,-8.144503615063572],[-40.25753041736412,-8.14226746638868],[-40.25659455698865,-8.139089781429643],[-40.25062844709509,-8.131322107085309],[-40.25039448200122,-8.12943903451697],[-40.24232268626287,-8.126967501771048],[-40.24033398296502,-8.11990597963983],[-40.237058471650904,-8.11884675132015],[-40.23308106505519,-8.11225599733102],[-40.229922536287994,-8.108842928300932],[-40.22781685044324,-8.099780641565873],[-40.22489228676992,-8.097191416784423],[-40.22231867073741,-8.088599898191443],[-40.216469543390765,-8.083421448628554],[-40.21916014197021,-8.08071453181159],[-40.2219677230966,-8.075183006142137],[-40.22933762355335,-8.077419154817026],[-40.23518675089998,-8.074476853929019],[-40.2410358782466,-8.077419154817022],[-40.24325854663834,-8.077066078710466],[-40.24934163907883,-8.068827636224041],[-40.24922465653191,-8.06659148754916],[-40.25507378387852,-8.063766878696674],[-40.259753085755825,-8.05611689638786],[-40.26302859706994,-8.059647657453464],[-40.26607014329018,-8.060118425595544],[-40.271802288089894,-8.064237646838754],[-40.27800236307732,-8.064355338874266],[-40.285840193721796,-8.065885335336038],[-40.29016854795829,-8.064943799051868],[-40.292508198896954,-8.066709179584679],[-40.2951987974764,-8.064826107016351],[-40.29999508190065,-8.064002262767717],[-40.30303662812089,-8.06153073002178],[-40.31099144131232,-8.058353045062743],[-40.31648962101815,-8.05729381674306],[-40.31906323705066,-8.058235353027225],[-40.31964814978532,-8.061766114092826],[-40.32444443420955,-8.063178418519065],[-40.326550120054335,-8.067297639762279],[-40.33029356155619,-8.066709179584675],[-40.333452090323384,-8.063884570732194],[-40.33871630493533,-8.066238411442592],[-40.345735257751286,-8.070946092863409],[-40.34737301340836,-8.075065314106618],[-40.354158001130436,-8.087187593765208],[-40.36258074450959,-8.084362984912719],[-40.36468643035438,-8.084362984912717],[-40.3712374529826,-8.081067607918147],[-40.37451296429672,-8.075300698177662],[-40.38129795201881,-8.074712238000053],[-40.38574328880226,-8.076713002603897],[-40.38843388738168,-8.079772995527428],[-40.39358111944673,-8.077654538888064],[-40.3981434387771,-8.080832223847105],[-40.40071705480963,-8.08400990880615],[-40.40469446140533,-8.082715296415431],[-40.40761902507864,-8.083892216770634],[-40.41229832695595,-8.083421448628552],[-40.419200297224975,-8.079302227385345],[-40.41978520995963,-8.076124542426296],[-40.42504942457158,-8.073888393751416],[-40.428558900979574,-8.069769172508204],[-40.428558900979596,-8.062825342412504],[-40.430430621730494,-8.057058432672022],[-40.42949476135504,-8.051762291073603],[-40.42528338966547,-8.04834922204352],[-40.42610226749399,-8.036580018491486],[-40.42996269154276,-8.03340233353245],[-40.434291045779275,-8.031872337070677],[-40.526941222949894,-8.030930800786523],[-40.5757229450208,-8.03046003264444],[-40.57572294502079,-8.030342340608923],[-40.560632196466486,-7.997270878627732]]]}},{"type":"Feature","properties":{"nome":"Rio Formoso","codigo_ibge":"2611903"},"geometry":{"type":"Polygon","coordinates":[[[-35.26471531428044,-8.630689413797754],[-35.26448134918658,-8.630689413797759],[-35.24775284497521,-8.65352166868869],[-35.240265961971524,-8.652109364262445],[-35.23780932848592,-8.653757052759735],[-35.23336399170249,-8.653521668688692],[-35.228567707278266,-8.65046167576516],[-35.22494124832336,-8.652109364262449],[-35.220963841727645,-8.64928475540996],[-35.21429583655249,-8.647872450983723],[-35.212424115801575,-8.649755523552049],[-35.201661721483774,-8.640222468674901],[-35.198386210169645,-8.634573250969938],[-35.19628052432486,-8.627864804945276],[-35.19265406536994,-8.62327481555998],[-35.193706908292356,-8.620332514671976],[-35.18867665877425,-8.613388684576286],[-35.18610304274172,-8.606797930587147],[-35.18364640925615,-8.603149477486028],[-35.183646409256134,-8.59808871995865],[-35.181774688505214,-8.593616422608882],[-35.18247658378683,-8.585848748264544],[-35.140596831984936,-8.64563630230883],[-35.137204338123894,-8.646695530628515],[-35.131472193324214,-8.644223997882584],[-35.12574004852452,-8.64751937487715],[-35.122113589569594,-8.657640889931896],[-35.119656956084,-8.66117165099751],[-35.11661540986377,-8.661171650997504],[-35.114743689112835,-8.671763934194331],[-35.1128719683619,-8.679296224467627],[-35.10819266648461,-8.684827750137076],[-35.10257750423185,-8.686475438634362],[-35.10515112026436,-8.696126185547026],[-35.10222655659105,-8.703070015642716],[-35.100939748574795,-8.708954617418733],[-35.0955585514159,-8.710484613880496],[-35.09801518490148,-8.72013536079315],[-35.09626044669749,-8.72543150239157],[-35.096728376885224,-8.728020727173014],[-35.10105673112174,-8.730021491776856],[-35.103981294795034,-8.733199176735912],[-35.114392741472024,-8.73484686523319],[-35.11790221788001,-8.73814224222776],[-35.12445324050824,-8.738259934263276],[-35.133226931528206,-8.740966851080236],[-35.137204338123894,-8.7401430068316],[-35.1408307970788,-8.735082249304233],[-35.263545488811104,-8.6861223625278],[-35.34157284761515,-8.72496073424949],[-35.337010528284786,-8.722253817432517],[-35.340286039598915,-8.720488436899721],[-35.34145586506822,-8.705070780246565],[-35.34367853345994,-8.702716939536154],[-35.34718800986793,-8.703658475820323],[-35.34987860844738,-8.698833102363988],[-35.357482473998004,-8.692713116516938],[-35.358301351826526,-8.689653123593416],[-35.348240852790326,-8.662113187281669],[-35.343210603272205,-8.652462440369002],[-35.339350179223445,-8.649637831516523],[-35.33127838348509,-8.646342454521958],[-35.323440552840616,-8.634808635040967],[-35.31969711133877,-8.632572486366081],[-35.31373100144522,-8.631984026188487],[-35.308817734474026,-8.628217881051834],[-35.26471531428044,-8.630689413797754]]]}},{"type":"Feature","properties":{"nome":"Cabrobó","codigo_ibge":"2603009"},"geometry":{"type":"Polygon","coordinates":[[[-39.4760870038543,-8.592792578360234],[-39.47725682932361,-8.581258758879247],[-39.47713984677669,-8.534064252635623],[-39.4797134628092,-8.534181944671143],[-39.490124909486205,-8.527826574753055],[-39.49176266514325,-8.524766581829526],[-39.49433628117577,-8.525472734042642],[-39.49866463541229,-8.523707353509844],[-39.50170618163254,-8.518293519875906],[-39.50732134388529,-8.514998142881346],[-39.51398934906045,-8.514056606597183],[-39.521242266970276,-8.502287403045154],[-39.525219673566,-8.500639714547875],[-39.529781992896375,-8.490753583564171],[-39.53141974855341,-8.489576663208974],[-39.536800945712315,-8.48145591275808],[-39.539608526838684,-8.473099778236131],[-39.544872741450675,-8.473217470271655],[-39.548733165499435,-8.46780363663773],[-39.550370921156485,-8.462625187074824],[-39.54721239238933,-8.456152125121209],[-39.54943506078102,-8.45144444370041],[-39.55118979898502,-8.444618305640228],[-39.55388039756447,-8.438969087935256],[-39.55879366453564,-8.436144479082772],[-39.561016332927366,-8.43649755518933],[-39.56113331547431,-8.430142185271235],[-39.559729524911106,-8.426376040134597],[-39.56230314094361,-8.421432974642737],[-39.56206917584976,-8.418372981719205],[-39.5654616697108,-8.41448914454704],[-39.56417486169455,-8.409781463126237],[-39.56394089660068,-8.404249937456783],[-39.56089935038042,-8.40236686488846],[-39.557506856519375,-8.402955325066062],[-39.55528418812767,-8.400366100284614],[-39.555401170674585,-8.391068429478516],[-39.55891064708258,-8.386478440093224],[-39.55657099614394,-8.379887686104091],[-39.55575211831538,-8.374709236541202],[-39.55317850228289,-8.369295402907262],[-39.55680496123777,-8.364823105557493],[-39.555050223033795,-8.360115424136684],[-39.55130678153197,-8.355172358644836],[-39.547446357483174,-8.35387774625411],[-39.543234985793625,-8.349993909081935],[-39.54066136976109,-8.337165477210233],[-39.54183119523041,-8.32716165419101],[-39.54604256691999,-8.320217824095316],[-39.56932209375959,-8.249367218712127],[-39.56663149518013,-8.2474841461438],[-39.56008047255191,-8.245365689504434],[-39.555752118315404,-8.24595414968203],[-39.55271057209516,-8.243953385078182],[-39.547680322577065,-8.245130305433394],[-39.54300102069975,-8.244424153220274],[-39.53960852683869,-8.237833399231135],[-39.52989897544329,-8.239363395692902],[-39.524166830643594,-8.242188004545385],[-39.51551012217059,-8.238186475337692],[-39.51293650613805,-8.239598779763934],[-39.50860815190155,-8.239128011621855],[-39.50638548350985,-8.241952620474347],[-39.50112126889786,-8.246189533753077],[-39.49468722881657,-8.24760183817932],[-39.48661543307823,-8.245365689504435],[-39.48240406138864,-8.242188004545385],[-39.47702286422974,-8.242305696580898],[-39.46743029538128,-8.23653878684041],[-39.46392081897331,-8.238539551444248],[-39.46240004586316,-8.240775700119134],[-39.455615058141085,-8.24324723286506],[-39.45409428503095,-8.241717236403307],[-39.45058480862299,-8.24465953729131],[-39.44613947183956,-8.246071841717555],[-39.440875257227574,-8.244777229326836],[-39.436312937897206,-8.244894921362357],[-39.42929398508126,-8.243364924900591],[-39.425199595938615,-8.245954149682028],[-39.41560702709015,-8.240304931977061],[-39.409056004461895,-8.241599544367777],[-39.40776919644564,-8.247248762072758],[-39.400516278535825,-8.248661066499002],[-39.39536904647079,-8.24724876207275],[-39.390104831858835,-8.254074900132931],[-39.384840617246844,-8.254074900132935],[-39.37899148990022,-8.259371041731338],[-39.37735373424317,-8.254192592168451],[-39.37489710075759,-8.25219182756461],[-39.37091969416187,-8.251485675351484],[-39.369515903598696,-8.248307990392439],[-39.374897100757586,-8.244541845255794],[-39.37782166443091,-8.244659537291309],[-39.37981036772875,-8.241834928438829],[-39.37583296113305,-8.236185710733848],[-39.37372727528825,-8.231595721348567],[-39.37325934510052,-8.22618188771463],[-39.370568746521094,-8.223357278862146],[-39.375014083304514,-8.221003438151742],[-39.37676882150851,-8.217472677086125],[-39.373844257835195,-8.216413448766442],[-39.370217798880276,-8.212529611594283],[-39.369983833786414,-8.210058078848354],[-39.3670592701131,-8.206998085924821],[-39.36565547954991,-8.200995792113293],[-39.35793463145236,-8.196170418656957],[-39.355010067779034,-8.198053491225288],[-39.35185153901186,-8.204173477072343],[-39.345885429118304,-8.197111954941121],[-39.34108914469407,-8.197935799189763],[-39.335941912629046,-8.19416965405312],[-39.33839854611461,-8.188638128383664],[-39.33699475555143,-8.184518907140458],[-39.32997580273546,-8.18757890006398],[-39.32330779756032,-8.182400450501094],[-39.32143607680939,-8.18369506289181],[-39.317341687666755,-8.182635834572132],[-39.301783008924716,-8.227358808069832],[-39.29803956742286,-8.225593427537033],[-39.28446959197867,-8.22170959036486],[-39.27288831983237,-8.221827282400382],[-39.256393780714866,-8.218178829299244],[-39.24949181044582,-8.213824223985007],[-39.20878188411328,-8.227241116034309],[-39.12385255504021,-8.307036316117042],[-39.046527091517746,-8.379652302033051],[-39.05027053301961,-8.381182298494819],[-39.051791306129736,-8.384830751595938],[-39.05588569527238,-8.383889215311772],[-39.060331032055814,-8.386243056022176],[-39.06664808959017,-8.385772287880096],[-39.06781791505951,-8.389538433016753],[-39.063840508463784,-8.393069194082354],[-39.063021630635255,-8.396953031254531],[-39.06384050846378,-8.40118994453325],[-39.06688205468403,-8.40401455338574],[-39.063372578276045,-8.408957618877587],[-39.06419145610458,-8.412135303836639],[-39.069221705622695,-8.415548372866725],[-39.07296514712454,-8.414136068440488],[-39.07799539664261,-8.414606836582566],[-39.082440733426054,-8.413782992333932],[-39.08501434945859,-8.418843749861288],[-39.088640808413494,-8.421432974642734],[-39.08828986077269,-8.427670652525316],[-39.0900445989767,-8.430024493235717],[-39.08372754144232,-8.432731410052682],[-39.0839615065362,-8.442499849000862],[-39.088523825866574,-8.442970617142944],[-39.08793891313189,-8.448619834847918],[-39.090512529164435,-8.449325987061036],[-39.095659761229456,-8.448266758741362],[-39.09706355179265,-8.451209059629367],[-39.10302966168621,-8.452503672020088],[-39.10536931262486,-8.456505201227777],[-39.100923975841425,-8.461683650790668],[-39.10572026026564,-8.466038256104916],[-39.11262223053469,-8.465214411856275],[-39.11624868948959,-8.468980556992928],[-39.11461093383253,-8.472746702129578],[-39.1112184399715,-8.476512847266223],[-39.11180335270615,-8.48027899240287],[-39.11753549750585,-8.481102836651504],[-39.11905627061598,-8.479102072047665],[-39.123150659758615,-8.47921976408318],[-39.12490539796261,-8.482750525148797],[-39.12888280455832,-8.48581051807232],[-39.12981866493379,-8.488752818960323],[-39.12490539796262,-8.495461264984986],[-39.13484891445187,-8.503582015435883],[-39.13473193190494,-8.507701236679084],[-39.145377343675804,-8.510408153496057],[-39.14654716914512,-8.514762758810308],[-39.14935475027151,-8.516410447307585],[-39.15274724413256,-8.509231233140856],[-39.15216233139791,-8.503935091542447],[-39.15578879035282,-8.50299355525828],[-39.16046809223012,-8.50393509154244],[-39.16561532429516,-8.498285873837473],[-39.17146445164179,-8.503346631364844],[-39.175909788425216,-8.504405859684523],[-39.176026770972165,-8.506524316323889],[-39.17275125965803,-8.512055841993343],[-39.17497392804977,-8.51440968270375],[-39.1837476190697,-8.510643537567097],[-39.18737407802462,-8.51217353402886],[-39.18959674641633,-8.515351218987902],[-39.19614776904457,-8.514998142881339],[-39.1998912105464,-8.511585073851256],[-39.202698791672795,-8.512291226064384],[-39.21463101145993,-8.522177357048085],[-39.21428006381912,-8.525001965900566],[-39.21018567467649,-8.526414270326807],[-39.209366796847945,-8.52935657121482],[-39.211238517598886,-8.532416564138346],[-39.21989522607189,-8.532416564138346],[-39.224574527949194,-8.53712424555915],[-39.228084004357164,-8.538418857949871],[-39.228551934544896,-8.54194961901548],[-39.23229537604673,-8.54206731105101],[-39.23568786990778,-8.536418093346025],[-39.24095208451976,-8.54041962255372],[-39.24539742130318,-8.549834985395337],[-39.24960879299276,-8.554778050887192],[-39.25604283307405,-8.566782638510258],[-39.26434859390626,-8.576198001351884],[-39.26563540192252,-8.578669534097806],[-39.27265435473849,-8.583847983660698],[-39.27511098822407,-8.576786461529482],[-39.28142804575843,-8.570548783646908],[-39.28645829527654,-8.563722645586736],[-39.29324328299863,-8.560662652663204],[-39.3024849042063,-8.560544960627686],[-39.31242842069559,-8.558308811952802],[-39.320383233887,-8.560074192485608],[-39.32447762302965,-8.55995650045008],[-39.332315453674134,-8.558308811952807],[-39.342258970163385,-8.55972111637904],[-39.34518353383669,-8.55854419602384],[-39.35325532957506,-8.550070369466377],[-39.35676480598303,-8.54748114468494],[-39.35676480598303,-8.544891919903495],[-39.36448565408057,-8.537830397772272],[-39.37372727528825,-8.534064252635625],[-39.37981036772875,-8.532769640244899],[-39.38636139035697,-8.533475792458027],[-39.400282313441956,-8.538654242020915],[-39.40765221389871,-8.538301165914355],[-39.41607495727787,-8.542185003086521],[-39.41864857331039,-8.546068840258696],[-39.4248486482978,-8.551364981857104],[-39.42601847376712,-8.556425739384473],[-39.42789019451807,-8.55866188805936],[-39.43549406006868,-8.563251877444657],[-39.43935448411746,-8.56336956948017],[-39.444501716182494,-8.561839573018409],[-39.45210558173311,-8.56325187744465],[-39.45760376143893,-8.569371863291703],[-39.45959246473678,-8.57914030223989],[-39.46123022039386,-8.582082603127896],[-39.46953598122606,-8.588791049152544],[-39.4760870038543,-8.592792578360234]]]}},{"type":"Feature","properties":{"nome":"Aliança","codigo_ibge":"2600708"},"geometry":{"type":"Polygon","coordinates":[[[-35.20809576156505,-7.5217950551258745],[-35.20645800590801,-7.518146602024754],[-35.20353344223467,-7.521559671054836],[-35.19979000073284,-7.517911217953706],[-35.197216384700326,-7.519676598486519],[-35.19475975121473,-7.516381221491941],[-35.19043139697822,-7.517205065740581],[-35.19347294319848,-7.5122620002487395],[-35.18832571113344,-7.5089666232541665],[-35.183880374350025,-7.50943739139625],[-35.181306758317476,-7.506495090508249],[-35.17721236917485,-7.505435862188557],[-35.17498970078314,-7.502375869265037],[-35.17159720692209,-7.503199713513672],[-35.16656695740399,-7.5006104887322325],[-35.162589550808285,-7.503199713513674],[-35.15709137110244,-7.501905101122949],[-35.15299698195981,-7.505200478117515],[-35.14305346547053,-7.509202007325203],[-35.13954398906255,-7.511791232106657],[-35.140011919250284,-7.517440449811629],[-35.13919304142177,-7.521088902912759],[-35.131823140965,-7.528856577257088],[-35.13030236785488,-7.533681950713427],[-35.12515513578984,-7.537683479921117],[-35.123166432491985,-7.540978856915681],[-35.119773938630935,-7.541096548951199],[-35.121879624475724,-7.535565023281748],[-35.117668252786146,-7.53438810292655],[-35.11205309053339,-7.53650655956591],[-35.11123421270486,-7.5327404144292585],[-35.107373788656076,-7.530975033896459],[-35.10269448677877,-7.536506559565908],[-35.098834062730006,-7.538389632134235],[-35.09719630707294,-7.54368577373264],[-35.102226556591056,-7.547687302940331],[-35.10129069621559,-7.555337285249149],[-35.10398129479505,-7.55722035781748],[-35.10854361412542,-7.557102665781955],[-35.111234212704844,-7.558750354279239],[-35.114860671659784,-7.555337285249149],[-35.119306008443196,-7.561574963131727],[-35.1224645372104,-7.561457271096205],[-35.12304944994504,-7.565223416232853],[-35.12726082163463,-7.567930333049825],[-35.12913254238554,-7.565105724197335],[-35.14551009895613,-7.616184067613122],[-35.14679690697236,-7.619597136643217],[-35.12187962447572,-7.6694985597038],[-35.12655892635305,-7.6630254977501915],[-35.13006840276102,-7.662437037572582],[-35.13170615841808,-7.659377044649061],[-35.137204338123915,-7.657023203938649],[-35.135332617372974,-7.6805616110427035],[-35.147498802253985,-7.687034672996318],[-35.14901957536411,-7.6891531296356845],[-35.157442318743236,-7.688446977422556],[-35.15861214421258,-7.698803876548349],[-35.16106877769816,-7.700922333187718],[-35.15814421402483,-7.703746942040196],[-35.155570597992316,-7.709513851780694],[-35.15931403949417,-7.710337696029336],[-35.165163166840784,-7.713868457094936],[-35.167736782873305,-7.709513851780686],[-35.185167182366264,-7.688211593351522],[-35.211722220519974,-7.681385455291355],[-35.2135939412709,-7.68350391193071],[-35.221899702103094,-7.686681596889763],[-35.22646202143347,-7.689741589813283],[-35.23102434076387,-7.690094665919848],[-35.23570364264116,-7.694802347340663],[-35.24108483980005,-7.696803111944499],[-35.23874518886141,-7.702216945578429],[-35.24131880489392,-7.705394630537485],[-35.259568082215424,-7.675618545550857],[-35.25793032655836,-7.673382396875968],[-35.25699446618288,-7.660671657039782],[-35.2606209251378,-7.657964740222816],[-35.258281274199135,-7.651491678269196],[-35.255239727978896,-7.6497262977364],[-35.25406990250957,-7.646666304812874],[-35.25734541382369,-7.643488619853825],[-35.27290409256572,-7.591233356082832],[-35.27255314492492,-7.5909979720117935],[-35.25500576288504,-7.544156541874721],[-35.22014496389911,-7.532622722393736],[-35.216752470038074,-7.529562729470217],[-35.21499773183409,-7.525914276369083],[-35.208797656846656,-7.5240312038007655],[-35.20809576156505,-7.5217950551258745]]]}},{"type":"Feature","properties":{"nome":"Lagoa do Ouro","codigo_ibge":"2608602"},"geometry":{"type":"Polygon","coordinates":[[[-36.47829225615932,-9.085922207190126],[-36.47829225615932,-9.089570660291253],[-36.46519021090286,-9.078036840810267],[-36.458171258086914,-9.074270695673615],[-36.456416519882914,-9.075918384170901],[-36.453141008568785,-9.07285839124737],[-36.45009946234856,-9.075094539922256],[-36.44214464915712,-9.072034546998728],[-36.43863517274916,-9.075683000099854],[-36.43781629492062,-9.079331453200984],[-36.433604923231044,-9.08133221780483],[-36.43652948690436,-9.084509902763878],[-36.429276568994545,-9.0858045151546],[-36.425650110039626,-9.090276812504369],[-36.41898210486447,-9.08933527622021],[-36.41512168081568,-9.087569895687405],[-36.404008338857096,-9.205850391385267],[-36.402955495934705,-9.22338650467778],[-36.40693290253041,-9.220679587860818],[-36.41126125676691,-9.224210348926425],[-36.41535564590957,-9.229624182560359],[-36.41980098269302,-9.229624182560366],[-36.42436330202338,-9.225975729459238],[-36.425182179851895,-9.221738816180498],[-36.42331045910098,-9.216795750688656],[-36.43185018502706,-9.212088069267843],[-36.43699741709211,-9.21208806926784],[-36.43933706803074,-9.2136180657296],[-36.440623876047,-9.21891420732801],[-36.444601282642715,-9.220091127683215],[-36.447525846316026,-9.22432804096195],[-36.45279006092801,-9.225151885210593],[-36.45524669441359,-9.227505725920988],[-36.45360893875653,-9.232448791412846],[-36.45957504865009,-9.233743403803572],[-36.46249961232341,-9.239274929473023],[-36.468465722216976,-9.240687233899264],[-36.471390285890294,-9.243158766645191],[-36.47606958776759,-9.24374722682279],[-36.481567767473415,-9.239157237437494],[-36.48718292972618,-9.240216465757179],[-36.48975654575869,-9.248925676385685],[-36.489756545758695,-9.252691821522328],[-36.49268110943202,-9.25422181798409],[-36.49197921415041,-9.259047191440427],[-36.49864721932557,-9.264931793216435],[-36.500401957529576,-9.262813336577079],[-36.50777185798633,-9.260577187902188],[-36.508473753267914,-9.256104890552422],[-36.511398316941246,-9.251985669309216],[-36.51151529948817,-9.248690292314642],[-36.50999452637805,-9.240334157792711],[-36.507303927798596,-9.234331863981165],[-36.513620985332956,-9.232095715306281],[-36.51584365372468,-9.227388033885472],[-36.520639938148896,-9.223621888748818],[-36.524032432009946,-9.215501138297927],[-36.52017200796118,-9.211617301125758],[-36.52063993814891,-9.206909619704946],[-36.52438337965075,-9.205968083420784],[-36.52005502541423,-9.199377329431655],[-36.52262864144676,-9.195611184295],[-36.52052295560197,-9.192668883406993],[-36.52567018766701,-9.184665824991624],[-36.519704077773454,-9.182194292245697],[-36.51537572353694,-9.182194292245692],[-36.51315305514522,-9.178663531180081],[-36.50683599761088,-9.174426617901355],[-36.50753789289245,-9.169954320551591],[-36.50332652120287,-9.165364331166293],[-36.50566617214154,-9.162186646207253],[-36.50999452637803,-9.163010490455898],[-36.5142058980676,-9.159715113461322],[-36.512568142410565,-9.151829747081463],[-36.51245115986363,-9.147357449731695],[-36.51748140938172,-9.144062072737139],[-36.51724744428786,-9.139825159458399],[-36.51139831694123,-9.138059778925605],[-36.51315305514522,-9.12958595236814],[-36.51689649664705,-9.126408267409092],[-36.5159606362716,-9.122877506343492],[-36.52274562399368,-9.119817513419962],[-36.526606048042474,-9.109931382436253],[-36.528360786246466,-9.111343686862494],[-36.533391035764566,-9.10910753818762],[-36.53023250699738,-9.103576012518163],[-36.48262061039582,-9.088511431971572],[-36.47829225615932,-9.085922207190126]]]}},{"type":"Feature","properties":{"nome":"Cabo de Santo Agostinho","codigo_ibge":"2602902"},"geometry":{"type":"Polygon","coordinates":[[[-35.140128901797205,-8.309978617005052],[-35.14890259281715,-8.29950402584375],[-35.14586104659692,-8.289147126717964],[-35.15171017394354,-8.279143303698742],[-35.1627065333552,-8.284321753261638],[-35.170895311640486,-8.286440209901002],[-35.18411433944387,-8.292089427605982],[-35.1882087285865,-8.295384804600534],[-35.19078234461904,-8.29373711610326],[-35.19581259413714,-8.297738645310952],[-35.19979000073284,-8.29314865592565],[-35.20435232006321,-8.296090956813662],[-35.205171197891744,-8.290677123179728],[-35.21043541250372,-8.287499438220687],[-35.21429583655249,-8.288558666540371],[-35.21792229550739,-8.29126558335734],[-35.22002798135218,-8.290206355037649],[-35.2297375327476,-8.294560960351902],[-35.23406588698409,-8.291854043534933],[-35.23816027612673,-8.291618659463893],[-35.238277258673676,-8.286675593972038],[-35.23699045065741,-8.28455713733268],[-35.23640553792275,-8.277966383343536],[-35.23874518886139,-8.271964089532013],[-35.244360351114175,-8.274435622277933],[-35.24997551336694,-8.278201767414583],[-35.250326461007724,-8.273141009887219],[-35.255473693072766,-8.26502025943631],[-35.25945109966849,-8.26431410722319],[-35.26003601240313,-8.259841809873421],[-35.26483229682736,-8.255722588630213],[-35.26576815720285,-8.251838751458042],[-35.264247384092705,-8.247719530214834],[-35.26483229682737,-8.242894156758512],[-35.26284359352952,-8.240540316048106],[-35.260386960043924,-8.227711884176395],[-35.25828127419914,-8.223710354968704],[-35.259451099668475,-8.217708061157165],[-35.25547369307276,-8.212176535487712],[-35.25687748363597,-8.208881158493153],[-35.2541868850565,-8.206291933711709],[-35.254888780338085,-8.202643480610583],[-35.250443443554666,-8.198406567331842],[-35.249507583179216,-8.194169654053114],[-35.250326461007724,-8.187696592099508],[-35.24670000205283,-8.186872747850865],[-35.24494526384882,-8.192757349626877],[-35.24213768272245,-8.19499349830176],[-35.240733892159255,-8.204526553178896],[-35.24225466526938,-8.208881158493156],[-35.24108483980005,-8.21276499566532],[-35.23675648556355,-8.21276499566532],[-35.234299852077974,-8.209234234599707],[-35.231609253498526,-8.209234234599709],[-35.227280899262,-8.206762701853782],[-35.22529219596416,-8.201937328397454],[-35.22845072473132,-8.19805349122529],[-35.22622805633963,-8.19487580626624],[-35.218975138429784,-8.187578900063976],[-35.21523169692794,-8.18757890006398],[-35.16212162062054,-8.224769583288387],[-35.16212162062056,-8.222180358506941],[-35.16457825410613,-8.217354985050614],[-35.16153670788589,-8.210881923096988],[-35.155336632898454,-8.202290404504017],[-35.155921545633106,-8.199818871758094],[-35.148200697535565,-8.184871983247012],[-35.14083079707881,-8.188755820419182],[-35.136151495201496,-8.185813519531184],[-35.13264201879353,-8.188285052277108],[-35.128898577291686,-8.187461208028463],[-35.1267928914469,-8.184165831033901],[-35.12293246739811,-8.186872747850861],[-35.12047583391252,-8.184165831033898],[-35.11778523533308,-8.188991204490224],[-35.11392481128432,-8.190638892987508],[-35.10947947450087,-8.189932740774386],[-35.103981294795034,-8.196170418656964],[-35.09438872594656,-8.203467324859217],[-35.09111321463245,-8.207115777960343],[-35.08526408728581,-8.210175770883872],[-35.0840942618165,-8.21370653194948],[-35.07801116937599,-8.21912036558341],[-35.07450169296802,-8.21747267708613],[-35.0729809198579,-8.221356514258291],[-35.0665468797766,-8.22053267000965],[-35.06444119393181,-8.222768818684537],[-35.00700276338792,-8.206056549640666],[-35.00325932188607,-8.210058078848355],[-34.998813985102636,-8.217237293015094],[-34.99881398510263,-8.219238057618934],[-34.99553847378851,-8.22418112311079],[-34.99319882284986,-8.225711119572544],[-34.985360992205365,-8.221356514258302],[-34.98547797475229,-8.22524035143047],[-34.98337228890753,-8.228653420460553],[-34.978692987030215,-8.228771112496084],[-34.976938248826215,-8.231124953206482],[-34.96991929601027,-8.22453419921735],[-34.97144006912039,-8.218649597441333],[-34.964538098851385,-8.215589604517811],[-34.959858796974075,-8.216060372659891],[-34.96032672716179,-8.218414213370288],[-34.95810405877007,-8.224181123110784],[-34.9556474252845,-8.224887275323903],[-34.956466303113025,-8.228771112496075],[-34.959156901692474,-8.232772641703765],[-34.957987076223155,-8.23524417444969],[-34.954594582362105,-8.236068018698331],[-34.95225493142345,-8.234420330201045],[-34.947926577186934,-8.234773406307614],[-34.942662362574964,-8.242423388616428],[-34.935643409759,-8.23889262755082],[-34.933537723914235,-8.232537257632718],[-34.92862445694307,-8.225240351430465],[-34.924413085253484,-8.22912418860264],[-34.925465928175896,-8.233008025774803],[-34.93517547957128,-8.243011848794024],[-34.93962081635472,-8.249837986854201],[-34.94383218804428,-8.2591356576603],[-34.9452359786075,-8.263843339081113],[-34.944885030966695,-8.268315636430888],[-34.946756751717615,-8.278907919627713],[-34.95038321067253,-8.286204825829959],[-34.952137948876505,-8.297738645310943],[-34.949564332843984,-8.300916330269999],[-34.94313029276271,-8.305270935584247],[-34.94991528048481,-8.321630128521559],[-34.950500193219455,-8.329280110830378],[-34.95026622812559,-8.336812401103673],[-34.9492133852032,-8.341167006417928],[-34.94254538002805,-8.343520847128326],[-34.94055667673019,-8.34528622766113],[-34.939620816354726,-8.351641597579224],[-34.94184348474644,-8.353760054218588],[-34.94383218804428,-8.358585427674925],[-34.94909640265627,-8.358820811745963],[-34.95260587906424,-8.355878510857957],[-34.9556474252845,-8.356231586964512],[-34.9585719889578,-8.364940797593013],[-34.960911639896445,-8.366706178125822],[-34.96594188941457,-8.361645420598444],[-34.97389670260598,-8.360468500243245],[-34.97693824882622,-8.35823235156835],[-34.977874109201686,-8.353995438289626],[-34.98641383512777,-8.353171594040989],[-34.98922141625417,-8.356349279000032],[-34.9901572766296,-8.360350808207727],[-34.992613910115196,-8.361763112633968],[-34.99694226435169,-8.360350808207722],[-35.001504583682085,-8.360233116172207],[-35.00478009499618,-8.358232351568361],[-35.01226697799987,-8.357526199355242],[-35.01495757657932,-8.360468500243245],[-35.024433162880854,-8.363528493166767],[-35.025369023256324,-8.36188080466949],[-35.03051625532136,-8.360939268385328],[-35.031920045884554,-8.35752619935523],[-35.03858805105971,-8.355054666609318],[-35.041629597279965,-8.350229293152978],[-35.0464258817042,-8.348816988726742],[-35.05110518358151,-8.352112365721306],[-35.05707129347507,-8.352230057756826],[-35.058709049132126,-8.349287756868819],[-35.067014809964334,-8.349758525010907],[-35.074969623155745,-8.342343926773122],[-35.07871306465759,-8.334458560393271],[-35.08444520945731,-8.331163183398697],[-35.0952076037751,-8.330221647114538],[-35.100588800934,-8.326573194013413],[-35.106905858468345,-8.329397802865891],[-35.108192666484605,-8.333987792251184],[-35.140128901797205,-8.309978617005052]]]}},{"type":"Feature","properties":{"nome":"Cedro","codigo_ibge":"2604304"},"geometry":{"type":"Polygon","coordinates":[[[-39.266454279751045,-7.664790878282988],[-39.26528445428174,-7.669851635810365],[-39.25276732175994,-7.677266234048136],[-39.24972577553969,-7.683503911930704],[-39.250076723180506,-7.687976209280482],[-39.24750310714798,-7.690683126097439],[-39.25007672318049,-7.692919274772328],[-39.248438967523455,-7.696685419908986],[-39.25042767082128,-7.69845080044179],[-39.25253335666608,-7.7049238623954],[-39.24270682272375,-7.704806170359886],[-39.23802752084642,-7.69856849247731],[-39.234752009532315,-7.696803111944499],[-39.22866891709182,-7.695743883624822],[-39.222702807198274,-7.696803111944496],[-39.20831395392554,-7.6895062057422425],[-39.20082707092187,-7.695508499553783],[-39.19205337990191,-7.697391572122104],[-39.18760804311848,-7.702570021684999],[-39.183396671428916,-7.705512322573008],[-39.181174003037185,-7.7095138517806845],[-39.177664526629215,-7.709513851780694],[-39.17099652145404,-7.7152807615211865],[-39.16292472571571,-7.716810757982945],[-39.15602275544668,-7.7164576818763875],[-39.146547169145144,-7.718223062409192],[-39.14233579745556,-7.719046906657833],[-39.1356677922804,-7.723401511972081],[-39.13274322860709,-7.726579196931129],[-39.12689410126047,-7.738466092518677],[-39.12385255504022,-7.743291465975002],[-39.11835437533437,-7.749293759786533],[-39.10934671922057,-7.756826050059835],[-39.10630517300031,-7.760239119089919],[-39.10256173149848,-7.77106678635779],[-39.1158977418488,-7.776598312027238],[-39.21041963977036,-7.7843659863715775],[-39.27043168634678,-7.789309051863428],[-39.274292110395535,-7.7869552111530265],[-39.272303407097695,-7.781070609377008],[-39.273473232567014,-7.7760098518496426],[-39.27066565144062,-7.7745975474233955],[-39.27101659908142,-7.771184478393304],[-39.27511098822407,-7.767653717327699],[-39.27768460425659,-7.763534496084493],[-39.27756762170965,-7.760474503160965],[-39.28177899339923,-7.755649129704638],[-39.28236390613391,-7.750588372177264],[-39.277567621709665,-7.745174538543326],[-39.27698270897501,-7.738936860660756],[-39.27873744717899,-7.7335230270268225],[-39.274643058036325,-7.731404570387452],[-39.270665651440645,-7.7276384252508095],[-39.266103332110255,-7.725166892504888],[-39.26563540192252,-7.719399982764392],[-39.26154101277991,-7.715516145592219],[-39.26025420476363,-7.707983855318931],[-39.2587334316535,-7.706689242928198],[-39.25791455382498,-7.700686949116673],[-39.26282782079614,-7.699039260619382],[-39.259552309482025,-7.696567727873462],[-39.25978627457589,-7.689506205742253],[-39.26855996559586,-7.68432775617935],[-39.26879393068972,-7.671734708378692],[-39.266454279751045,-7.664790878282988]]]}},{"type":"Feature","properties":{"nome":"Granito","codigo_ibge":"2606309"},"geometry":{"type":"Polygon","coordinates":[[[-39.76269424383919,-7.912532613053143],[-39.78819643907049,-7.803667480196899],[-39.81463449467726,-7.690565434061933],[-39.80761554186132,-7.685975444676637],[-39.78960022963368,-7.675618545550849],[-39.78492092775639,-7.676913157941583],[-39.7756793065487,-7.674559317231172],[-39.77170189995299,-7.672205476520765],[-39.76877733627967,-7.667850871206515],[-39.765735790059416,-7.6666739508513135],[-39.76187536601066,-7.668086255277556],[-39.753920552819245,-7.672793936698371],[-39.74409401887689,-7.673029320769407],[-39.739297734452656,-7.670087019881409],[-39.733097659465244,-7.671028556165565],[-39.73110895616739,-7.673147012804936],[-39.72701456702473,-7.671734708378692],[-39.724440950992225,-7.675147777408774],[-39.717889928363995,-7.676795465906065],[-39.716369155253865,-7.680679303078231],[-39.71157287082962,-7.684092372108319],[-39.707361499140056,-7.682444683611037],[-39.70373504018515,-7.682797759717593],[-39.70045952887102,-7.685857752641121],[-39.6974179826508,-7.682444683611034],[-39.69063299492868,-7.68173853139791],[-39.68665558833298,-7.678207770332302],[-39.68209326900262,-7.678443154403337],[-39.67858379259464,-7.675383161479816],[-39.67612715910905,-7.675853929621889],[-39.674372420905065,-7.679620074758543],[-39.66981010157468,-7.682680067682072],[-39.66828932846456,-7.689153129635678],[-39.663960974228054,-7.685269292463514],[-39.66185528838327,-7.685033908392473],[-39.65577219594276,-7.690094665919855],[-39.65261366717558,-7.696567727873458],[-39.64968910350229,-7.700451565045633],[-39.646179627094305,-7.697509264157628],[-39.643489028514836,-7.699980796903551],[-39.640447482294604,-7.698568492477311],[-39.63565119787036,-7.699392336725951],[-39.631439826180795,-7.703276173898119],[-39.626292594115775,-7.70221694557844],[-39.62371897808323,-7.704100018146766],[-39.61950760639366,-7.7023346376139505],[-39.615998129985684,-7.703746942040191],[-39.61365847904704,-7.705865398679559],[-39.610967880467584,-7.712338460633175],[-39.61213770593691,-7.717634602231584],[-39.61670002526728,-7.720223827013032],[-39.61705097290807,-7.722813051794476],[-39.61342451395318,-7.72869765357049],[-39.61003202009214,-7.731875338529541],[-39.610733915373714,-7.744939154472283],[-39.6095640899044,-7.752236060674542],[-39.60804331679428,-7.753648365100791],[-39.600907381431384,-7.7557668217401545],[-39.59798281775806,-7.757885278379519],[-39.59423937625623,-7.763063727942409],[-39.59026196966053,-7.765770644759376],[-39.588273266362656,-7.770242942109144],[-39.591314812582915,-7.7755390837075575],[-39.583009051750686,-7.779305228844207],[-39.5729485527145,-7.78671982708198],[-39.56955605885343,-7.791898276644877],[-39.5718957097921,-7.798253646562969],[-39.572363639979834,-7.80496209258763],[-39.5715447621513,-7.806727473120424],[-39.562186158396685,-7.813200535074039],[-39.567216407914785,-7.820144365169733],[-39.57212967488597,-7.820850517382862],[-39.57376743054303,-7.824498970483984],[-39.572246657432885,-7.827441271371991],[-39.574001395636884,-7.832619720934882],[-39.57318251780836,-7.834738177574245],[-39.56663149518012,-7.844624308557944],[-39.5621861583967,-7.8473312253749095],[-39.56136728056816,-7.849920450156356],[-39.56429184424148,-7.856746588216528],[-39.56745037300867,-7.857688124500695],[-39.567918303196386,-7.8616896537083845],[-39.5736504479961,-7.870751940443439],[-39.69507833171214,-7.897585724542071],[-39.76269424383919,-7.912532613053143]]]}},{"type":"Feature","properties":{"nome":"Verdejante","codigo_ibge":"2616100"},"geometry":{"type":"Polygon","coordinates":[[[-39.01810033261314,-7.812612074896439],[-39.013654995829704,-7.812847458967473],[-39.01049646706253,-7.816378220033091],[-39.007571903389184,-7.82355743419982],[-39.005349234997475,-7.834502793503209],[-39.001371828401766,-7.840152011208174],[-38.99482080577355,-7.840387395279217],[-38.990375468990116,-7.8440358483803445],[-38.982186690704815,-7.846154305019709],[-38.97750738882751,-7.845565844842114],[-38.97458282515421,-7.842976620060666],[-38.97025447091769,-7.845801228913152],[-38.96604309922811,-7.845683536877629],[-38.962065692632414,-7.844153540415864],[-38.964054395930276,-7.853451211221969],[-38.9638204308364,-7.8568642802520605],[-38.96136379735082,-7.8601596572466255],[-38.95504673981646,-7.866161951058163],[-38.953759931800214,-7.882168067888913],[-38.952356141237026,-7.887581901522837],[-38.94861269973517,-7.892289582943653],[-38.93773332287044,-7.899115721003833],[-38.935042724291,-7.902646482069434],[-38.933171003540075,-7.9117087688045],[-38.930012474772866,-7.916298758189792],[-38.911412249810596,-7.928067961741805],[-38.90965751160662,-7.9312456467008605],[-38.90778579085569,-7.939837165293843],[-38.90872165123115,-7.951135600703782],[-38.90778579085569,-7.956078666195628],[-38.89737434417869,-7.961492499829568],[-38.89058935645659,-7.963846340539977],[-38.88965349608114,-7.965611721072773],[-38.890589356456594,-7.97420323966575],[-38.88918556589341,-7.976439388340646],[-38.8841553163753,-7.9791463051576],[-38.881464717795865,-7.985030906933623],[-38.882400578171314,-7.98926782021235],[-38.8813477352489,-7.99221012110035],[-38.87456274752682,-7.996800110485644],[-38.875615590449236,-8.004214708723415],[-38.87772127629401,-8.010217002534958],[-38.87842317157561,-8.037403862740142],[-38.87725334610627,-8.039757703450544],[-38.872457061682056,-8.042111544160948],[-38.8704683583842,-8.045406921155509],[-38.873275939510556,-8.047643069830402],[-38.8787741192164,-8.04929075832768],[-38.88240057817131,-8.051997675144642],[-38.91059337198207,-8.086716825623128],[-38.91574060404711,-8.089070666333525],[-38.92357843469159,-8.09401373182538],[-38.93001247477287,-8.090247586688731],[-38.93843521815204,-8.091189122972892],[-38.94522020587413,-8.08589298137448],[-38.95153726340848,-8.087305285800722],[-38.955514670004185,-8.089659126511123],[-38.95855621622444,-8.086246057481045],[-38.965341203946544,-8.09083604686633],[-38.96814878507292,-8.090129894653211],[-38.96978654072997,-8.085304521196885],[-38.97469980770112,-8.08553990526792],[-38.97820928410911,-8.083186064557523],[-38.9773904062806,-8.080008379598471],[-38.97271110440328,-8.080949915882632],[-38.97048843601157,-8.077183770745984],[-38.974465842607266,-8.0761245424263],[-38.977273423733656,-8.071181476934452],[-38.9813678128763,-8.071181476934454],[-38.982771603439495,-8.066826871620194],[-38.99014150389624,-8.06400226276771],[-38.99400192794502,-8.064473030909788],[-38.99587364869594,-8.062472266305942],[-39.00511526990362,-8.065179183122913],[-39.00546621754442,-8.067415331797802],[-39.012485170360364,-8.075653774284222],[-39.01576068167448,-8.07482993003557],[-39.01962110572325,-8.068592252153007],[-39.02570419816375,-8.068945328259566],[-39.02710798872694,-8.066356103478125],[-39.02652307599228,-8.05776458488514],[-39.03751943540396,-8.057411508778584],[-39.041964772187384,-8.060824577808667],[-39.04968562028494,-8.060000733560017],[-39.05799138111717,-8.060589193737618],[-39.06021404950887,-8.059647657453464],[-39.06477636883925,-8.060942269844189],[-39.06594619430858,-8.069886864543728],[-39.06395749101071,-8.0731822415383],[-39.06477636883926,-8.075889158355253],[-39.06840282779416,-8.078478383136702],[-39.07401799004693,-8.080596839776074],[-39.10291267913928,-8.028812344147147],[-39.103380609327004,-8.024457738832899],[-39.10022208055983,-8.023516202548736],[-39.09565976122946,-8.018455445021374],[-39.09191631972761,-8.01174699899672],[-39.09226726736839,-8.004214708723419],[-39.09694656924572,-8.000566255622287],[-39.094022005572405,-7.993975501633162],[-39.0893427036951,-7.991386276851714],[-39.085716244740176,-7.987149363572989],[-39.08676908766259,-7.97808707683792],[-39.084195471630075,-7.972673243203988],[-39.08033504758128,-7.970907862671182],[-39.07916522211196,-7.968200945854225],[-39.07483686787545,-7.965258644966212],[-39.072731182030665,-7.954195593627308],[-39.07390100749999,-7.952665597165552],[-39.07378402495306,-7.938777936974154],[-39.070274548545086,-7.930892570594291],[-39.07331609476533,-7.927479501564206],[-39.076474623532505,-7.928185653777335],[-39.0811539254098,-7.92477258474725],[-39.08138789050368,-7.9201825953619505],[-39.07811237918958,-7.915710298012186],[-39.08091996031593,-7.910767232520335],[-39.07776143154875,-7.9075895475612885],[-39.077059536267164,-7.903588018353608],[-39.066180159402435,-7.901704945785272],[-39.061149909884335,-7.898644952861745],[-39.060798962243524,-7.89252496701469],[-39.058927241492626,-7.885110368776914],[-39.05436492216224,-7.876989618326012],[-39.0556517301785,-7.872752705047294],[-39.05448190470917,-7.8699280961948075],[-39.04910070755028,-7.865808874951596],[-39.0424327023751,-7.866632719200238],[-39.0384552957794,-7.860748117424229],[-39.03400995899597,-7.858276584678304],[-39.03564771465303,-7.85086198644052],[-39.032957116073575,-7.844859692628982],[-39.02628911089841,-7.839563551030579],[-39.02219472175578,-7.832972797041437],[-39.0161116293153,-7.827441271371991],[-39.015409734033675,-7.824969738626071],[-39.01774938497234,-7.817555140388289],[-39.01810033261314,-7.812612074896439]]]}},{"type":"Feature","properties":{"nome":"Terra Nova","codigo_ibge":"2615201"},"geometry":{"type":"Polygon","coordinates":[[[-39.46392081897331,-8.238539551444248],[-39.461815133128496,-8.235479558520728],[-39.46544159208341,-8.22900649656712],[-39.46544159208342,-8.223239586826628],[-39.470705806695385,-8.219120365583414],[-39.47526812602575,-8.222062666471423],[-39.481585183560135,-8.22359266293318],[-39.48205311374786,-8.219708825761018],[-39.49000792693926,-8.219238057618936],[-39.49620800192671,-8.212647303629804],[-39.49866463541228,-8.214883452304683],[-39.49971747833469,-8.218767289476851],[-39.50697039624449,-8.213706531949489],[-39.51527615707671,-8.21252961159428],[-39.52159321461106,-8.216178064695413],[-39.52475174337826,-8.21653114080197],[-39.53422732967981,-8.207704238137952],[-39.54288403815281,-8.204644245214423],[-39.543585933434414,-8.200054255829135],[-39.54651049710772,-8.198288875296322],[-39.54779730512397,-8.189108896525745],[-39.543585933434414,-8.184048138998373],[-39.53761982354085,-8.180399685897251],[-39.47877760243376,-8.155331282331439],[-39.47327942272791,-8.151447445159267],[-39.469185033585255,-8.14273823453077],[-39.465090644442625,-8.140619777891397],[-39.45736979634506,-8.140972853997965],[-39.453392389749375,-8.144503615063565],[-39.4467243845742,-8.141208238069002],[-39.44356585580704,-8.145798227454293],[-39.438652588835865,-8.148269760200218],[-39.436546902991076,-8.150976677017178],[-39.42929398508126,-8.148152068164698],[-39.424731665750876,-8.149564372590945],[-39.425550543579405,-8.145445151347728],[-39.42976191526898,-8.142620542495246],[-39.42449770065701,-8.135912096470589],[-39.42824114215887,-8.131675183191856],[-39.43069777564445,-8.127202885842083],[-39.43034682800365,-8.119905979639844],[-39.424263735563144,-8.11884675132015],[-39.418999520951175,-8.120965207959513],[-39.41490513180855,-8.119552903533268],[-39.41537306199628,-8.115080606183502],[-39.41303341105763,-8.11072600086925],[-39.40706730116405,-8.109078312371967],[-39.409406952102714,-8.104841399093251],[-39.409523934649634,-8.101663714134192],[-39.40344084220916,-8.098015261033073],[-39.40250498183367,-8.092719119434658],[-39.3979426625033,-8.085892981374476],[-39.39794266250331,-8.082950680486476],[-39.40039929598888,-8.08000837959847],[-39.39747473231558,-8.07365300968037],[-39.39536904647079,-8.073064549502778],[-39.39057276204657,-8.075300698177658],[-39.38916897148338,-8.070357632685809],[-39.38296889649595,-8.06729763976228],[-39.379459420087954,-8.06729763976228],[-39.378874507353295,-8.064237646838746],[-39.37045176397414,-8.058235353027218],[-39.36705927011311,-8.051526907002573],[-39.36085919512568,-8.052703827357766],[-39.36027428239102,-8.050467678682882],[-39.35021378335479,-8.050820754789443],[-39.34225897016341,-8.053527671606409],[-39.33734570319221,-8.054233823819528],[-39.32377572774803,-8.053409979570887],[-39.319915303699254,-8.047996145936962],[-39.316990740025936,-8.047878453901435],[-39.314417123993444,-8.050585370718403],[-39.31196049050784,-8.049526142398724],[-39.30248490420632,-8.04870229815008],[-39.30014525326766,-8.047407685759351],[-39.29803956742287,-8.043170772480623],[-39.31546996691581,-8.092366043328093],[-39.30798308391214,-8.094602192002974],[-39.30295283439402,-8.094955268109539],[-39.30248490420631,-8.097662184926506],[-39.29885844525139,-8.100604485814511],[-39.294764056108754,-8.1016637141342],[-39.29371121318635,-8.106606779626047],[-39.291371562247704,-8.110843692904774],[-39.29254138771704,-8.1144921460059],[-39.29628482921887,-8.11672829468079],[-39.29920939289218,-8.1220244362792],[-39.29651879431273,-8.125319813273764],[-39.297922584875934,-8.129674418588019],[-39.296167846671935,-8.132734411511544],[-39.29944335798606,-8.135912096470586],[-39.29862448015753,-8.138619013287556],[-39.299326375439115,-8.145092075241173],[-39.29722068959433,-8.153095133656551],[-39.30096413109617,-8.161333576142964],[-39.30143206128391,-8.164511261102017],[-39.304941537691896,-8.16545279738618],[-39.30564343297349,-8.169454326593863],[-39.310322734850786,-8.174044315979152],[-39.3106736824916,-8.179222765542052],[-39.316522809838204,-8.180281993861728],[-39.317341687666755,-8.182635834572132],[-39.32143607680939,-8.18369506289181],[-39.32330779756032,-8.182400450501094],[-39.32997580273546,-8.18757890006398],[-39.33699475555143,-8.184518907140458],[-39.33839854611461,-8.188638128383664],[-39.335941912629046,-8.19416965405312],[-39.34108914469407,-8.197935799189763],[-39.345885429118304,-8.197111954941121],[-39.35185153901186,-8.204173477072343],[-39.355010067779034,-8.198053491225288],[-39.35793463145236,-8.196170418656957],[-39.36565547954991,-8.200995792113293],[-39.3670592701131,-8.206998085924821],[-39.369983833786414,-8.210058078848354],[-39.370217798880276,-8.212529611594283],[-39.373844257835195,-8.216413448766442],[-39.37676882150851,-8.217472677086125],[-39.375014083304514,-8.221003438151742],[-39.370568746521094,-8.223357278862146],[-39.37325934510052,-8.22618188771463],[-39.37372727528825,-8.231595721348567],[-39.37583296113305,-8.236185710733848],[-39.37981036772875,-8.241834928438829],[-39.37782166443091,-8.244659537291309],[-39.374897100757586,-8.244541845255794],[-39.369515903598696,-8.248307990392439],[-39.37091969416187,-8.251485675351484],[-39.37489710075759,-8.25219182756461],[-39.37735373424317,-8.254192592168451],[-39.37899148990022,-8.259371041731338],[-39.384840617246844,-8.254074900132935],[-39.390104831858835,-8.254074900132931],[-39.39536904647079,-8.24724876207275],[-39.400516278535825,-8.248661066499002],[-39.40776919644564,-8.247248762072758],[-39.409056004461895,-8.241599544367777],[-39.41560702709015,-8.240304931977061],[-39.425199595938615,-8.245954149682028],[-39.42929398508126,-8.243364924900591],[-39.436312937897206,-8.244894921362357],[-39.440875257227574,-8.244777229326836],[-39.44613947183956,-8.246071841717555],[-39.45058480862299,-8.24465953729131],[-39.45409428503095,-8.241717236403307],[-39.455615058141085,-8.24324723286506],[-39.46240004586316,-8.240775700119134],[-39.46392081897331,-8.238539551444248]]]}},{"type":"Feature","properties":{"nome":"Belo Jardim","codigo_ibge":"2601706"},"geometry":{"type":"Polygon","coordinates":[[[-36.36119272667977,-8.389185356910193],[-36.3738268417485,-8.391303813549548],[-36.37464571957701,-8.388832280803628],[-36.38189863748684,-8.390597661336432],[-36.38517414880094,-8.38859689673259],[-36.39394783982089,-8.390009201158836],[-36.39815921151047,-8.387184592306344],[-36.401668687918445,-8.381182298494805],[-36.401551705371524,-8.376945385216077],[-36.40482721668562,-8.374591544505671],[-36.40810272799973,-8.376003848931918],[-36.4090385883752,-8.381770758672412],[-36.41313297751784,-8.381888450707935],[-36.41804624448902,-8.38553690380906],[-36.42389537183565,-8.386949208235304],[-36.43606155671664,-8.399189179929413],[-36.447525846316026,-8.399659948071488],[-36.449280584520025,-8.397894567538687],[-36.45360893875652,-8.388008436554989],[-36.457001432617574,-8.391186121514036],[-36.463435472698855,-8.388479204697068],[-36.4699864953271,-8.390479969300909],[-36.46928460004549,-8.396129187005888],[-36.47185821607802,-8.401660712675337],[-36.4772394132369,-8.402131480817422],[-36.475952605220655,-8.405426857811987],[-36.48051492455103,-8.406956854273748],[-36.48156776747342,-8.402013788781892],[-36.48683198208537,-8.402366864888453],[-36.48999051085256,-8.405662241883023],[-36.48507724388139,-8.40966377109071],[-36.49291507452588,-8.408839926842067],[-36.498764201872525,-8.410722999410392],[-36.502273678280496,-8.40919300294863],[-36.50356048629674,-8.402837633030542],[-36.510696421659645,-8.402013788781895],[-36.49279809197896,-8.384124599382819],[-36.48460931369367,-8.314450914354824],[-36.48917163302403,-8.316333986923148],[-36.49373395235441,-8.315863218781073],[-36.49455283018295,-8.322689356841236],[-36.497243428762395,-8.324454737374047],[-36.50086988771731,-8.324454737374047],[-36.5112813343943,-8.321394744450515],[-36.514907793349195,-8.317157831171789],[-36.51642856645934,-8.312803225857536],[-36.518651234851056,-8.310567077182656],[-36.52461734474462,-8.307507084259125],[-36.52555320512008,-8.302917094873836],[-36.520172007961186,-8.297503261239907],[-36.49841325423172,-8.288323282469333],[-36.497945324043975,-8.281144068302591],[-36.49396791744827,-8.279260995734262],[-36.49490377782372,-8.272081781567538],[-36.4994660971541,-8.270316401034721],[-36.49759437640319,-8.265726411649434],[-36.491277318868825,-8.259841809873418],[-36.48589612170993,-8.252544903671174],[-36.48683198208538,-8.24854337446348],[-36.49151128396267,-8.235832634627293],[-36.49420188254216,-8.232301873561683],[-36.49782834149704,-8.23595032666281],[-36.50005100988878,-8.236421094804891],[-36.50414539903142,-8.232301873561685],[-36.50823978817406,-8.230654185064399],[-36.51689649664706,-8.232419565597205],[-36.522745623993686,-8.238774935515295],[-36.524500362197685,-8.246071841717553],[-36.52719096077715,-8.246542609859638],[-36.52859475134033,-8.241128776225706],[-36.530466472091256,-8.239245703657378],[-36.538187320188804,-8.237951091266654],[-36.542281709331434,-8.23983416383498],[-36.54310058715996,-8.244306461184745],[-36.54216472678451,-8.247954914285877],[-36.536315599437884,-8.250661831102846],[-36.537602407454145,-8.255134128452607],[-36.54122886640906,-8.255134128452607],[-36.5475459239434,-8.262431034654876],[-36.553395051290046,-8.26749179218224],[-36.55514978949403,-8.27196408953201],[-36.560180039012124,-8.27431793024241],[-36.56029702155908,-8.283144832906435],[-36.60592021486278,-8.212411919558754],[-36.59422196016953,-8.208645774422115],[-36.58603318188424,-8.208998850528673],[-36.581119914913074,-8.20582116556963],[-36.57117639842378,-8.208057314244513],[-36.56415744560783,-8.205821165569622],[-36.55994607391827,-8.207468854066915],[-36.547428941396475,-8.210058078848355],[-36.54462136027009,-8.205938857605148],[-36.539591110752006,-8.201466560255373],[-36.537602407454145,-8.197465031047685],[-36.53187026265443,-8.19252196555584],[-36.531753280107516,-8.185225059353574],[-36.52473432729155,-8.182400450501099],[-36.52239467635289,-8.1748681602278],[-36.516779514100136,-8.164982029244088],[-36.51467382825534,-8.16333434074681],[-36.511866247128964,-8.158155891183915],[-36.5069529801578,-8.156861278793192],[-36.50168876554583,-8.150976677017187],[-36.497594376403185,-8.144856691170135],[-36.49525472546453,-8.138501321252035],[-36.492330161791216,-8.136500556648185],[-36.490809388681086,-8.13320517965362],[-36.49326602216669,-8.131086723014262],[-36.49385093490133,-8.126732117700014],[-36.44401636990805,-8.145915919489813],[-36.37195512099757,-8.208057314244504],[-36.365989011104,-8.210646539025953],[-36.36645694129172,-8.216531140801964],[-36.363649360165354,-8.219708825761016],[-36.36224556960217,-8.225593427537033],[-36.356981354990204,-8.220414977974144],[-36.354173773863806,-8.219120365583414],[-36.351015245096626,-8.213118071771886],[-36.34785671632946,-8.200995792113293],[-36.34481517010919,-8.194051962017598],[-36.33990190313803,-8.18781428413503],[-36.33721130455858,-8.1766335407606],[-36.331128212118074,-8.164393569066496],[-36.268893497149925,-8.16121588410745],[-36.239296912775984,-8.168748174380747],[-36.239296912776,-8.170984323055626],[-36.24514604012262,-8.17639815668956],[-36.24514604012262,-8.180517377932764],[-36.25052723728151,-8.187343515992946],[-36.24643284813889,-8.187343515992948],[-36.24771965615513,-8.193345809804478],[-36.2454969877634,-8.19911271954497],[-36.238127087306665,-8.208881158493147],[-36.234149680710956,-8.208998850528676],[-36.23192701231925,-8.213118071771888],[-36.22514202459716,-8.21876728947685],[-36.21987780998519,-8.219708825761016],[-36.21215696188761,-8.22465189125286],[-36.20712671236953,-8.225593427537026],[-36.207945590198044,-8.228653420460553],[-36.20642481708793,-8.23583263462729],[-36.208179555291906,-8.239128011621862],[-36.215198508107875,-8.241599544367787],[-36.21707022885878,-8.24477722932683],[-36.22046272271983,-8.24642491782411],[-36.22268539111157,-8.249484910747638],[-36.23134209958456,-8.256075664736777],[-36.23906294768213,-8.263137186867995],[-36.242455441543164,-8.268551020501924],[-36.251697062750836,-8.27573023466866],[-36.2554405042527,-8.276554078917304],[-36.2637462650849,-8.27996714794739],[-36.267372724039824,-8.283615601048513],[-36.28035778674932,-8.284439445297158],[-36.28456915843891,-8.282909448835394],[-36.28772768720609,-8.284674829368207],[-36.30410524377665,-8.28632251786549],[-36.315920481016846,-8.296090956813666],[-36.31510160318833,-8.290794815215248],[-36.333233897962856,-8.296326340884713],[-36.33861509512177,-8.305388627619758],[-36.336743374370855,-8.314450914354826],[-36.336743374370855,-8.318923211704599],[-36.33487165361993,-8.322100896663637],[-36.36119272667977,-8.389185356910193]]]}},{"type":"Feature","properties":{"nome":"João Alfredo","codigo_ibge":"2608107"},"geometry":{"type":"Polygon","coordinates":[[[-35.68105619881359,-7.909943388271698],[-35.68737325634796,-7.907589547561291],[-35.69018083747434,-7.902175713927359],[-35.693924278976176,-7.899939565252477],[-35.691818593131394,-7.896997264364457],[-35.694977121898575,-7.894054963476451],[-35.689127994551924,-7.889700358162204],[-35.690414802568206,-7.8828742201020265],[-35.69029782002126,-7.8778134625746645],[-35.685384553050106,-7.869810404159283],[-35.68737325634795,-7.864514262560875],[-35.685735500690896,-7.858041200607255],[-35.68819213417648,-7.852156598831242],[-35.68772420398874,-7.847448917410436],[-35.68456567522158,-7.844506616522432],[-35.68316188465838,-7.835562021822894],[-35.61414218196815,-7.837445094391213],[-35.60185901454022,-7.838033554568815],[-35.59671178247517,-7.83756278642673],[-35.59495704427119,-7.835326637751846],[-35.58618335325125,-7.833796641290085],[-35.579164400435296,-7.82826511562063],[-35.574953028745725,-7.829677420046873],[-35.570390709415356,-7.834032025361127],[-35.560213227832214,-7.829324343940314],[-35.55424711793864,-7.822968974022211],[-35.5490998858736,-7.823322050128786],[-35.543601706167784,-7.817084372246214],[-35.539858264665924,-7.816378220033087],[-35.53517896278862,-7.813435919145078],[-35.53260534675611,-7.81037592622155],[-35.52043916187512,-7.8031967120548185],[-35.51774856329567,-7.800607487273372],[-35.511314523214374,-7.801313639486494],[-35.5020729020067,-7.807551317369073],[-35.51049564538583,-7.8608658094597414],[-35.51365417415303,-7.863572726276716],[-35.518333476030335,-7.8725173209762485],[-35.52874492270733,-7.879225767000909],[-35.52511846375243,-7.882756528066515],[-35.520673126968994,-7.904294170566727],[-35.523129760454566,-7.901351869678716],[-35.53166948638064,-7.8938195794054185],[-35.53541292788248,-7.895467267902695],[-35.54067714249447,-7.8942903475475],[-35.54301679343311,-7.896173420115814],[-35.55237539718771,-7.8986449528617415],[-35.559745297644476,-7.892407274979171],[-35.5612660707546,-7.889582666126693],[-35.5662963202727,-7.891465738695014],[-35.567817093382835,-7.890288818339811],[-35.57822854005981,-7.8957026519737425],[-35.586885248532845,-7.895584959938221],[-35.61589692017212,-7.879578843107466],[-35.68105619881359,-7.909943388271698]]]}},{"type":"Feature","properties":{"nome":"Capoeiras","codigo_ibge":"2603801"},"geometry":{"type":"Polygon","coordinates":[[[-36.54005904093973,-8.783806752009616],[-36.54590816828636,-8.773920621025917],[-36.55070445271059,-8.769330631640624],[-36.55128936544524,-8.766035254646061],[-36.55561771968175,-8.758149888266203],[-36.558542283355074,-8.758032196230683],[-36.56134986448145,-8.761327573225248],[-36.566029166358774,-8.760032960834524],[-36.571878293705396,-8.762151417473886],[-36.575972682848025,-8.766388330752616],[-36.57772742105202,-8.770389859960304],[-36.58170482764773,-8.771331396244472],[-36.58743697244744,-8.76956601571167],[-36.591297396496195,-8.772390624564148],[-36.59433894271644,-8.772037548457595],[-36.598667296952975,-8.769448323676148],[-36.61024856909928,-8.772155240493118],[-36.61949019030696,-8.771331396244468],[-36.626392160575975,-8.762975261722538],[-36.628263881326916,-8.756149123662356],[-36.7021968509883,-8.723901505929803],[-36.690030666107326,-8.670233937732572],[-36.680321114711916,-8.667527020915601],[-36.67997016707113,-8.664820104098636],[-36.67470595245914,-8.657405505860854],[-36.67610974302234,-8.652580132404523],[-36.68125697508737,-8.641752465136667],[-36.68734006752786,-8.632925562472648],[-36.68570231187081,-8.628217881051837],[-36.67950223688337,-8.622568663346863],[-36.675992760475395,-8.613977144753886],[-36.66862286001867,-8.612211764221076],[-36.66581527889226,-8.601972557130818],[-36.6616039072027,-8.594204882786483],[-36.645928245913744,-8.58361259958965],[-36.614459940788876,-8.557720351775204],[-36.61387502805421,-8.557602659739683],[-36.61282218513181,-8.559721116379045],[-36.61562976625819,-8.564311105764334],[-36.616331661539775,-8.570901859753464],[-36.611769342209406,-8.580081838524041],[-36.6034635813772,-8.594322574822002],[-36.60942969127074,-8.606327162445067],[-36.58778792008822,-8.60067794474009],[-36.58638412952505,-8.601266404917695],[-36.583459565851726,-8.609857923510674],[-36.57702552577041,-8.616801753606367],[-36.56766692201582,-8.615507141215646],[-36.568134852203535,-8.619037902281255],[-36.57328208426857,-8.622215587240303],[-36.572463206440055,-8.625628656270392],[-36.56848579984435,-8.62515788812831],[-36.56661407909342,-8.630689413797757],[-36.56766692201581,-8.63692709168033],[-36.56111589938758,-8.642694001420821],[-36.55667056260414,-8.63363171468577],[-36.548364801771925,-8.628806341229431],[-36.542515674425296,-8.622804047417908],[-36.53385896595229,-8.658582426216057],[-36.50215669573356,-8.679649300574182],[-36.49899816696638,-8.680002376680752],[-36.49747739385624,-8.684121597923966],[-36.494084899995194,-8.687887743060603],[-36.49256412688509,-8.691418504126219],[-36.48963956321178,-8.694007728907659],[-36.48788482500778,-8.698009258115347],[-36.48718292972619,-8.703893859891368],[-36.49022447594644,-8.705894624495201],[-36.49747739385625,-8.70813077317009],[-36.50262462592128,-8.706483084672811],[-36.508707718361784,-8.708130773170085],[-36.49829627168479,-8.716957675834106],[-36.50250764337437,-8.723195353716683],[-36.509409613643385,-8.72719688292437],[-36.51467382825533,-8.73249302452278],[-36.51502477589614,-8.73625916965943],[-36.50823978817405,-8.740966851080248],[-36.50695298015779,-8.744144536039288],[-36.512334177316696,-8.758385272337248],[-36.517130461740926,-8.761798341367323],[-36.51525874099001,-8.765917562610532],[-36.5159606362716,-8.770154475889267],[-36.509760561284175,-8.773802928990396],[-36.50391143393754,-8.781335219263692],[-36.50028497498263,-8.780511375015058],[-36.49864721932559,-8.785219056435862],[-36.49104335377496,-8.791221350247389],[-36.48706594717925,-8.79569364759716],[-36.4897565457587,-8.797459028129971],[-36.493967917448266,-8.79486980334852],[-36.49899816696636,-8.795811339632687],[-36.5015717829989,-8.792515962638118],[-36.51011150892498,-8.790162121927716],[-36.51794933956946,-8.78568982457794],[-36.523213554181424,-8.785689824577943],[-36.528594751340336,-8.783571367938581],[-36.53210422774831,-8.78804366528835],[-36.536900512172544,-8.78380675200962],[-36.54005904093973,-8.783806752009616]]]}},{"type":"Feature","properties":{"nome":"Tamandaré","codigo_ibge":"2614857"},"geometry":{"type":"Polygon","coordinates":[[[-35.10281146932572,-8.784865980329306],[-35.1052681028113,-8.78898520157251],[-35.11088326506406,-8.7923982706026],[-35.113807828737365,-8.795693647597165],[-35.11696635750457,-8.79675287591685],[-35.120358851365594,-8.80028363698245],[-35.12550608343064,-8.801342865302129],[-35.12901555983861,-8.793339806886765],[-35.137087355576966,-8.78498367236482],[-35.1415326923604,-8.7842775201517],[-35.14749880225396,-8.781805987405768],[-35.15229508667821,-8.77533292545216],[-35.1551026678046,-8.775568309523198],[-35.1604838649635,-8.778275226340167],[-35.162706533355205,-8.77592138562976],[-35.1784991771911,-8.775215233416635],[-35.18107279322363,-8.770860628102385],[-35.1845822696316,-8.769683707747182],[-35.18575209510094,-8.771802164386553],[-35.192186135182226,-8.77415600509695],[-35.20119379129604,-8.768271403320947],[-35.20715990118959,-8.762504493580456],[-35.2128920459893,-8.762622185615976],[-35.21839022569514,-8.755560663484752],[-35.22365444030709,-8.753677590916427],[-35.23465079971874,-8.757208351982039],[-35.247167932240544,-8.776039077665285],[-35.24985853082,-8.774744465274553],[-35.249975513366934,-8.77062524403135],[-35.256175588354374,-8.773449852883829],[-35.26085489023166,-8.773449852883836],[-35.25910015202767,-8.77851061041121],[-35.25406990250958,-8.782747523689933],[-35.26062092513781,-8.784159828116179],[-35.2630775586234,-8.783689059974098],[-35.26506626192124,-8.779099070588801],[-35.26880970342309,-8.78239444758338],[-35.27688149916143,-8.786395976791061],[-35.284368382165134,-8.789338277679073],[-35.290217509511734,-8.786866744933146],[-35.29442888120133,-8.78792597325282],[-35.29758740996851,-8.790632890069789],[-35.30191576420501,-8.792162886531553],[-35.312795141069735,-8.792986730780193],[-35.316304617477726,-8.792162886531566],[-35.3194631462449,-8.793928267064357],[-35.32425943066913,-8.79463441927748],[-35.32706701179552,-8.79745902812996],[-35.33303312168909,-8.798400564414132],[-35.3402860395989,-8.797812104236526],[-35.354440927777766,-8.805344394509822],[-35.361459880593706,-8.806521314865028],[-35.34005207450504,-8.747204528962815],[-35.34157284761515,-8.72496073424949],[-35.263545488811104,-8.6861223625278],[-35.1408307970788,-8.735082249304233],[-35.137204338123894,-8.7401430068316],[-35.133226931528206,-8.740966851080236],[-35.12445324050824,-8.738259934263276],[-35.11790221788001,-8.73814224222776],[-35.114392741472024,-8.73484686523319],[-35.103981294795034,-8.733199176735912],[-35.10105673112174,-8.730021491776856],[-35.096728376885224,-8.728020727173014],[-35.09626044669749,-8.72543150239157],[-35.09801518490148,-8.72013536079315],[-35.0955585514159,-8.710484613880496],[-35.100939748574795,-8.708954617418733],[-35.10222655659105,-8.703070015642716],[-35.10515112026436,-8.696126185547026],[-35.10257750423185,-8.686475438634362],[-35.09544156886895,-8.687652358989567],[-35.08783770331832,-8.690830043948615],[-35.090294336803915,-8.694949265191825],[-35.0790640122984,-8.703658475820314],[-35.078713064657585,-8.710366921844976],[-35.0819885759717,-8.712249994413297],[-35.08760373822447,-8.721429973183884],[-35.08947545897541,-8.728962263457174],[-35.088422616052995,-8.734493789126635],[-35.086667877849,-8.737318397979108],[-35.08608296511435,-8.746733760820735],[-35.087486755677546,-8.749440677637695],[-35.092049075007914,-8.753677590916434],[-35.09415476085272,-8.758385272337241],[-35.100003888199325,-8.76109218915421],[-35.103747329701164,-8.765446794468463],[-35.10608698063983,-8.773214468812796],[-35.1059699980929,-8.776156769700805],[-35.10281146932572,-8.784865980329306]]]}},{"type":"Feature","properties":{"nome":"Lagoa Dos Gatos","codigo_ibge":"2608701"},"geometry":{"type":"Polygon","coordinates":[[[-35.81020493062718,-8.67294085454954],[-35.81394837212905,-8.675177003224414],[-35.81944655183487,-8.681296989071475],[-35.81792577872474,-8.68882927934477],[-35.82143525513272,-8.695537725369423],[-35.81909560419407,-8.696008493511497],[-35.818276726365546,-8.699539254577118],[-35.82003146456953,-8.703658475820324],[-35.821084307491915,-8.708954617418726],[-35.83559014331157,-8.71436845105266],[-35.84108832301741,-8.713426914768503],[-35.84518271216004,-8.716133831585472],[-35.84576762489469,-8.735082249304225],[-35.84892615366189,-8.737789166121194],[-35.85032994422507,-8.740849159044725],[-35.85629605411862,-8.744968380287927],[-35.861092338542875,-8.75132375020603],[-35.8629640592938,-8.751441442241552],[-35.90940613042605,-8.74991144577978],[-35.9189986992745,-8.74944067763771],[-35.923911966245676,-8.744144536039286],[-35.92929316340458,-8.742026079399924],[-35.933972465281876,-8.744262228074806],[-35.9422782261141,-8.746733760820735],[-35.95081795204019,-8.746733760820737],[-35.96041052088866,-8.74249684754201],[-35.96508982276596,-8.74167300329336],[-35.96696154351689,-8.74308530771961],[-35.969184211908605,-8.744968380287927],[-35.97351256614511,-8.744262228074811],[-35.973278601051234,-8.739789930725044],[-35.974448426520574,-8.733199176735903],[-35.976788077459226,-8.732022256380704],[-35.97901074585094,-8.725902270533647],[-35.97643712981843,-8.710602305916012],[-35.97269368831656,-8.709660769631858],[-35.97479937416135,-8.692477732445893],[-35.97327860105124,-8.671881626229851],[-35.94801037091381,-8.629512493442558],[-35.89805882337358,-8.612094072185561],[-35.88940211490057,-8.611858688114514],[-35.88472281302325,-8.61032869165275],[-35.87653403473798,-8.609151771297544],[-35.87325852342388,-8.612564840327643],[-35.86705844843643,-8.612800224398681],[-35.86401690221618,-8.610210999617232],[-35.85302054280451,-8.606444854480591],[-35.85571114138398,-8.611034843865877],[-35.85500924610237,-8.613624068647317],[-35.8475223630987,-8.61974405449437],[-35.842492113580576,-8.624687119986234],[-35.83956754990728,-8.626099424412464],[-35.83406937020144,-8.631395566010882],[-35.82997498105881,-8.62727634476768],[-35.825646626822305,-8.628453265122872],[-35.81979749947566,-8.635985555396172],[-35.81757483108395,-8.637397859822416],[-35.81617104052074,-8.642105541243223],[-35.81698991834928,-8.64693091469956],[-35.809152087704796,-8.650343983729647],[-35.80728036695387,-8.649873215587563],[-35.81020493062718,-8.67294085454954]]]}},{"type":"Feature","properties":{"nome":"Tabira","codigo_ibge":"2614600"},"geometry":{"type":"Polygon","coordinates":[[[-37.61992493167461,-7.525914276369083],[-37.61594752507891,-7.524972740084924],[-37.61138520574853,-7.518617370166836],[-37.60974745009148,-7.508025086970001],[-37.60003789869609,-7.504494325904401],[-37.58670188834575,-7.499080492270475],[-37.580267848264455,-7.495549731204852],[-37.57184510488532,-7.489076669251247],[-37.55698832142487,-7.479778998445146],[-37.54879954313961,-7.479543614374107],[-37.54259946815216,-7.478249001983382],[-37.53312388185062,-7.472952860384968],[-37.52797664978559,-7.465302878076152],[-37.52914647525491,-7.455887515234534],[-37.52739173705092,-7.4483552249612295],[-37.52294640026749,-7.443529851504905],[-37.52165959225123,-7.439528322297212],[-37.50235747200733,-7.452592138239971],[-37.49557248428526,-7.454592902843813],[-37.49042525222022,-7.45812366390942],[-37.48937240929783,-7.462949037365741],[-37.483874229592,-7.468127486928646],[-37.47814208479229,-7.47565977720194],[-37.47463260838431,-7.477307465699222],[-37.47369674800885,-7.481779763048998],[-37.46726270792757,-7.488370517038114],[-37.46047772020548,-7.488252825002604],[-37.459307894736156,-7.490606665713003],[-37.46281737114414,-7.494961271027255],[-37.45954185983001,-7.49955126041254],[-37.46141358058094,-7.503199713513679],[-37.459775824923895,-7.505553554224083],[-37.45533048814045,-7.504729709975438],[-37.45135308154473,-7.510496619715932],[-37.45006627352846,-7.516616605562983],[-37.45100213390394,-7.520971210877237],[-37.448311535324486,-7.526385044511163],[-37.45041722116926,-7.533681950713419],[-37.44994929098152,-7.535565023281749],[-37.445620936745044,-7.53909578434735],[-37.44047370468,-7.53874270824079],[-37.43813405374135,-7.543215005590565],[-37.43322078677017,-7.545333462229924],[-37.43263587403552,-7.552041908254576],[-37.430296223096875,-7.558044202066113],[-37.430998118378454,-7.5631049595934865],[-37.4333377693171,-7.568518793227418],[-37.4333377693171,-7.578051848104565],[-37.43181699620699,-7.579934920672891],[-37.43193397875391,-7.5851133702357725],[-37.43076415328458,-7.589938743692101],[-37.43813405374135,-7.596058729539156],[-37.43532647261497,-7.599118722462689],[-37.43403966459871,-7.607357164949108],[-37.429360362721404,-7.612535614511994],[-37.42713769432969,-7.617831756110405],[-37.42924338017446,-7.622304053460179],[-37.4267867466889,-7.624187126028501],[-37.42596786886037,-7.6287771154137936],[-37.42725467687662,-7.632425568514919],[-37.420469689154515,-7.63642709772261],[-37.41649228255883,-7.64278246764071],[-37.41859796840361,-7.649490913665362],[-37.42351123537477,-7.655728591547934],[-37.42772260706434,-7.657140895974177],[-37.43146604856619,-7.6610247331463475],[-37.43310380422326,-7.664790878282996],[-37.437081210818945,-7.666556258815803],[-37.448311535324486,-7.668557023419638],[-37.45369273248338,-7.670440095987962],[-37.45954185983002,-7.66879240749068],[-37.461062632940134,-7.6722054765207695],[-37.46995330650701,-7.672911628733889],[-37.47182502725794,-7.670322403952449],[-37.47545148621285,-7.669380867668285],[-37.481066648465614,-7.671028556165563],[-37.483991212138925,-7.675618545550854],[-37.495104554097516,-7.68091468714927],[-37.49522153664446,-7.691977738488171],[-37.499900838521754,-7.693860811056494],[-37.50001782106871,-7.698097724335227],[-37.50586694841534,-7.7016284854008354],[-37.50902547718251,-7.699745412832507],[-37.520489766781914,-7.705747706644036],[-37.52165959225123,-7.709866927887259],[-37.52774268469171,-7.708572315496538],[-37.53218802147515,-7.709278467709654],[-37.537920166274866,-7.717987678338153],[-37.54107869504204,-7.716928450018471],[-37.54388627616842,-7.711750000455571],[-37.54751273512332,-7.711750000455582],[-37.549501438421196,-7.713750765059413],[-37.551022211531304,-7.71845844648023],[-37.55394677520463,-7.718576138515752],[-37.55663737378407,-7.715045377450137],[-37.555116600673955,-7.711632308420061],[-37.55546754831474,-7.707395395141334],[-37.55219203700063,-7.703511557969155],[-37.55663737378408,-7.694566963269616],[-37.55616944359634,-7.691624662381607],[-37.557924181800345,-7.686916980960797],[-37.55488263558009,-7.685740060605597],[-37.553127897376115,-7.679266998651987],[-37.55429772284542,-7.672323168556283],[-37.55687133887795,-7.669380867668279],[-37.55055428134359,-7.666085490673717],[-37.54973540351505,-7.66432011014091],[-37.55394677520463,-7.661024733146345],[-37.55008635115584,-7.659259352613539],[-37.55067126389052,-7.651373986233686],[-37.55499961812702,-7.64960860570088],[-37.5599128850982,-7.646077844635268],[-37.55687133887793,-7.642664775605189],[-37.5588600421758,-7.639251706575094],[-37.58366034212552,-7.599942566711334],[-37.61992493167461,-7.525914276369083]]]}},{"type":"Feature","properties":{"nome":"Brejinho","codigo_ibge":"2602506"},"geometry":{"type":"Polygon","coordinates":[[[-37.26078851259152,-7.274171012391257],[-37.26184135551391,-7.307830934550048],[-37.27307168001944,-7.3267793522688125],[-37.27272073237865,-7.334076258471066],[-37.27108297672157,-7.335959331039387],[-37.280441580476186,-7.350082375301822],[-37.279037789913,-7.353730828402943],[-37.28301519650872,-7.369619253198183],[-37.27038108144,-7.39351073640879],[-37.29003414932466,-7.395276116941602],[-37.30477395023817,-7.37962307621741],[-37.31389858889891,-7.36667695231018],[-37.32442701812285,-7.366206184168094],[-37.33694415064465,-7.367147720452254],[-37.33904983648942,-7.36867771691402],[-37.346068789305384,-7.369736945233708],[-37.35226886429281,-7.3542015965450345],[-37.354608515231476,-7.358909277965833],[-37.35683118362319,-7.367383104523301],[-37.35917083456184,-7.369619253198178],[-37.357065148717034,-7.373032322228267],[-37.35741609635786,-7.377622311613564],[-37.367827543034856,-7.3792700001108384],[-37.37028417652043,-7.379034616039799],[-37.37461253075695,-7.375856931080757],[-37.381514501025954,-7.373032322228266],[-37.38794854110724,-7.374444626654516],[-37.39414861609469,-7.374444626654513],[-37.4010505863637,-7.377151543471484],[-37.41052617266526,-7.379858460288446],[-37.4182470207628,-7.375268470903158],[-37.42245839245238,-7.370207713375786],[-37.42666976414196,-7.367500796558815],[-37.427605624517405,-7.362793115138001],[-37.43181699620699,-7.35667312929095],[-37.42877544998672,-7.352553908047748],[-37.42549993867263,-7.352906984154308],[-37.41543943963642,-7.361733886818333],[-37.410292207571395,-7.360792350534165],[-37.4081865217266,-7.358085433717199],[-37.40186946419224,-7.359026970001353],[-37.39543542411093,-7.358673893894791],[-37.38572587271553,-7.356673129290956],[-37.37238986236523,-7.350553143443898],[-37.36466901426768,-7.346080846094129],[-37.35776704399863,-7.340667012460203],[-37.351449986464274,-7.3385485558208305],[-37.34934430061949,-7.3351354867907395],[-37.35589532324772,-7.325720123949124],[-37.357065148717055,-7.321012442528314],[-37.35215188174589,-7.316775529249589],[-37.33518941244064,-7.295002502678332],[-37.33261579640814,-7.289706361079928],[-37.32817045962469,-7.288058672582647],[-37.32044961152715,-7.290530205328568],[-37.314015571445836,-7.2893532849733695],[-37.28827941112068,-7.28829405665368],[-37.28207933613326,-7.278878693812057],[-37.27529434841115,-7.2742887044267786],[-37.26078851259152,-7.274171012391257]]]}},{"type":"Feature","properties":{"nome":"Quipapá","codigo_ibge":"2611507"},"geometry":{"type":"Polygon","coordinates":[[[-36.075404364523415,-8.770507551995834],[-36.05575129663874,-8.75508989534267],[-36.04042658299054,-8.763092953758054],[-36.02498488679546,-8.79039750599875],[-36.024399974060806,-8.788161357323867],[-36.027324537734096,-8.784630596258259],[-36.028728328297305,-8.779922914837453],[-36.02732453773409,-8.776509845807368],[-36.00404501089451,-8.779569838730884],[-35.98591271611997,-8.780982143157129],[-35.977723937834675,-8.770154475889267],[-35.97000308973712,-8.768389095356467],[-35.96625964823527,-8.762151417473886],[-35.96614266568834,-8.750852982063948],[-35.95526328882363,-8.812758992747604],[-35.9547953586359,-8.863366568021318],[-35.95058398694632,-8.892318808759299],[-35.955965184105224,-8.894319573363145],[-35.9594746605132,-8.892907268936902],[-35.961931293998774,-8.895378801682822],[-35.96356904965582,-8.902440323814035],[-35.96801438643927,-8.903734936204764],[-35.970704985018735,-8.900439559210197],[-35.97971264113253,-8.90267570788508],[-35.98415797791596,-8.905264932666526],[-35.98836934960554,-8.903970320275805],[-35.99187882601354,-8.904676472488921],[-35.995622267515365,-8.907383389305886],[-35.99913174392334,-8.907736465412455],[-36.0004185519396,-8.910090306122855],[-36.00533181891077,-8.913032607010864],[-36.01492438775925,-8.91244414683326],[-36.026388677358646,-8.90797184948349],[-36.03329064762766,-8.908442617625568],[-36.041947356100685,-8.905029548595481],[-36.061132493797636,-8.895025725576257],[-36.12547289461055,-8.842299693663188],[-36.12102755782711,-8.836768167993734],[-36.090729078171584,-8.776862921913928],[-36.075404364523415,-8.770507551995834]]]}},{"type":"Feature","properties":{"nome":"Sairé","codigo_ibge":"2612000"},"geometry":{"type":"Polygon","coordinates":[[[-35.65216150972122,-8.203114248752664],[-35.64467462671755,-8.287381746185158],[-35.61425916451508,-8.344109307305938],[-35.63461412768135,-8.373767700257043],[-35.656021933770006,-8.378004613535767],[-35.70035831905747,-8.373179240079436],[-35.72223405533387,-8.387537668412902],[-35.72433974117865,-8.378828457784408],[-35.72246802042774,-8.377298461322646],[-35.73334739729245,-8.369648479013831],[-35.73147567654155,-8.363293109095725],[-35.73299644965166,-8.355525434751389],[-35.73533610059031,-8.35187698165026],[-35.73685687370043,-8.34528622766113],[-35.73931350718604,-8.341402390488964],[-35.73849462935749,-8.338342397565436],[-35.734049292574056,-8.333752408180153],[-35.73475118785566,-8.32398396923197],[-35.73252851946394,-8.321865512592597],[-35.72948697324368,-8.31480399046138],[-35.75803071469525,-8.290441739108685],[-35.75522313356886,-8.290324047073165],[-35.75253253498941,-8.287734822291723],[-35.746683407642784,-8.279496379805304],[-35.747151337830516,-8.27690715502386],[-35.74446073925105,-8.274200238206886],[-35.73966445482683,-8.272787933780661],[-35.7377927340759,-8.265608719613915],[-35.73077378125994,-8.25866488951822],[-35.72656240957037,-8.255251820488139],[-35.724573706272515,-8.251367983315959],[-35.719075526566684,-8.248896450570046],[-35.71790570109735,-8.242305696580905],[-35.71193959120379,-8.235950326662813],[-35.711822608656874,-8.224651891252865],[-35.70644141149797,-8.2207680540807],[-35.703867795465435,-8.220885746116211],[-35.698369615759624,-8.217119600979563],[-35.69146764549059,-8.216295756730926],[-35.686086448331686,-8.211705767345642],[-35.67286742052831,-8.208645774422116],[-35.66701829318168,-8.209469618670758],[-35.660233305459585,-8.205703473534097],[-35.65894649744333,-8.203820400965782],[-35.65216150972122,-8.203114248752664]]]}},{"type":"Feature","properties":{"nome":"Jaboatão Dos Guararapes","codigo_ibge":"2607901"},"geometry":{"type":"Polygon","coordinates":[[[-35.05812413639745,-8.088011438013842],[-35.05695431092814,-8.085657597303435],[-35.055199572724135,-8.067297639762273],[-35.04162959727996,-8.062589958341475],[-35.0167123147833,-8.0557638202813],[-35.013670768563074,-8.05623458842337],[-35.01226697799988,-8.059059197275863],[-35.00665181574711,-8.059647657453462],[-35.004897077543134,-8.062707650376987],[-35.00033475821274,-8.063884570732194],[-34.9962403690701,-8.060942269844181],[-34.989455381348016,-8.07118147693445],[-34.98313832381366,-8.075889158355261],[-34.98056470778113,-8.075418390213176],[-34.97740617901395,-8.078242999065662],[-34.97389670260596,-8.078242999065656],[-34.97085515638573,-8.081773760131272],[-34.973545754965194,-8.086481441552081],[-34.970270243651065,-8.087540669871773],[-34.9613795700842,-8.094955268109539],[-34.962900343194306,-8.099662949530346],[-34.96290034319433,-8.106018319448447],[-34.96184750027192,-8.10954908051405],[-34.95892293659861,-8.112020613259984],[-34.959156901692474,-8.122377512385759],[-34.9606776748026,-8.126379041593458],[-34.95845500641086,-8.129674418588023],[-34.9524888965173,-8.130615954872182],[-34.95716819839462,-8.134146715937788],[-34.95599837292529,-8.13744209293235],[-34.95295682670505,-8.13861901328756],[-34.94769261209309,-8.137677477003388],[-34.93716418286913,-8.136853632754756],[-34.93318677627344,-8.14156131417556],[-34.9216055041271,-8.141561314175568],[-34.91365069093568,-8.14509207524117],[-34.91446956876421,-8.14756360798709],[-34.9115450050909,-8.149682064626456],[-34.91365069093569,-8.153918977905189],[-34.90885440651146,-8.155095898260393],[-34.91540542913966,-8.174750468192281],[-34.91774508007833,-8.185695827495655],[-34.915990341874334,-8.201231176184333],[-34.91786206262527,-8.211941151416683],[-34.91938283573539,-8.216178064695406],[-34.92394515506576,-8.221944974435898],[-34.92862445694307,-8.225240351430465],[-34.933537723914235,-8.232537257632718],[-34.935643409759,-8.23889262755082],[-34.942662362574964,-8.242423388616428],[-34.947926577186934,-8.234773406307614],[-34.95225493142345,-8.234420330201045],[-34.954594582362105,-8.236068018698331],[-34.957987076223155,-8.23524417444969],[-34.959156901692474,-8.232772641703765],[-34.956466303113025,-8.228771112496075],[-34.9556474252845,-8.224887275323903],[-34.95810405877007,-8.224181123110784],[-34.96032672716179,-8.218414213370288],[-34.959858796974075,-8.216060372659891],[-34.964538098851385,-8.215589604517811],[-34.97144006912039,-8.218649597441333],[-34.96991929601027,-8.22453419921735],[-34.976938248826215,-8.231124953206482],[-34.978692987030215,-8.228771112496084],[-34.98337228890753,-8.228653420460553],[-34.98547797475229,-8.22524035143047],[-34.985360992205365,-8.221356514258302],[-34.99319882284986,-8.225711119572544],[-34.99553847378851,-8.22418112311079],[-34.99881398510263,-8.219238057618934],[-34.998813985102636,-8.217237293015094],[-35.00325932188607,-8.210058078848355],[-35.00700276338792,-8.206056549640666],[-35.06444119393181,-8.222768818684537],[-35.063037403368625,-8.219591133725489],[-35.06467515902568,-8.214412684162602],[-35.06748274015205,-8.209587310706276],[-35.06806765288673,-8.202996556717142],[-35.06584498449502,-8.200760408042255],[-35.07461867551495,-8.189344280596782],[-35.08748675567753,-8.173926623943633],[-35.09707932452602,-8.161686652249527],[-35.08748675567754,-8.143209002672842],[-35.05812413639745,-8.088011438013842]]]}},{"type":"Feature","properties":{"nome":"Saloá","codigo_ibge":"2612307"},"geometry":{"type":"Polygon","coordinates":[[[-36.637037572346856,-9.020838511547419],[-36.68839291045027,-9.020367743405341],[-36.70500443211469,-9.02107389561846],[-36.71097054200827,-9.025546192968237],[-36.71155545474292,-9.028370801820715],[-36.716000791526355,-9.03413771156121],[-36.7197442330282,-9.037433088555783],[-36.7244235349055,-9.046495375290837],[-36.735536876864124,-9.057793810700785],[-36.734601016488654,-9.060853803624305],[-36.74009919619447,-9.062148416015027],[-36.7437256551494,-9.067562249648958],[-36.74384263769632,-9.070975318679055],[-36.746065306088035,-9.072505315140818],[-36.746767201369636,-9.076742228419535],[-36.74992573013682,-9.082273754088993],[-36.75039366032454,-9.088040663829482],[-36.760922089548494,-9.094278341712068],[-36.76957879802149,-9.092395269143736],[-36.773673187164135,-9.09769141074215],[-36.777182663572134,-9.098515254990797],[-36.77765059375984,-9.101339863843277],[-36.776012838102794,-9.104988316944407],[-36.781160070167815,-9.106282929335125],[-36.78455256402886,-9.113226759430818],[-36.802216928615685,-9.086392975332203],[-36.7867752324206,-9.00812777171123],[-36.81344725312122,-8.969642476096105],[-36.822571891781976,-8.9556371238692],[-36.86515353886545,-8.889023431764725],[-36.73577084195796,-8.949517138022143],[-36.72898585423587,-8.954107127407433],[-36.72489146509326,-8.952224054839109],[-36.7136611405877,-8.951400210590474],[-36.70874787361655,-8.940925619429166],[-36.66136994210882,-8.934217173404507],[-36.65025660015024,-8.934452557475549],[-36.64124894403643,-8.937865626505642],[-36.635282834142856,-8.943985612352694],[-36.631773357734886,-8.951870978732543],[-36.63083749735943,-8.956460968117836],[-36.63025258462477,-8.97635092212076],[-36.635165851595914,-8.983059368145417],[-36.636686624706044,-8.98659012921102],[-36.632943183204205,-8.994122419484318],[-36.62697707331065,-8.99883010090513],[-36.62580724784132,-9.002478554006267],[-36.63118844500023,-9.004832394716663],[-36.633177148298074,-9.008010079675714],[-36.637037572346856,-9.020838511547419]]]}},{"type":"Feature","properties":{"nome":"Paranatama","codigo_ibge":"2610301"},"geometry":{"type":"Polygon","coordinates":[[[-36.75893338625063,-8.833825867105732],[-36.7369406674273,-8.832766638786046],[-36.66745303454933,-8.83253125471501],[-36.665581313798405,-8.839475084810699],[-36.66733605200241,-8.845359686586711],[-36.67107949350425,-8.848655063581283],[-36.67154742369196,-8.854775049428337],[-36.66745303454934,-8.860541959168826],[-36.665698296345326,-8.86513194855411],[-36.66628320908,-8.867838865371086],[-36.66253976757817,-8.869015785726285],[-36.656222710043814,-8.868191941477646],[-36.652362285995025,-8.866426560944843],[-36.6494377223217,-8.86948655386836],[-36.64499238553829,-8.870192706081484],[-36.644992385538266,-8.873723467147096],[-36.638792310550826,-8.878313456532391],[-36.63083749735944,-8.887140359196398],[-36.62802991623303,-8.887964203445057],[-36.62089398087014,-8.89632033796699],[-36.61656562663364,-8.900557251245711],[-36.61621467899285,-8.903852628240282],[-36.61223727239713,-8.90632416098621],[-36.60849383089529,-8.910678766300459],[-36.605920214862785,-8.91138491851358],[-36.605569267221995,-8.914915679579183],[-36.607440987972915,-8.92197720171041],[-36.610248569099284,-8.921388741532802],[-36.61399201060114,-8.923036430030088],[-36.61258822003792,-8.928332571628502],[-36.6091957261769,-8.926567191095694],[-36.60510133703424,-8.936335630043873],[-36.606856075238255,-8.941867155713325],[-36.6189052775723,-8.943867920317166],[-36.62557328274747,-8.94657483713414],[-36.62908275915544,-8.951517902625984],[-36.63083749735943,-8.956460968117836],[-36.631773357734886,-8.951870978732543],[-36.635282834142856,-8.943985612352694],[-36.64124894403643,-8.937865626505642],[-36.65025660015024,-8.934452557475549],[-36.66136994210882,-8.934217173404507],[-36.70874787361655,-8.940925619429166],[-36.7136611405877,-8.951400210590474],[-36.72489146509326,-8.952224054839109],[-36.72898585423587,-8.954107127407433],[-36.73577084195796,-8.949517138022143],[-36.86515353886545,-8.889023431764725],[-36.865621469053174,-8.888199587516086],[-36.868663015273405,-8.887258051231933],[-36.878138601574946,-8.882903445917671],[-36.867844137444884,-8.883374214059751],[-36.86398371339612,-8.882550369811115],[-36.84982882521726,-8.881844217598],[-36.84000229127494,-8.883727290166323],[-36.83614186722615,-8.88549267069912],[-36.8270172285654,-8.893260345043457],[-36.77800154140065,-8.92739103534433],[-36.766186304160456,-8.912561838868779],[-36.75004271268376,-8.891612656546172],[-36.74793702683895,-8.88749343530297],[-36.74793702683896,-8.88349190609528],[-36.75144650324694,-8.880667297242788],[-36.75624278767117,-8.878901916709983],[-36.760220194266886,-8.880784989278308],[-36.77694869847825,-8.886316514947769],[-36.76665423434818,-8.84241738569871],[-36.75893338625063,-8.833825867105732]]]}},{"type":"Feature","properties":{"nome":"Pesqueira","codigo_ibge":"2610905"},"geometry":{"type":"Polygon","coordinates":[[[-36.75905036879756,-8.599030256242807],[-36.73530291177024,-8.572667240286275],[-36.725944308015634,-8.559014964165922],[-36.72442353490552,-8.553836514603029],[-36.72629525565644,-8.547951912827024],[-36.723370691983106,-8.545833456187658],[-36.72196690141992,-8.542538079193088],[-36.71307622785306,-8.5333581004225],[-36.70827994342882,-8.530651183605539],[-36.70067607787818,-8.529121187143772],[-36.694943933078484,-8.525472734042651],[-36.69061557884197,-8.525825810149213],[-36.68792498026252,-8.528650419001693],[-36.67704560339781,-8.525825810149215],[-36.701611938253656,-8.421079898536176],[-36.784669546575806,-8.42284527906898],[-36.814734061137486,-8.43096602951988],[-36.82116810121877,-8.417784521541618],[-36.830994635161105,-8.426140656063552],[-36.85017977285806,-8.439675240148382],[-36.852519423796714,-8.444853689711266],[-36.859304411518806,-8.45273905609113],[-36.86632336433477,-8.456269817156741],[-36.86913094546115,-8.455916741050174],[-36.87252343932218,-8.457799813618493],[-36.87767067138723,-8.455092896801533],[-36.879542392138156,-8.455563664943618],[-36.88234997326452,-8.436144479082776],[-36.900950198226816,-8.439792932183895],[-36.907033290667314,-8.436850631295899],[-36.91042578452836,-8.434026022443405],[-36.91627491187498,-8.432966794123727],[-36.92177309158081,-8.4304952613778],[-36.926569376005055,-8.426611424205632],[-36.94844511228146,-8.396599955147957],[-36.94493563587349,-8.37341462415047],[-36.90960690669984,-8.29562018867158],[-36.908320098683575,-8.253133363848765],[-36.90293890152467,-8.248072606321395],[-36.90001433785134,-8.243718001007144],[-36.89591994870871,-8.240775700119144],[-36.879191444497344,-8.235597250556255],[-36.86866301527343,-8.227123423998794],[-36.86164406245745,-8.222415742577981],[-36.852285458702845,-8.219120365583413],[-36.843277802589036,-8.216884216908523],[-36.824326629985954,-8.208175006280037],[-36.81602086915374,-8.206762701853794],[-36.812511392745776,-8.205350397427537],[-36.80572640502367,-8.195464266443837],[-36.803386754085025,-8.193581193875513],[-36.79437909797121,-8.18957966466783],[-36.787828075342986,-8.189815048738865],[-36.79683573145681,-8.196288110692478],[-36.80186598097489,-8.20158425229089],[-36.80209994606877,-8.204526553178903],[-36.80022822531784,-8.208763466457627],[-36.80326977153809,-8.212176535487716],[-36.805258474835945,-8.218649597441336],[-36.808650968696995,-8.221356514258302],[-36.80865096869698,-8.225946503643591],[-36.81602086915374,-8.234420330201042],[-36.81625483424761,-8.243247232865059],[-36.817190694623065,-8.248425682427964],[-36.814968026231355,-8.254545668275016],[-36.8061943352114,-8.25642874084333],[-36.80619433521141,-8.260194885979987],[-36.80362071917889,-8.26207795854831],[-36.80221692861569,-8.267609484217756],[-36.80338675408501,-8.272905625816167],[-36.802801841350366,-8.276789462988338],[-36.79952633003624,-8.27843715148563],[-36.79484702815894,-8.27843715148562],[-36.78408463384114,-8.27608331077522],[-36.77729964611905,-8.268786404572964],[-36.77577887300892,-8.263961031116631],[-36.77297129188255,-8.259841809873423],[-36.768876902739905,-8.258664889518222],[-36.76606932161353,-8.259724117837907],[-36.75577485748344,-8.261018730228626],[-36.74934081740215,-8.26125411429967],[-36.74161996930461,-8.26301949483247],[-36.73144248772148,-8.259135657660305],[-36.726529220750294,-8.258194121376137],[-36.72383862217084,-8.261136422264148],[-36.724774482546316,-8.265491027578395],[-36.721615953779114,-8.266903332004635],[-36.71822345991808,-8.270551785105768],[-36.71331019294692,-8.271257937318888],[-36.71026864672667,-8.270081016963688],[-36.69892133967419,-8.271375629354413],[-36.69318919487452,-8.273141009887214],[-36.685702311870806,-8.273729470064813],[-36.68195887036898,-8.272905625816177],[-36.67330216189596,-8.274906390420016],[-36.67072854586344,-8.279496379805314],[-36.66312468031284,-8.28067330016051],[-36.658211413341654,-8.282556372728832],[-36.64230178695882,-8.284792521403716],[-36.637271537440725,-8.286322517865479],[-36.63481490395513,-8.285380981581314],[-36.64007911856711,-8.277730999272505],[-36.60592021486278,-8.212411919558754],[-36.56029702155908,-8.283144832906435],[-36.57082545078299,-8.292324811677013],[-36.602761686095604,-8.312450149750974],[-36.62756198604531,-8.345286227661129],[-36.61796941719683,-8.370707707333509],[-36.583459565851726,-8.462742879110353],[-36.58275767057013,-8.464272875572119],[-36.5579573706204,-8.506524316323882],[-36.61024856909929,-8.5490111411467],[-36.61387502805421,-8.557602659739683],[-36.614459940788876,-8.557720351775204],[-36.645928245913744,-8.58361259958965],[-36.6616039072027,-8.594204882786483],[-36.66581527889226,-8.601972557130818],[-36.66862286001867,-8.612211764221076],[-36.675992760475395,-8.613977144753886],[-36.67950223688337,-8.622568663346863],[-36.68570231187081,-8.628217881051837],[-36.68734006752786,-8.632925562472648],[-36.68125697508737,-8.641752465136667],[-36.67610974302234,-8.652580132404523],[-36.67470595245914,-8.657405505860854],[-36.67997016707113,-8.664820104098636],[-36.680321114711916,-8.667527020915601],[-36.690030666107326,-8.670233937732572],[-36.72489146509325,-8.648343219125806],[-36.72313672688925,-8.637633243893458],[-36.72372163962391,-8.632690178401612],[-36.72594430801564,-8.630454029726724],[-36.730038697158285,-8.629630185478083],[-36.73144248772148,-8.624922504057272],[-36.72781602876655,-8.620097130600934],[-36.72875188914201,-8.616684061570847],[-36.72921981932974,-8.607386390764749],[-36.73085757498679,-8.605503318196421],[-36.73612178959876,-8.606091778374031],[-36.743491690055514,-8.603502553592573],[-36.75905036879756,-8.599030256242807]]]}},{"type":"Feature","properties":{"nome":"Ibimirim","codigo_ibge":"2606606"},"geometry":{"type":"Polygon","coordinates":[[[-37.41169599813459,-8.814877449386971],[-37.47077218433555,-8.783806752009623],[-37.48001380554322,-8.784277520151694],[-37.48340629940428,-8.781688295370248],[-37.49171206023648,-8.782276755547851],[-37.498380065411645,-8.785807516613465],[-37.50013480361562,-8.791339042282912],[-37.50879151208864,-8.80322593787046],[-37.51873502857792,-8.802519785657335],[-37.5251690686592,-8.805697470616387],[-37.5279766497856,-8.80911053964647],[-37.53148612619356,-8.810522844072723],[-37.53207103892823,-8.8127589927476],[-37.536516375711685,-8.814171297173846],[-37.54189757287056,-8.811699764427923],[-37.54610894456013,-8.816172061777689],[-37.54903350823346,-8.815348217529044],[-37.55605246104941,-8.819820514878817],[-37.56412425678777,-8.824528196299632],[-37.570675279415994,-8.825587424619311],[-37.57874707515433,-8.823822044086505],[-37.58108672609298,-8.821821279482661],[-37.59231705059852,-8.832531254715008],[-37.64203463304489,-8.795929031668205],[-37.6499894462363,-8.791456734318434],[-37.65279702736268,-8.78839674139491],[-37.66788777591698,-8.782041371476817],[-37.67619353674921,-8.783689059974092],[-37.678650170234796,-8.790044429892188],[-37.68052189098571,-8.780158298908491],[-37.679469048063304,-8.778628302446721],[-37.67900111787559,-8.77133139624447],[-37.67233311270041,-8.76815371128542],[-37.667302863182314,-8.764152182077733],[-37.66157071838263,-8.763563721900137],[-37.65876313725626,-8.760268344905558],[-37.658178224521585,-8.754030667022986],[-37.660517875460236,-8.749087601531134],[-37.65923106744397,-8.741202235151288],[-37.660751840554084,-8.73790685815672],[-37.65852917216238,-8.73390532894903],[-37.65852917216238,-8.7308453360255],[-37.66391036932129,-8.72672611478229],[-37.671163287231096,-8.714603835123711],[-37.677714309859326,-8.714250759017151],[-37.679703013157166,-8.711779226271219],[-37.683680419752875,-8.710131537773927],[-37.693156006054416,-8.71083768998706],[-37.700642889058116,-8.709190001489779],[-37.70719391168635,-8.711543842200172],[-37.71608458525321,-8.710837689987057],[-37.71947707911426,-8.7122499944133],[-37.72403939844464,-8.710719997951541],[-37.72672999702409,-8.712485378484347],[-37.730356455979006,-8.711308458129135],[-37.73176024654219,-8.709072309454246],[-37.73702446115417,-8.709543077596337],[-37.74568116962716,-8.708954617418735],[-37.754220895553246,-8.709778461667375],[-37.76673802807504,-8.706130008566245],[-37.77539473654806,-8.702010787323031],[-37.7770324922051,-8.69965694661263],[-37.78159481153548,-8.698244642186385],[-37.78604014831891,-8.69824464218639],[-37.795632717167386,-8.693772344836624],[-37.80452339073427,-8.693654652801104],[-37.81294613411341,-8.69647926165359],[-37.814817854864344,-8.69930387050607],[-37.81902922655392,-8.700363098825752],[-37.82218775532109,-8.702716939536156],[-37.82908972559012,-8.702128479358558],[-37.832482219451165,-8.703070015642723],[-37.836225660953,-8.701775403251993],[-37.84242573594044,-8.701893095287524],[-37.84991261894412,-8.698362334221914],[-37.85377304299289,-8.695655417404947],[-37.85833536232327,-8.68824081916716],[-37.859037257604854,-8.683768521817397],[-37.86137690854352,-8.679296224467622],[-37.86827887881253,-8.675883155437536],[-37.87705256983249,-8.676118539508584],[-37.8785733429426,-8.671999318265373],[-37.882199801897535,-8.669174709412882],[-37.85295416516437,-8.595028727035128],[-37.83072748124717,-8.533240408386987],[-37.78767790397597,-8.413547608262876],[-37.69116730275656,-8.395540726828276],[-37.599336003414486,-8.31809936745595],[-37.599803933602196,-8.322453972770198],[-37.603196427463246,-8.326808578084448],[-37.601675654353116,-8.334929328535353],[-37.604015305291796,-8.34140239048896],[-37.60343039255713,-8.345639303767697],[-37.606120991136585,-8.349876217046422],[-37.60506814821417,-8.357761583426276],[-37.605887026042694,-8.360703884314283],[-37.61255503121786,-8.364823105557498],[-37.61512864725037,-8.367765406445496],[-37.61875510620529,-8.3683538666231],[-37.616766402907444,-8.374709236541204],[-37.618755106205285,-8.377886921500247],[-37.61770226328291,-8.386949208235311],[-37.618872088752234,-8.393186886117878],[-37.61817019347063,-8.400483792320133],[-37.61922303639303,-8.412959148085275],[-37.61220408357706,-8.414959912689124],[-37.606354956230426,-8.410840691445921],[-37.603079444916325,-8.410958383481427],[-37.60050582888381,-8.407898390557909],[-37.589275504378264,-8.40778069852239],[-37.583660342125526,-8.406603778167188],[-37.580150865717535,-8.404720705598855],[-37.57652440676262,-8.405662241883023],[-37.57512061619943,-8.409663771090717],[-37.572430017619986,-8.411899919765606],[-37.56318839641231,-8.412841456049756],[-37.55687133887795,-8.412488379943202],[-37.55464867048622,-8.418137597648169],[-37.55137315917211,-8.418726057825777],[-37.54868256059267,-8.423433739246587],[-37.54564101437242,-8.424728351637308],[-37.539791887025785,-8.431201413590918],[-37.53499560260154,-8.433672946336847],[-37.530433283271165,-8.432966794123725],[-37.52821061487945,-8.434143714478926],[-37.52633889412853,-8.440381392361507],[-37.5197878715003,-8.438262935722133],[-37.510312285198765,-8.440852160503585],[-37.50844056444786,-8.437439091473495],[-37.50610091350918,-8.436732939260374],[-37.50399522766442,-8.440616776432542],[-37.49756118758312,-8.440616776432543],[-37.49533851919139,-8.43767447554454],[-37.48925542675089,-8.441676004752225],[-37.487734653640764,-8.440381392361504],[-37.4807157008248,-8.440263700325984],[-37.47568545130671,-8.445324457853358],[-37.468549515943835,-8.448972910954476],[-37.46211547586254,-8.458741349902656],[-37.4598928074708,-8.459329810080268],[-37.449832308434615,-8.456152125121212],[-37.44503602401036,-8.456034433085694],[-37.44246240797784,-8.454504436623933],[-37.43883594902295,-8.456622893263296],[-37.43474155988031,-8.455092896801533],[-37.4336887169579,-8.451326751664888],[-37.43392268205177,-8.445559841924398],[-37.43017924054991,-8.443912153427105],[-37.42760562451742,-8.44532445785336],[-37.42772260706434,-8.448737526883443],[-37.42374520046863,-8.451915211842486],[-37.42046968915452,-8.450973675558318],[-37.420001758966805,-8.443206001213992],[-37.418364003309726,-8.440381392361498],[-37.41508849199562,-8.438380627757661],[-37.41111108539991,-8.433555254301332],[-37.40654876606953,-8.434496790585484],[-37.404794027865535,-8.432731410052684],[-37.403741184943144,-8.427552960489798],[-37.401401534004506,-8.427670652525316],[-37.39719016231494,-8.431083721555405],[-37.39578637175174,-8.429553725093639],[-37.396020336845616,-8.423316047211063],[-37.390990087327516,-8.421668358713777],[-37.38783155856032,-8.416725293221928],[-37.38362018687074,-8.41672529322193],[-37.38350320432381,-8.413312224191836],[-37.36852943831644,-8.418372981719214],[-37.390522157139785,-8.510878921638136],[-37.39835998778427,-8.623745583702068],[-37.406431783522606,-8.738730702405356],[-37.41169599813459,-8.814877449386971]]]}},{"type":"Feature","properties":{"nome":"São Vicente Férrer","codigo_ibge":"2613800"},"geometry":{"type":"Polygon","coordinates":[[[-35.51470701707541,-7.656787819867618],[-35.51809951093646,-7.658435508364896],[-35.520790109515914,-7.662319345537064],[-35.524767516111616,-7.658200124293853],[-35.52511846375241,-7.653963211015127],[-35.52699018450335,-7.652903982695447],[-35.52699018450335,-7.645136308351103],[-35.52207691753219,-7.6434886198538265],[-35.51552589490394,-7.644077080031431],[-35.51505796471621,-7.642194007463098],[-35.5196202840466,-7.6400755508237355],[-35.53038267836438,-7.626187890632347],[-35.531669486380636,-7.621715593282582],[-35.52839397506653,-7.614654071151357],[-35.52582035903402,-7.607592549020147],[-35.51833347603032,-7.6039440959190125],[-35.5214920047975,-7.600531026888923],[-35.52114105715672,-7.596411805645725],[-35.517982528389545,-7.5898210516565845],[-35.51517494726316,-7.586054906519946],[-35.518099510936466,-7.584995678200258],[-35.5239486382831,-7.589114899443467],[-35.52780906233187,-7.590174127763149],[-35.535880858070215,-7.58852643926586],[-35.53786956136807,-7.5866433666975395],[-35.537284648633424,-7.580641072886003],[-35.53295629439692,-7.573697242790317],[-35.52722414959721,-7.569931097653661],[-35.524416568470826,-7.559338814456836],[-35.5199712316874,-7.550394219757305],[-35.52137502225058,-7.541214240986719],[-35.51973726659352,-7.535447331246232],[-35.516695720373285,-7.53109272593198],[-35.51248434868371,-7.531445802038542],[-35.50897487227573,-7.523442743623154],[-35.5092088373696,-7.517440449811631],[-35.50195591945977,-7.512497384319777],[-35.49587282701927,-7.520265058664119],[-35.49049162986036,-7.53156349407406],[-35.48967275203185,-7.555925745426755],[-35.48183492138737,-7.55580805339123],[-35.47715561951006,-7.557220357817472],[-35.47423105583675,-7.552865752503226],[-35.465925295004524,-7.550864987899388],[-35.464638486988264,-7.553571904716345],[-35.46147995822108,-7.554160364893947],[-35.463234696425076,-7.557808817995077],[-35.46112901058028,-7.559338814456836],[-35.45703462143766,-7.558161894101642],[-35.456215743609114,-7.5655764923394155],[-35.45469497049899,-7.566282644552541],[-35.45177040682568,-7.578287232175609],[-35.45633272615605,-7.587937979088265],[-35.455279883233665,-7.590880279976271],[-35.4579704818131,-7.592410276438028],[-35.45843841200083,-7.597824110071968],[-35.450600581356355,-7.6010017950310145],[-35.450132651168616,-7.602767175563809],[-35.45925728982937,-7.610887926014715],[-35.462883748784286,-7.617125603897287],[-35.46112901058028,-7.6311309561242044],[-35.45797048181312,-7.638074786219899],[-35.45305721484195,-7.639722474717179],[-35.44861187805849,-7.639840166752703],[-35.44943075588702,-7.645136308351111],[-35.444985419103574,-7.6497262977363985],[-35.44568731438519,-7.69268389070129],[-35.46475546953519,-7.671263940236609],[-35.47504993366527,-7.677619310154707],[-35.48288776430975,-7.673970857053579],[-35.51470701707541,-7.656787819867618]]]}},{"type":"Feature","properties":{"nome":"Cumaru","codigo_ibge":"2604908"},"geometry":{"type":"Polygon","coordinates":[[[-35.65415021301907,-7.944309462643607],[-35.610398740466294,-8.011393922890157],[-35.60946288009082,-8.013159303422958],[-35.613323304139605,-8.0215154379449],[-35.62303285553502,-8.018337752985852],[-35.630051808350984,-8.023986970690832],[-35.63344430221202,-8.024457738832904],[-35.63402921494667,-8.029047728218194],[-35.63636886588533,-8.032460797248289],[-35.63987834229331,-8.042229236196462],[-35.64373876634209,-8.040581547699183],[-35.645025574358336,-8.043170772480622],[-35.653097370096695,-8.043641540622712],[-35.654969090847615,-8.04846691407904],[-35.6584785672556,-8.050232294611835],[-35.660818218194244,-8.046819225581759],[-35.66467864224302,-8.047054609652792],[-35.65075771915804,-8.073064549502773],[-35.64982185878259,-8.105312167235315],[-35.7183736312851,-8.108725236265412],[-35.8357071258585,-8.114492146005903],[-35.8364090211401,-8.109549080514055],[-35.831027823981195,-8.104723707057717],[-35.83336747491985,-8.101075253956592],[-35.83734488151555,-8.098015261033064],[-35.83465428293611,-8.083539140664074],[-35.838865654625685,-8.072829165431733],[-35.840152462641946,-8.071299168969972],[-35.83605807349931,-8.06659148754916],[-35.83079385888732,-8.063649186661149],[-35.833484457466774,-8.060236117631066],[-35.82927308577721,-8.05505766806817],[-35.825997574463074,-8.058706121169301],[-35.817808796177815,-8.056352280458889],[-35.813948372129026,-8.05270382735777],[-35.80330296035817,-8.044465384871353],[-35.79955951885632,-8.040699239734696],[-35.798623658480864,-8.032225413177246],[-35.795816077354466,-8.03069541671547],[-35.795231164619814,-8.026105427330185],[-35.788797124538526,-8.022927742371142],[-35.785872560865194,-8.015042375991287],[-35.7786196429554,-8.015160068026805],[-35.77241956796796,-8.011864691032239],[-35.76715535335599,-8.012806227316402],[-35.76001941799311,-8.012335459174315],[-35.7600194179931,-8.007863161824554],[-35.765400615152,-8.001978560048538],[-35.76212510383788,-8.001037023764377],[-35.75966847035229,-7.9965647264146025],[-35.75966847035229,-7.991739352958271],[-35.75510615102192,-7.99162166092275],[-35.75417029064647,-7.988561667999233],[-35.75779674960139,-7.987620131715061],[-35.756392959038195,-7.9803232255128025],[-35.757796749601376,-7.974909391878871],[-35.75452123828725,-7.973967855594713],[-35.74949098876916,-7.970201710458064],[-35.74071729774922,-7.9658471051438156],[-35.73521911804339,-7.966082489214852],[-35.72831714777435,-7.963610956468926],[-35.72012836948908,-7.961610191865084],[-35.714045277048584,-7.95913865911916],[-35.7008262492452,-7.956902510444272],[-35.68936195964579,-7.959256351154679],[-35.6867883436133,-7.958550198941565],[-35.68012033843814,-7.954077901591788],[-35.67415422854457,-7.95125329273931],[-35.66795415355712,-7.945957151140893],[-35.65415021301907,-7.944309462643607]]]}},{"type":"Feature","properties":{"nome":"Camocim de São Félix","codigo_ibge":"2603504"},"geometry":{"type":"Polygon","coordinates":[[[-35.75803071469525,-8.290441739108685],[-35.72948697324368,-8.31480399046138],[-35.73252851946394,-8.321865512592597],[-35.73475118785566,-8.32398396923197],[-35.734049292574056,-8.333752408180153],[-35.73849462935749,-8.338342397565436],[-35.73931350718604,-8.341402390488964],[-35.73685687370043,-8.34528622766113],[-35.73533610059031,-8.35187698165026],[-35.73299644965166,-8.355525434751389],[-35.73147567654155,-8.363293109095725],[-35.73334739729245,-8.369648479013831],[-35.72246802042774,-8.377298461322646],[-35.72433974117865,-8.378828457784408],[-35.72223405533387,-8.387537668412902],[-35.754989168475,-8.384830751595944],[-35.767857248637576,-8.383771523276256],[-35.77089879485782,-8.380123070175134],[-35.772653533061806,-8.373414624150472],[-35.816755953255424,-8.385889979915621],[-35.82120129003886,-8.388008436554982],[-35.8285711904956,-8.388714588768112],[-35.83886565462568,-8.388361512661549],[-35.8461185725355,-8.390950737442985],[-35.84553365980083,-8.37871076574888],[-35.8350052305769,-8.369060018836224],[-35.809503035345585,-8.361292344491893],[-35.80412183818669,-8.354701590502748],[-35.80494071601521,-8.347993144478092],[-35.801431239607254,-8.34363853916385],[-35.79967650140327,-8.337636245352314],[-35.79721986791766,-8.336459324997106],[-35.79254056604036,-8.32904472675934],[-35.79043488019559,-8.32739703826206],[-35.78540463067749,-8.327279346226527],[-35.78353290992655,-8.324337045338526],[-35.77323844579649,-8.317157831171793],[-35.76914405665385,-8.313509378070657],[-35.770313882123176,-8.31127322939577],[-35.775578096735124,-8.30762477629465],[-35.775344131641276,-8.301034022305508],[-35.77698188729831,-8.298327105488555],[-35.75803071469525,-8.290441739108685]]]}},{"type":"Feature","properties":{"nome":"Vicência","codigo_ibge":"2616308"},"geometry":{"type":"Polygon","coordinates":[[[-35.259568082215424,-7.675618545550857],[-35.2961836194053,-7.711043848242448],[-35.322036762277435,-7.70292309779156],[-35.33958414431729,-7.708219239389968],[-35.35607868343481,-7.709631543816215],[-35.362746688609974,-7.704453094253323],[-35.369999606519784,-7.695508499553786],[-35.38473940743329,-7.72375458807864],[-35.410592550305395,-7.733876103133385],[-35.41281521869712,-7.740466857122514],[-35.41913227623147,-7.7212830553327185],[-35.42767200215756,-7.713397688952863],[-35.44568731438519,-7.69268389070129],[-35.444985419103574,-7.6497262977363985],[-35.44943075588702,-7.645136308351111],[-35.44861187805849,-7.639840166752703],[-35.45305721484195,-7.639722474717179],[-35.45797048181312,-7.638074786219899],[-35.46112901058028,-7.6311309561242044],[-35.462883748784286,-7.617125603897287],[-35.45925728982937,-7.610887926014715],[-35.450132651168616,-7.602767175563809],[-35.44849489551157,-7.607239472913586],[-35.43995516958548,-7.610417157872639],[-35.42884182762689,-7.61641945168416],[-35.41971718896614,-7.614065610973757],[-35.41480392199499,-7.61571329947104],[-35.41141142813393,-7.6197148286787355],[-35.408135916819816,-7.620067904785288],[-35.403573597489434,-7.61712560389729],[-35.39632067957963,-7.619244060536652],[-35.388131901294344,-7.617243295932808],[-35.38684509327808,-7.61830252425249],[-35.383218634323164,-7.611711770263354],[-35.372690205099246,-7.613124074689601],[-35.36894676359739,-7.611829462298872],[-35.36379953153235,-7.61630175964864],[-35.359939107483584,-7.6163017596486435],[-35.35619566598174,-7.612417922476474],[-35.34847481788419,-7.611005618050232],[-35.33478785989308,-7.613947918938245],[-35.33162933112589,-7.6121825384054365],[-35.32437641321608,-7.610299465837115],[-35.316304617477726,-7.612535614511994],[-35.313731001445205,-7.610181773801595],[-35.30729696136392,-7.6121825384054365],[-35.29969309581329,-7.604297172025576],[-35.299576113266355,-7.60229640742174],[-35.29325905573199,-7.59900103042716],[-35.286357085462974,-7.599001030427166],[-35.28378346943045,-7.598059494143008],[-35.27290409256572,-7.591233356082832],[-35.25734541382369,-7.643488619853825],[-35.25406990250957,-7.646666304812874],[-35.255239727978896,-7.6497262977364],[-35.258281274199135,-7.651491678269196],[-35.2606209251378,-7.657964740222816],[-35.25699446618288,-7.660671657039782],[-35.25793032655836,-7.673382396875968],[-35.259568082215424,-7.675618545550857]]]}},{"type":"Feature","properties":{"nome":"Afogados Da Ingazeira","codigo_ibge":"2600104"},"geometry":{"type":"Polygon","coordinates":[[[-37.617234333095176,-7.894525731618542],[-37.67163121741883,-7.823322050128784],[-37.692805058413626,-7.812965151003],[-37.68754084380166,-7.812376690825402],[-37.68368041975288,-7.80766900940459],[-37.6826275768305,-7.802490559841696],[-37.68707291361394,-7.801195947450978],[-37.68952954709951,-7.792486736822476],[-37.693039023507495,-7.791074432396235],[-37.696548499915465,-7.785189830620214],[-37.70192969707438,-7.782600605838767],[-37.70508822584155,-7.77906984477316],[-37.70602408621703,-7.7715375544998695],[-37.700993836698906,-7.7681244854697855],[-37.69877116830721,-7.763887572191047],[-37.68683894852008,-7.7624752677648035],[-37.682744559377426,-7.761062963338571],[-37.685201192863026,-7.7562375898822316],[-37.6833294721121,-7.752589136781102],[-37.688593686724055,-7.745527614649888],[-37.68730687870781,-7.743291465975006],[-37.6923371282259,-7.737642248270034],[-37.693740918789075,-7.730463034103296],[-37.6916352329443,-7.728933037641537],[-37.693039023507495,-7.725637660646967],[-37.69292204096056,-7.7217538234747956],[-37.69654849991547,-7.719282290728869],[-37.693974883882966,-7.71563383762774],[-37.69292204096055,-7.7111615402779705],[-37.690582390021916,-7.708101547354442],[-37.689880494740315,-7.7013931013297965],[-37.69093333766271,-7.689741589813286],[-37.688827651817924,-7.68350391193071],[-37.684850245222215,-7.677972386261264],[-37.68520119286301,-7.672911628733895],[-37.686838948520084,-7.6702047119169245],[-37.685669123050744,-7.666203182709235],[-37.68742386125472,-7.664084726069867],[-37.68297852447131,-7.653610134908561],[-37.68005396079798,-7.652550906588881],[-37.68122378626731,-7.648078609239109],[-37.68017094334491,-7.645371692422153],[-37.68449929758142,-7.642547083569663],[-37.689880494740315,-7.633720180905646],[-37.70005797632344,-7.6244225100995475],[-37.70485426074769,-7.61689021982624],[-37.70075987160505,-7.617125603897287],[-37.69315600605443,-7.619361752572177],[-37.688125756536344,-7.618184832216962],[-37.684733262675266,-7.6145363791158465],[-37.680755856079564,-7.613712534867201],[-37.679703013157166,-7.609475621588471],[-37.677363362218514,-7.607592549020147],[-37.67502371127989,-7.610299465837119],[-37.673151990528964,-7.616654835755204],[-37.66496321224366,-7.617478680003848],[-37.66086882310101,-7.616066375577604],[-37.65817822452157,-7.617125603897284],[-37.65595555612987,-7.6138302269027225],[-37.651393236799485,-7.617478680003841],[-37.64507617926512,-7.633720180905644],[-37.6395779995593,-7.63372018090564],[-37.63723834862065,-7.637486326042298],[-37.63396283730653,-7.63842786232646],[-37.628581640147644,-7.633955564976686],[-37.62015889676849,-7.631130956124198],[-37.61805321092369,-7.627600195058591],[-37.61161917084242,-7.62642327470339],[-37.60939650245068,-7.6288948074493135],[-37.607056851512034,-7.626894042845465],[-37.600856776524594,-7.628659423378273],[-37.59875109067982,-7.627011734880989],[-37.59606049210037,-7.629600959662439],[-37.59372084116171,-7.626776350809944],[-37.58822266145589,-7.629600959662437],[-37.58319241193777,-7.630307111875559],[-37.578747075154354,-7.634779409225326],[-37.57079226196292,-7.632778644621482],[-37.568920541212,-7.634661717189804],[-37.56470916952242,-7.634897101260853],[-37.5588600421758,-7.639251706575094],[-37.55687133887793,-7.642664775605189],[-37.5599128850982,-7.646077844635268],[-37.55499961812702,-7.64960860570088],[-37.55067126389052,-7.651373986233686],[-37.55008635115584,-7.659259352613539],[-37.55394677520463,-7.661024733146345],[-37.54973540351505,-7.66432011014091],[-37.55055428134359,-7.666085490673717],[-37.55687133887795,-7.669380867668279],[-37.55429772284542,-7.672323168556283],[-37.553127897376115,-7.679266998651987],[-37.55488263558009,-7.685740060605597],[-37.557924181800345,-7.686916980960797],[-37.55616944359634,-7.691624662381607],[-37.55663737378408,-7.694566963269616],[-37.55219203700063,-7.703511557969155],[-37.55546754831474,-7.707395395141334],[-37.555116600673955,-7.711632308420061],[-37.55663737378407,-7.715045377450137],[-37.55394677520463,-7.718576138515752],[-37.551022211531304,-7.71845844648023],[-37.549501438421196,-7.713750765059413],[-37.54751273512332,-7.711750000455582],[-37.54388627616842,-7.711750000455571],[-37.54107869504204,-7.716928450018471],[-37.537920166274866,-7.717987678338153],[-37.537452236087134,-7.7277561172863285],[-37.53359181203835,-7.735170715524102],[-37.529497422895695,-7.73940762880284],[-37.526572859222384,-7.744703770401243],[-37.52435019083068,-7.752471444745584],[-37.5218935573451,-7.75329528899423],[-37.52376527809602,-7.758356046521599],[-37.524701138471485,-7.765535260688329],[-37.53207103892823,-7.774362163352357],[-37.53452767241381,-7.780835225305963],[-37.53745223608713,-7.780835225305961],[-37.540493782307394,-7.786013674868856],[-37.54447118890309,-7.787779055401661],[-37.54868256059266,-7.79283981292903],[-37.55265996718837,-7.794840577532877],[-37.55535056576783,-7.799548258953684],[-37.559210989816606,-7.803196712054818],[-37.56482615206935,-7.805903628871782],[-37.56751675064881,-7.814612839500285],[-37.57348286054237,-7.8184966766724475],[-37.57921500534206,-7.82096820941838],[-37.580618795905266,-7.8243812784484685],[-37.57699233695034,-7.827441271371985],[-37.58599999306417,-7.832502028899356],[-37.5958265270065,-7.839681243066105],[-37.60062281143074,-7.846271997055229],[-37.60577004349578,-7.851568138653649],[-37.60963046754456,-7.8499204501563655],[-37.61150218829548,-7.852980443079888],[-37.60471720057338,-7.860041965211104],[-37.60389832274485,-7.862631189992539],[-37.60670590387122,-7.867927331590966],[-37.60787572934057,-7.8729880891183255],[-37.612087101030134,-7.87993191921403],[-37.6187551062053,-7.8825211439954685],[-37.620743809503146,-7.886169597096598],[-37.617234333095176,-7.894525731618542]]]}},{"type":"Feature","properties":{"nome":"Casinhas","codigo_ibge":"2604155"},"geometry":{"type":"Polygon","coordinates":[[[-35.707962184608085,-7.831442800579677],[-35.711705626109946,-7.830501264295512],[-35.717086823268815,-7.826264351016782],[-35.717905701097365,-7.8294420359758385],[-35.7216491425992,-7.831560492615198],[-35.72574353174185,-7.826970503229903],[-35.72562654919492,-7.8253228147326235],[-35.73042283361916,-7.822615897915664],[-35.73217757182314,-7.817790524459334],[-35.734283257667926,-7.815907451891001],[-35.738494629357504,-7.8168489881751695],[-35.7391965246391,-7.823322050128776],[-35.742706001047075,-7.820850517382857],[-35.74516263453265,-7.815436683748929],[-35.750777796785435,-7.813906687287159],[-35.75229856989554,-7.809199005866353],[-35.75183063970782,-7.805785936836261],[-35.76013640054005,-7.802255175770656],[-35.75955148780536,-7.798959798776083],[-35.76177415619708,-7.7933105810711085],[-35.764698719870395,-7.789662127969988],[-35.76738931844986,-7.784248294336059],[-35.766102510433605,-7.77365601113923],[-35.76657044062132,-7.771772938570909],[-35.78984996746092,-7.740466857122512],[-35.786574456146816,-7.739054552696277],[-35.780608346253246,-7.738348400483147],[-35.77288749815569,-7.732110722600575],[-35.76762328354372,-7.726696888966652],[-35.758966575070694,-7.722459975687923],[-35.75183063970781,-7.723636896043125],[-35.74726832037745,-7.7231661279010355],[-35.74305694868788,-7.713750765059413],[-35.736505926059635,-7.709631543816212],[-35.72820016522744,-7.707983855318931],[-35.72141517750534,-7.709513851780691],[-35.713577346860866,-7.707395395141321],[-35.711588643563,-7.705159246466445],[-35.70936597517129,-7.698921568583864],[-35.70679235913877,-7.695743883624822],[-35.70012435396361,-7.69186004645265],[-35.69532806953937,-7.693978503092015],[-35.69369031388231,-7.699745412832511],[-35.68994687238045,-7.700686949116669],[-35.68409774503383,-7.707748471247891],[-35.67988637334427,-7.7036292500046795],[-35.6789505129688,-7.706689242928203],[-35.68152412900133,-7.709278467709644],[-35.68070525117278,-7.711750000455581],[-35.67742973985869,-7.71280922877526],[-35.67427121109151,-7.723401511972085],[-35.66959190921419,-7.7302276500322495],[-35.66725225827554,-7.731993030565057],[-35.666199415353134,-7.737053788092436],[-35.66421071205531,-7.739054552696275],[-35.65648986395774,-7.743056081903963],[-35.65145961443963,-7.747646071289259],[-35.65052375406418,-7.752942212887673],[-35.64748220784393,-7.753177596958703],[-35.63964437719945,-7.757885278379524],[-35.64397273143595,-7.759768350947848],[-35.65216150972123,-7.7591798907702465],[-35.6534483177375,-7.757414510237437],[-35.670176821948864,-7.756355281917758],[-35.67204854269977,-7.760474503160966],[-35.670995699777386,-7.7757744677785885],[-35.70573951621636,-7.775539083707558],[-35.70819614970194,-7.783424450087411],[-35.707845202061165,-7.786484443010948],[-35.71112071337525,-7.792015968680388],[-35.70959994026515,-7.797312110278796],[-35.70971692281206,-7.804138248338974],[-35.7108867482814,-7.805432860729697],[-35.7108867482814,-7.8130828430385195],[-35.71252450393847,-7.816378220033081],[-35.70924899262435,-7.817437448352769],[-35.70901502753049,-7.8287358837627075],[-35.707962184608085,-7.831442800579677]]]}},{"type":"Feature","properties":{"nome":"Moreilândia","codigo_ibge":"2614303"},"geometry":{"type":"Polygon","coordinates":[[[-39.615998129985684,-7.703746942040191],[-39.613190548859315,-7.703158481862591],[-39.613541496500105,-7.6973915721221084],[-39.609915037545186,-7.695979267695863],[-39.6109678804676,-7.693036966807854],[-39.606288578590274,-7.685622368570082],[-39.60886219462281,-7.68044391900719],[-39.604884788027086,-7.6783254623678205],[-39.60511875312096,-7.674323933160136],[-39.6092131422636,-7.671970092449735],[-39.60897917716974,-7.6682039473130725],[-39.61295658376544,-7.664555494211945],[-39.6099150375452,-7.661613193323946],[-39.610032020092135,-7.654080903050654],[-39.614945287063286,-7.650785526056077],[-39.61681700781421,-7.6439593879959045],[-39.61517925215716,-7.63819247825541],[-39.612020723389975,-7.638898630468534],[-39.608862194622795,-7.634308641083249],[-39.606171596043346,-7.633131720728039],[-39.60254513708844,-7.627247118952037],[-39.60500177057403,-7.621715593282581],[-39.60184324180684,-7.616419451684166],[-39.60219418944765,-7.610770233979196],[-39.59903566068046,-7.606886396807031],[-39.592835585693024,-7.603237943705899],[-39.58698645834641,-7.60088410299549],[-39.58488077250161,-7.5965294976812405],[-39.57786181968565,-7.597117957858845],[-39.57774483713872,-7.593704888828753],[-39.57271458762063,-7.589114899443471],[-39.568971146118784,-7.579817228637366],[-39.56639753008626,-7.577110311820395],[-39.56277107113136,-7.57758107996248],[-39.5568049612378,-7.57051955783126],[-39.55388039756448,-7.568989561369499],[-39.55271057209516,-7.564634956055258],[-39.555167205580744,-7.561221887025169],[-39.556454013597,-7.550394219757295],[-39.56043142019271,-7.547216534798254],[-39.56230314094363,-7.539566552489439],[-39.55867668198871,-7.534741179033109],[-39.55832573434792,-7.528738885221576],[-39.5500199735157,-7.520500442735162],[-39.549902990968775,-7.5172050657405824],[-39.54615954946692,-7.50990815953833],[-39.54721239238931,-7.508025086970007],[-39.54592558437306,-7.5035527896202305],[-39.54580860182612,-7.483898219688356],[-39.54323498579362,-7.484722063936994],[-39.53644999807153,-7.482485915262111],[-39.521593214611066,-7.472599784278415],[-39.51211762830955,-7.4671859506444775],[-39.50240807691413,-7.464125957720955],[-39.492464560424864,-7.471305171887689],[-39.48731732835983,-7.4727174763139255],[-39.47550209111964,-7.472717476313932],[-39.46789822556901,-7.469539791354875],[-39.46076229020612,-7.471187479852163],[-39.45830565672052,-7.474482856846739],[-39.4567848836104,-7.480485150658265],[-39.45573204068801,-7.50190510112296],[-39.45725281379814,-7.506142014401685],[-39.469652963773,-7.520618134770674],[-39.47667191658895,-7.527091196724284],[-39.482521043935584,-7.530033497612289],[-39.484743712327315,-7.532858106464781],[-39.48427578213958,-7.5410965489512005],[-39.47655493404203,-7.553336520645303],[-39.47550209111963,-7.563340343664531],[-39.473513387821775,-7.572873398541666],[-39.47058882414844,-7.575815699429676],[-39.46579253972422,-7.574638779074469],[-39.46017737747146,-7.576051083500722],[-39.44766024494965,-7.5722849383640645],[-39.440875257227574,-7.572991090577197],[-39.434909147334,-7.573697242790315],[-39.42332787518769,-7.586761058733066],[-39.42285994499996,-7.592174892366994],[-39.420637276608254,-7.603002559634855],[-39.41853159076345,-7.604885632203183],[-39.40964091719658,-7.604885632203183],[-39.39922947051958,-7.606415628664938],[-39.39185957006282,-7.608181009197742],[-39.40788617899258,-7.631130956124203],[-39.41584099218401,-7.634190949047722],[-39.41981839877972,-7.641840931356535],[-39.42438071811008,-7.645136308351108],[-39.428943037440455,-7.646077844635273],[-39.43642992044415,-7.652197830482322],[-39.442513012884625,-7.659141660578019],[-39.44730929730888,-7.65937704464906],[-39.45011687843525,-7.653374750837532],[-39.4545622152187,-7.652903982695447],[-39.45596600578189,-7.655375515441366],[-39.45970944728373,-7.655846283583451],[-39.466494435005814,-7.660671657039786],[-39.47947949771533,-7.666909334922356],[-39.483690869404924,-7.668203947313075],[-39.48638146798436,-7.667262411028915],[-39.49187964769019,-7.669145483597244],[-39.49211361278406,-7.673029320769407],[-39.49527214155125,-7.677737002190221],[-39.50182316417947,-7.67973776679406],[-39.50123825144479,-7.689270821671201],[-39.50556660568132,-7.6918600464526525],[-39.509660994823946,-7.697862340264183],[-39.509894959917816,-7.707630779212372],[-39.50498169294664,-7.71304461284629],[-39.50498169294666,-7.717399218160548],[-39.501121268897876,-7.727049965073206],[-39.514106331607394,-7.730109957996729],[-39.51223461085645,-7.732581490742657],[-39.51211762830953,-7.738348400483149],[-39.51504219198284,-7.739525320838357],[-39.51738184292149,-7.742467621726362],[-39.522295109892674,-7.73858378455419],[-39.530015957990216,-7.7427030057974005],[-39.54007645702642,-7.741761469513246],[-39.541246282495756,-7.74046685712252],[-39.54709540984238,-7.740113781015961],[-39.54861618295252,-7.741643777477717],[-39.554231345205274,-7.740349165087004],[-39.56136728056815,-7.740937625264596],[-39.56897114611879,-7.7389368606607505],[-39.570725884322776,-7.743173773939487],[-39.573416482902225,-7.7436445420815705],[-39.57552216874701,-7.749764527928614],[-39.57587311638779,-7.756119897846715],[-39.57856371496724,-7.7597683509478435],[-39.582892069203766,-7.758944506699204],[-39.58569965033015,-7.760592195196483],[-39.5866355107056,-7.765182184581775],[-39.59026196966053,-7.765770644759376],[-39.59423937625623,-7.763063727942409],[-39.59798281775806,-7.757885278379519],[-39.600907381431384,-7.7557668217401545],[-39.60804331679428,-7.753648365100791],[-39.6095640899044,-7.752236060674542],[-39.610733915373714,-7.744939154472283],[-39.61003202009214,-7.731875338529541],[-39.61342451395318,-7.72869765357049],[-39.61705097290807,-7.722813051794476],[-39.61670002526728,-7.720223827013032],[-39.61213770593691,-7.717634602231584],[-39.610967880467584,-7.712338460633175],[-39.61365847904704,-7.705865398679559],[-39.615998129985684,-7.703746942040191]]]}},{"type":"Feature","properties":{"nome":"Ibirajuba","codigo_ibge":"2606705"},"geometry":{"type":"Polygon","coordinates":[[[-36.09494044986117,-8.59114488986295],[-36.10067259466085,-8.60079563677561],[-36.10710663474215,-8.602914093414979],[-36.10991421586854,-8.601031020846658],[-36.114242570105034,-8.604914858018818],[-36.120910575280206,-8.607739466871312],[-36.12558987715749,-8.611387919972444],[-36.12851444083081,-8.609504847404112],[-36.13763907949155,-8.620097130600936],[-36.14021269552406,-8.620097130600945],[-36.14933733418482,-8.626452500519028],[-36.151326037482676,-8.629747877513593],[-36.154484566249835,-8.630571721762244],[-36.157292147376225,-8.635044019112014],[-36.16442808273913,-8.641870157172187],[-36.16466204783299,-8.64528322620227],[-36.16782057660018,-8.647283990806113],[-36.17039419263269,-8.650814751871723],[-36.17881693601181,-8.659877038606782],[-36.181741499685145,-8.664820104098638],[-36.18688873175018,-8.711896918306735],[-36.19484354494159,-8.712367686448815],[-36.248304568889786,-8.655287049221497],[-36.26830858441528,-8.624451735915187],[-36.2927579367242,-8.631277873975355],[-36.27380676412109,-8.562310341160487],[-36.273338833933394,-8.56066265266321],[-36.267138758945954,-8.562428033196008],[-36.22970434392752,-8.57302031639283],[-36.16817152424097,-8.546304224329734],[-36.09494044986117,-8.59114488986295]]]}},{"type":"Feature","properties":{"nome":"Tacaimbó","codigo_ibge":"2614709"},"geometry":{"type":"Polygon","coordinates":[[[-36.20712671236953,-8.225593427537026],[-36.193088806737606,-8.236185710733848],[-36.18490002845232,-8.256075664736777],[-36.18747364448484,-8.259371041731344],[-36.1991718991781,-8.266432563862562],[-36.21157204915297,-8.271846397496494],[-36.21063618877751,-8.274200238206891],[-36.21180601424682,-8.27973176387634],[-36.215666438295614,-8.281614836444671],[-36.22701374534805,-8.283733293084033],[-36.22830055336433,-8.285263289545796],[-36.227598658082734,-8.292795579819103],[-36.223153321299286,-8.30986092496954],[-36.22385521658088,-8.312685533822021],[-36.21695324631187,-8.314333222319304],[-36.21426264773242,-8.318805519669075],[-36.216602298671056,-8.323277817018843],[-36.219058932156656,-8.324690121445089],[-36.21800608923424,-8.332222411718387],[-36.2142626477324,-8.336930093139193],[-36.21051920623056,-8.338930857743037],[-36.21297583971615,-8.343638539163841],[-36.20899843312044,-8.353760054218595],[-36.21320980481001,-8.359526963959077],[-36.21391170009162,-8.366117717948221],[-36.216134368483345,-8.37059001529798],[-36.220579705266765,-8.37141385954663],[-36.22245142601769,-8.37329693211495],[-36.2257269373318,-8.380123070175129],[-36.22701374534805,-8.38765536044842],[-36.23087416939685,-8.394128422402037],[-36.23204399486616,-8.401543020639815],[-36.22607788497261,-8.408722234806547],[-36.217421176499585,-8.41613683304432],[-36.21730419395266,-8.41931451800338],[-36.221047635454504,-8.420844514465134],[-36.221749530736105,-8.423669123317621],[-36.214964543014,-8.431436797661958],[-36.21566643829559,-8.436497555189328],[-36.2181230717812,-8.442499849000866],[-36.217187211405744,-8.448266758741358],[-36.212507909528426,-8.452268287949046],[-36.22420616422167,-8.453915976446329],[-36.33639242673005,-8.394952266650682],[-36.33264898522821,-8.381653066636893],[-36.36119272667977,-8.389185356910193],[-36.33487165361993,-8.322100896663637],[-36.336743374370855,-8.318923211704599],[-36.336743374370855,-8.314450914354826],[-36.33861509512177,-8.305388627619758],[-36.333233897962856,-8.296326340884713],[-36.31510160318833,-8.290794815215248],[-36.315920481016846,-8.296090956813666],[-36.30410524377665,-8.28632251786549],[-36.28772768720609,-8.284674829368207],[-36.28456915843891,-8.282909448835394],[-36.28035778674932,-8.284439445297158],[-36.267372724039824,-8.283615601048513],[-36.2637462650849,-8.27996714794739],[-36.2554405042527,-8.276554078917304],[-36.251697062750836,-8.27573023466866],[-36.242455441543164,-8.268551020501924],[-36.23906294768213,-8.263137186867995],[-36.23134209958456,-8.256075664736777],[-36.22268539111157,-8.249484910747638],[-36.22046272271983,-8.24642491782411],[-36.21707022885878,-8.24477722932683],[-36.215198508107875,-8.241599544367787],[-36.208179555291906,-8.239128011621862],[-36.20642481708793,-8.23583263462729],[-36.207945590198044,-8.228653420460553],[-36.20712671236953,-8.225593427537026]]]}},{"type":"Feature","properties":{"nome":"Tracunhaém","codigo_ibge":"2615508"},"geometry":{"type":"Polygon","coordinates":[[[-35.0981321674484,-7.715163069485665],[-35.0995359580116,-7.7173992181605415],[-35.09953595801159,-7.722813051794483],[-35.10561905045209,-7.726579196931131],[-35.11053231742326,-7.735876867737227],[-35.1117021428926,-7.7409376252646025],[-35.11018136978247,-7.749176067751018],[-35.1167323924107,-7.75706143413087],[-35.120241868818674,-7.76624141290146],[-35.12620797871224,-7.770007558038108],[-35.14001191925029,-7.794487501426321],[-35.14597802914384,-7.826735119158871],[-35.226111073792666,-7.821321285524935],[-35.25219818175866,-7.808728237724274],[-35.248220775162956,-7.796370573994649],[-35.24155276998779,-7.7917805846093575],[-35.221431771915384,-7.779540612915243],[-35.212190150707706,-7.7733029350326674],[-35.21113730778532,-7.771655246535385],[-35.19979000073285,-7.768006793434258],[-35.19885414035737,-7.762357575729293],[-35.1932389781046,-7.7584737385571225],[-35.18376339180307,-7.7602391190899205],[-35.1820086535991,-7.75635528191775],[-35.179318055019635,-7.755531437669107],[-35.17744633426871,-7.752589136781102],[-35.17592556115859,-7.744350694294692],[-35.17323496257915,-7.743526850046051],[-35.17452177059539,-7.737289172163469],[-35.169725486171146,-7.735523791630665],[-35.16808773051412,-7.732463798707136],[-35.16995945126504,-7.727403041179775],[-35.16457825410613,-7.724696124362802],[-35.15966498713497,-7.72563766064697],[-35.15592154563313,-7.719399982764398],[-35.149136557911014,-7.713515380988385],[-35.150774313568064,-7.708690007532053],[-35.155570597992316,-7.709513851780694],[-35.15814421402483,-7.703746942040196],[-35.16106877769816,-7.700922333187718],[-35.15861214421258,-7.698803876548349],[-35.157442318743236,-7.688446977422556],[-35.14901957536411,-7.6891531296356845],[-35.147498802253985,-7.687034672996318],[-35.135332617372974,-7.6805616110427035],[-35.137204338123915,-7.657023203938649],[-35.13170615841808,-7.659377044649061],[-35.13006840276102,-7.662437037572582],[-35.12655892635305,-7.6630254977501915],[-35.12187962447572,-7.6694985597038],[-35.12164565938185,-7.670440095987965],[-35.10842663157848,-7.6793846906875025],[-35.09158114482018,-7.692448506630251],[-35.09099623208553,-7.697273880086589],[-35.09310191793029,-7.7005692570811455],[-35.094622691040435,-7.706218474786121],[-35.09789820235455,-7.709396159745173],[-35.0981321674484,-7.715163069485665]]]}},{"type":"Feature","properties":{"nome":"Lagoa do Carro","codigo_ibge":"2608453"},"geometry":{"type":"Polygon","coordinates":[[[-35.28939863168322,-7.874400393544576],[-35.294077933560516,-7.876871926290494],[-35.297938357609304,-7.883462680279634],[-35.305425240613,-7.884168832492758],[-35.31630461747772,-7.887228825416287],[-35.32238770991823,-7.884521908599321],[-35.32823683726483,-7.880284995320584],[-35.332448208954425,-7.88075576346266],[-35.334319929705345,-7.883227296208588],[-35.33502182498695,-7.891230354623973],[-35.336542598097054,-7.895349575867174],[-35.339701126864256,-7.894996499760623],[-35.34274267308448,-7.8912303546239695],[-35.34648611458635,-7.889582666126686],[-35.34999559099432,-7.891112662588455],[-35.355376788153215,-7.890641894446376],[-35.36029005512438,-7.883698064350681],[-35.36239574096918,-7.877695770539142],[-35.36999960651979,-7.870634248407924],[-35.37070150180137,-7.8682804076975215],[-35.36976564142593,-7.860277349282142],[-35.38824888384127,-7.850391218298446],[-35.405679283334216,-7.825087430661585],[-35.40041506872227,-7.826970503229906],[-35.39585274939189,-7.8274412713719945],[-35.388599831482075,-7.823910510306384],[-35.384973372527156,-7.819673597027649],[-35.381931826306925,-7.820379749240778],[-35.37631666405414,-7.818378984636931],[-35.36976564142592,-7.821792053667019],[-35.36543728718941,-7.825675890839182],[-35.358886264561185,-7.82685281119439],[-35.35912022965507,-7.828971267833754],[-35.34835783533725,-7.828618191727195],[-35.34578421930475,-7.825911274910229],[-35.33431992970535,-7.822380513844612],[-35.331980278766686,-7.824734354555028],[-35.32367451793447,-7.82355743419982],[-35.3198140938857,-7.824852046590539],[-35.31922918115102,-7.830148188188958],[-35.3161876349308,-7.830383572260003],[-35.31291212361667,-7.828382807656153],[-35.30694601372311,-7.826852811194383],[-35.30156481656422,-7.827205887300944],[-35.297236462327696,-7.824145894377428],[-35.29536474157678,-7.8212035934894155],[-35.29279112554427,-7.8232043580932675],[-35.291387334981074,-7.828618191727199],[-35.28553820763445,-7.834620485538727],[-35.28237967886727,-7.840034319172662],[-35.28612312036912,-7.842741235989622],[-35.286708033103764,-7.846860457232837],[-35.28378346943047,-7.847448917410432],[-35.28378346943047,-7.853568903257494],[-35.286708033103764,-7.863808110347754],[-35.29033449205867,-7.870163480265839],[-35.28939863168322,-7.874400393544576]]]}},{"type":"Feature","properties":{"nome":"Sirinhaém","codigo_ibge":"2614204"},"geometry":{"type":"Polygon","coordinates":[[[-35.27267012747185,-8.487693590640646],[-35.27267012747185,-8.478160535763502],[-35.2401489794246,-8.475218234875504],[-35.22283556247857,-8.478042843727989],[-35.20294852950001,-8.478984380012145],[-35.16797074796719,-8.478513611870065],[-35.16329144608987,-8.485810518072322],[-35.157208353649374,-8.488635126924805],[-35.151710173943535,-8.48745820656961],[-35.14539311640919,-8.489458971173454],[-35.14270251782973,-8.49451972870082],[-35.14235157018893,-8.500522022512348],[-35.1260909961653,-8.519352748195596],[-35.07754323918827,-8.52935657121482],[-35.07578850098429,-8.536300401310518],[-35.077660221735194,-8.539595778305078],[-35.082105558518634,-8.542655771228604],[-35.08292443634717,-8.546421916365258],[-35.081052715596236,-8.552071134070225],[-35.08081875050238,-8.556425739384476],[-35.07485264060881,-8.55925034823696],[-35.07099221656004,-8.56431110576433],[-35.06923747835604,-8.571961088073154],[-35.07052428637231,-8.579022610204369],[-35.0733318674987,-8.582671063305497],[-35.06935446090299,-8.584083367731742],[-35.066897827417414,-8.589261817294632],[-35.06350533355634,-8.593851806679915],[-35.06526007176036,-8.597264875710005],[-35.059878874601445,-8.60126640491769],[-35.05765620620972,-8.604444089876742],[-35.053795782160954,-8.607268698729225],[-35.04958441047139,-8.606444854480584],[-35.04818061990818,-8.609387155368596],[-35.04771268972047,-8.612682532363168],[-35.0500523406591,-8.613741760682839],[-35.05496560763027,-8.619508670423334],[-35.070758251466195,-8.650343983729641],[-35.07344885004564,-8.660112422677829],[-35.07239600712323,-8.665761640382792],[-35.07064126891926,-8.668350865164244],[-35.071811094388565,-8.672705470478498],[-35.07602246607814,-8.6744708510113],[-35.083977279269575,-8.681650065178033],[-35.08456219200422,-8.687534666954038],[-35.08783770331832,-8.690830043948615],[-35.09544156886895,-8.687652358989567],[-35.10257750423185,-8.686475438634362],[-35.10819266648461,-8.684827750137076],[-35.1128719683619,-8.679296224467627],[-35.114743689112835,-8.671763934194331],[-35.11661540986377,-8.661171650997504],[-35.119656956084,-8.66117165099751],[-35.122113589569594,-8.657640889931896],[-35.12574004852452,-8.64751937487715],[-35.131472193324214,-8.644223997882584],[-35.137204338123894,-8.646695530628515],[-35.140596831984936,-8.64563630230883],[-35.18247658378683,-8.585848748264544],[-35.181774688505214,-8.593616422608882],[-35.183646409256134,-8.59808871995865],[-35.18364640925615,-8.603149477486028],[-35.18610304274172,-8.606797930587147],[-35.18867665877425,-8.613388684576286],[-35.193706908292356,-8.620332514671976],[-35.19265406536994,-8.62327481555998],[-35.19628052432486,-8.627864804945276],[-35.198386210169645,-8.634573250969938],[-35.201661721483774,-8.640222468674901],[-35.212424115801575,-8.649755523552049],[-35.21429583655249,-8.647872450983723],[-35.220963841727645,-8.64928475540996],[-35.22494124832336,-8.652109364262449],[-35.228567707278266,-8.65046167576516],[-35.23336399170249,-8.653521668688692],[-35.23780932848592,-8.653757052759735],[-35.240265961971524,-8.652109364262445],[-35.24775284497521,-8.65352166868869],[-35.26448134918658,-8.630689413797759],[-35.2677568605007,-8.597029491638962],[-35.28062494066328,-8.560780344698722],[-35.268224790688414,-8.52970964732138],[-35.27267012747185,-8.487693590640646]]]}},{"type":"Feature","properties":{"nome":"Trindade","codigo_ibge":"2615607"},"geometry":{"type":"Polygon","coordinates":[[[-40.34503336246969,-7.848743529801155],[-40.343980519547294,-7.842388159883065],[-40.3464371530329,-7.84121123952786],[-40.35146740255098,-7.833208181112489],[-40.351467402550995,-7.828971267833752],[-40.35333912330192,-7.824969738626061],[-40.36000712847708,-7.7116323084200555],[-40.3597731633832,-7.709631543816204],[-40.33848233984148,-7.672323168556286],[-40.32397650402182,-7.646666304812874],[-40.272504183371474,-7.562163423309331],[-40.238345279667165,-7.685151600428002],[-40.237058471650904,-7.818614368707969],[-40.34503336246969,-7.848743529801155]]]}},{"type":"Feature","properties":{"nome":"Tacaratu","codigo_ibge":"2614808"},"geometry":{"type":"Polygon","coordinates":[[[-38.02468454406144,-8.652344748333483],[-38.0188354167148,-8.659641654535742],[-38.009827760601006,-8.667880097022167],[-38.00830698749088,-8.671175474016726],[-38.006435266739956,-8.680002376680745],[-38.006084319099145,-8.813465144960722],[-38.00549940636449,-8.962816338035937],[-37.99906536628319,-8.975291693801076],[-37.99614080260989,-8.990120890276629],[-37.99368416912428,-8.996593952230251],[-37.988536937059244,-9.000595481437932],[-37.98011419368012,-9.01471852570037],[-37.97812549038226,-9.019661591192218],[-37.968415938986844,-9.007421619498105],[-37.9636196545626,-9.004126242503538],[-37.961513968717824,-8.999653945153778],[-37.95741957957517,-8.998594716834088],[-37.94197788338009,-8.998712408869608],[-37.937181598955846,-8.996829336301289],[-37.9330872098132,-8.998241640727521],[-37.924196536246335,-8.989179353992473],[-37.9223248154954,-8.986590129211024],[-37.90664915420643,-8.976468614156284],[-37.90384157308006,-8.972467084948597],[-37.896471672623306,-8.965170178746336],[-37.89190935329292,-8.963757874320095],[-37.8864111735871,-8.957637888473045],[-37.884773417930035,-8.952930207052232],[-37.881731871709796,-8.95057636634183],[-37.87506386653463,-8.953754051300871],[-37.86792793117174,-8.95928557697032],[-37.86488638495151,-8.95952096104137],[-37.85845234487019,-8.954107127407438],[-37.851550374601175,-8.943514844210604],[-37.84464840433215,-8.938571778718757],[-37.82628214446372,-8.932687176942748],[-37.83154635907571,-8.952930207052232],[-37.83423695765515,-8.959874037147932],[-37.83915022462632,-8.978351686724615],[-37.84605219489534,-8.984824748678221],[-37.850263566584935,-8.99188627080944],[-37.85307114771131,-9.000124713295852],[-37.86710905334321,-9.011658532776847],[-37.874478953799965,-9.011540840741311],[-37.87962618586502,-9.015424677913483],[-37.875180849081566,-9.024604656684073],[-37.87716955237942,-9.031077718637686],[-37.87752050002022,-9.03543232395194],[-37.88102997642821,-9.040375389443787],[-37.883837557554564,-9.040022313337222],[-37.887697981603345,-9.035079247845367],[-37.89284521366839,-9.036844628378173],[-37.90033209667208,-9.038256932804412],[-37.90489441600246,-9.040257697408267],[-37.90653217165951,-9.04296461422523],[-37.907117084394166,-9.051203056711646],[-37.920336112197546,-9.063796104512317],[-37.9298116984991,-9.071328394785617],[-37.93764952914357,-9.080155297449629],[-37.94256279611476,-9.088158355865009],[-37.94267977866168,-9.092277577108215],[-37.951687434775494,-9.097456026671104],[-37.95484596354268,-9.111343686862496],[-37.96163095126477,-9.120170589526515],[-37.971223520113234,-9.124289810769724],[-37.971808432847894,-9.130998256794383],[-37.976253769631334,-9.13617670635728],[-37.978593420569986,-9.147710525838264],[-37.98467651301049,-9.149828982477628],[-37.98748409413685,-9.153712819649792],[-37.99368416912429,-9.155360508147073],[-37.999533296470936,-9.152300515223548],[-38.01205042899271,-9.156066660360205],[-38.020824120012676,-9.155242816111555],[-38.025737386983835,-9.1554782001826],[-38.02924686339182,-9.158773577177163],[-38.02948082848568,-9.164540486917657],[-38.03217142706514,-9.16489356302422],[-38.04457157703998,-9.168777400196388],[-38.05697172701484,-9.167600479841182],[-38.06048120342281,-9.171484317013345],[-38.066096365675584,-9.174191233830317],[-38.074987039242444,-9.17136662497784],[-38.08259090479308,-9.170542780729193],[-38.09230045618848,-9.172778929404076],[-38.198871556444104,-9.152182823188028],[-38.20495464888457,-9.103929088624731],[-38.212558514435194,-8.979528607079803],[-38.21244153188827,-8.975644769907637],[-38.209867915855746,-8.96493479467529],[-38.20600749180698,-8.955754815904715],[-38.20565654416619,-8.950105598199748],[-38.20776223001098,-8.944456380494772],[-38.20858110783949,-8.938924854825322],[-38.21056981113735,-8.936217938008355],[-38.21127170641896,-8.931510256587549],[-38.20986791585575,-8.920682589319679],[-38.211154723872006,-8.915268755685743],[-38.215717043202375,-8.904088012311323],[-38.216184973390114,-8.89808571849979],[-38.2143132526392,-8.887375743267452],[-38.215483078108534,-8.882314985740077],[-38.21817367668797,-8.876194999893025],[-38.22449073422233,-8.865838100767233],[-38.2315096870383,-8.858541194564987],[-38.236072006368666,-8.855481201641453],[-38.12985185375384,-8.748969909495615],[-38.065511452940925,-8.684474674030513],[-38.06469257511239,-8.68941773952237],[-38.062469906720665,-8.691771580232778],[-38.05673776192097,-8.690830043948612],[-38.049484844011154,-8.686004670492284],[-38.045273472321576,-8.680002376680749],[-38.04223192610132,-8.677766228005863],[-38.039424344974954,-8.672705470478492],[-38.041062100632004,-8.665408564276236],[-38.03977529261575,-8.6588178102871],[-38.03497900819152,-8.657876274002941],[-38.02468454406144,-8.652344748333483]]]}},{"type":"Feature","properties":{"nome":"Ipubi","codigo_ibge":"2607307"},"geometry":{"type":"Polygon","coordinates":[[[-40.272504183371474,-7.562163423309331],[-40.29999508190064,-7.474129780740169],[-40.34538431011049,-7.329133192979216],[-40.33801440965373,-7.323837051380803],[-40.32935770118072,-7.318540909782387],[-40.32140288798932,-7.3059478619817195],[-40.310757476218434,-7.300651720383308],[-40.30876877292059,-7.3012401805609155],[-40.29660258803959,-7.301004796489871],[-40.29391198946016,-7.299945568170191],[-40.28385149042393,-7.2991217239215445],[-40.263028597069955,-7.301004796489873],[-40.25565869661319,-7.3061832460527665],[-40.24758690087485,-7.313715536326063],[-40.24197173862207,-7.317952449604784],[-40.22933762355334,-7.33348779829346],[-40.22079789762728,-7.3412554726378065],[-40.19564665003676,-7.358203125752719],[-40.187691836845325,-7.361263118676248],[-40.180555901482435,-7.363028499209052],[-40.15715939209593,-7.371502325766507],[-40.14323846901095,-7.453769058595169],[-40.13107228412996,-7.525796584333565],[-40.1183211865143,-7.601237179102053],[-40.1039323332416,-7.686916980960805],[-40.1624236067079,-7.702923097791558],[-40.21179024151344,-7.677030849977102],[-40.238345279667165,-7.685151600428002],[-40.272504183371474,-7.562163423309331]]]}},{"type":"Feature","properties":{"nome":"Agrestina","codigo_ibge":"2600302"},"geometry":{"type":"Polygon","coordinates":[[[-36.00895827786567,-8.36176311263397],[-36.00439595853531,-8.364470029450938],[-36.000301569392676,-8.369060018836223],[-35.99421847695218,-8.371884627688713],[-35.993048651482844,-8.373885392292557],[-35.992346756201265,-8.382476910885527],[-35.99562226751537,-8.388832280803626],[-35.99339959912364,-8.398836103822852],[-35.98755047177701,-8.395305342757245],[-35.98731650668317,-8.389067664874673],[-35.97128989775338,-8.380123070175122],[-35.96778042134542,-8.37459154450568],[-35.97128989775338,-8.37117847547559],[-35.97175782794111,-8.359056195817008],[-35.96415396239049,-8.357408507319724],[-35.95842181759079,-8.35799696749732],[-35.944734859599684,-8.358114659532832],[-35.9447348595997,-8.368118482552065],[-35.93794987187759,-8.370236939191427],[-35.93104790160858,-8.367176946267897],[-35.92098740257237,-8.365882333877172],[-35.902972090344754,-8.375062312647762],[-35.90390795072022,-8.384124599382822],[-35.902855107797805,-8.384477675489372],[-35.905311741283406,-8.38789074451947],[-35.90870423514445,-8.389656125052268],[-35.91314957192789,-8.395658418863803],[-35.91806283889903,-8.398129951609729],[-35.92028550729077,-8.401425328604299],[-35.92274214077636,-8.407780698522394],[-35.919700594556105,-8.410252231268316],[-35.92122136766623,-8.414606836582571],[-35.91911568182144,-8.416136833044327],[-35.920051542196894,-8.420844514465136],[-35.91724396107052,-8.421550666678263],[-35.91689301342973,-8.424728351637304],[-35.91303258938095,-8.42672911624115],[-35.90601363656499,-8.424728351637302],[-35.9006324394061,-8.426729116241146],[-35.898760718655154,-8.429200648987075],[-35.90308907289167,-8.434614482621003],[-35.901217352140755,-8.44144062068118],[-35.90379096817326,-8.443794461391596],[-35.90472682854873,-8.447207530421675],[-35.90320605543861,-8.454975204766018],[-35.90367398562634,-8.462860571145873],[-35.89887770120211,-8.462154418932748],[-35.89115685310454,-8.465332103891791],[-35.888466254525085,-8.46733286849564],[-35.89220969602694,-8.47333516230717],[-35.88987004508829,-8.480396684438396],[-35.89022099272908,-8.487340514534077],[-35.88823228943124,-8.493107424274577],[-35.88788134179043,-8.498285873837474],[-35.89150780074536,-8.500168946405791],[-35.901100369593834,-8.514291990668221],[-35.87922463331742,-8.547481144684943],[-35.89899468374903,-8.561133420805286],[-35.910108025707615,-8.557014199562078],[-35.918296803992924,-8.556425739384471],[-35.92227421058863,-8.555131126993757],[-35.92496480916808,-8.547128068578377],[-35.93537625584508,-8.541831926979961],[-35.94145934828557,-8.537359629630197],[-35.94754244072606,-8.535123480955308],[-35.95058398694631,-8.537241937594674],[-35.95292363788496,-8.542655771228603],[-35.96041052088866,-8.548187296898057],[-35.96590870059449,-8.549599601324301],[-35.96871628172089,-8.548775757075665],[-35.968599299173924,-8.535947325203953],[-35.98263720480585,-8.495814341091542],[-36.00240725523746,-8.431554489697485],[-36.0104790509758,-8.391539197620592],[-36.00895827786567,-8.36176311263397]]]}},{"type":"Feature","properties":{"nome":"Fernando de Noronha","codigo_ibge":"2605459"},"geometry":{"type":"MultiPolygon","coordinates":[[[[-32.37887286399995,-3.8070813379999366],[-32.38156346257941,-3.814142860131143],[-32.390103188505485,-3.8161436247349894],[-32.390688101240166,-3.813319015882508],[-32.3947824903828,-3.8123774795983483],[-32.38928431067694,-3.8074344141064915],[-32.38600879936285,-3.8075521061420097],[-32.38308423568952,-3.810494407030014],[-32.37887286399995,-3.8070813379999366]]],[[[-32.40975625639017,-3.8370928070575996],[-32.40788453563925,-3.8382697274128015],[-32.40262032102728,-3.835798194666872],[-32.399578774807026,-3.8379166513062364],[-32.397122141321454,-3.842153564584968],[-32.395367403117454,-3.849568162822742],[-32.3973561064153,-3.8567473769894884],[-32.404375059231256,-3.8576889132736385],[-32.40800151818618,-3.8567473769894787],[-32.41045815167176,-3.8591012176998887],[-32.41104306440643,-3.862514286729975],[-32.4159563313776,-3.8633381309786157],[-32.41771106958158,-3.868045812399426],[-32.42215640636503,-3.866751200008704],[-32.42589984786688,-3.8669865840797435],[-32.42625079550767,-3.8699288849677473],[-32.42274131909969,-3.873459646033353],[-32.42484700494446,-3.8775788672765645],[-32.429760271915654,-3.872753493820236],[-32.435492416715356,-3.8699288849677544],[-32.44192645679664,-3.8707527292163877],[-32.44800954923712,-3.8751073345306453],[-32.45140204309818,-3.87522502656616],[-32.457134187897886,-3.878049635418648],[-32.457836083179465,-3.880050400022497],[-32.46555693127703,-3.875931178779289],[-32.46438710580769,-3.8728711858557614],[-32.460292716665045,-3.872165033642638],[-32.46040969921198,-3.8698111929322256],[-32.45736815299174,-3.865691971689021],[-32.45315678130216,-3.8651035115114207],[-32.44754161904941,-3.8619258265523717],[-32.44777558414326,-3.855570456634276],[-32.44321326481288,-3.8540404601725156],[-32.4414585266089,-3.8502743150358634],[-32.43596034690307,-3.848626626538585],[-32.43151501011963,-3.845566633615061],[-32.411043064406435,-3.8390935716614414],[-32.40975625639017,-3.8370928070575996]]]]}},{"type":"Feature","properties":{"nome":"Condado","codigo_ibge":"2604601"},"geometry":{"type":"Polygon","coordinates":[[[-35.06128266516464,-7.541214240986725],[-35.05648638074041,-7.539095784347354],[-35.05098820103456,-7.539566552489443],[-35.04630889915725,-7.5361534834593495],[-35.04279942274929,-7.5381542480631945],[-35.03905598124745,-7.537801171956629],[-35.03659934776187,-7.5434503896616],[-35.03870503360664,-7.545686538336493],[-35.04630889915726,-7.548628839224497],[-35.04782967226738,-7.55110037197042],[-35.047127776985796,-7.554866517107061],[-35.04829760245511,-7.5614572710962085],[-35.04712777698579,-7.563458035700044],[-35.053678799614005,-7.573579550754797],[-35.060229822242235,-7.57852261624665],[-35.069822391090725,-7.581464917134648],[-35.075905483531216,-7.58970335962107],[-35.06783368779286,-7.591233356082827],[-35.06350533355634,-7.594175656970834],[-35.061633612805444,-7.601943331315179],[-35.06373929865021,-7.6050033242387],[-35.06034680478918,-7.610417157872638],[-35.06701480996432,-7.615007147257925],[-35.06724877505821,-7.619244060536652],[-35.07251298967015,-7.618302524252487],[-35.07356583259257,-7.622421745495701],[-35.077309274094404,-7.623363281779863],[-35.07719229154746,-7.627482503023074],[-35.08011685522078,-7.628306347271714],[-35.08269047125331,-7.633602488870132],[-35.081988575971714,-7.636191713651565],[-35.08748675567753,-7.639840166752696],[-35.09263398774257,-7.63831017029094],[-35.09871708018308,-7.642429391534138],[-35.10222655659105,-7.645842460564228],[-35.104332242435845,-7.644312464102464],[-35.110883265064054,-7.652668598624405],[-35.11006438723554,-7.655963975618966],[-35.11228705562725,-7.657847048187302],[-35.11415877637818,-7.6639670340343455],[-35.114041793831234,-7.668792407490682],[-35.12164565938185,-7.670440095987965],[-35.12187962447572,-7.6694985597038],[-35.14679690697236,-7.619597136643217],[-35.14551009895613,-7.616184067613122],[-35.12913254238554,-7.565105724197335],[-35.12726082163463,-7.567930333049825],[-35.12304944994504,-7.565223416232853],[-35.1224645372104,-7.561457271096205],[-35.119306008443196,-7.561574963131727],[-35.114860671659784,-7.555337285249149],[-35.111234212704844,-7.558750354279239],[-35.10854361412542,-7.557102665781955],[-35.10398129479505,-7.55722035781748],[-35.10129069621559,-7.555337285249149],[-35.102226556591056,-7.547687302940331],[-35.09719630707294,-7.54368577373264],[-35.092633987742566,-7.543803465768164],[-35.0873697731306,-7.547334226833778],[-35.08280745380025,-7.546274998514088],[-35.07730927409441,-7.5428619294840065],[-35.06970540854379,-7.545451154265456],[-35.0625694731809,-7.54274423744849],[-35.06128266516464,-7.541214240986725]]]}},{"type":"Feature","properties":{"nome":"Mirandiba","codigo_ibge":"2609303"},"geometry":{"type":"Polygon","coordinates":[[[-38.54946824960111,-8.28832328246932],[-38.55250979582136,-8.288440974504843],[-38.55496642930693,-8.29303096389014],[-38.564325033061536,-8.29620864884919],[-38.571110020783635,-8.299386333808236],[-38.57508742737934,-8.298915565666144],[-38.57672518303641,-8.297032493097822],[-38.58315922311771,-8.299857101950304],[-38.58713662971342,-8.303387863015915],[-38.59719712874961,-8.303623247086955],[-38.60082358770452,-8.305624011690801],[-38.60702366269197,-8.305153243548725],[-38.6132237376794,-8.31009630904058],[-38.61837096974441,-8.308448620543292],[-38.62854845132755,-8.310802461253692],[-38.63685421215978,-8.307036316117046],[-38.63942782819229,-8.304329399300075],[-38.64457506025731,-8.302681710802798],[-38.64632979846132,-8.296679416991257],[-38.6487864319469,-8.295620188671583],[-38.650073239963156,-8.290794815215257],[-38.659899773905494,-8.284910213439241],[-38.66715269181532,-8.285027905474758],[-38.6703112205825,-8.282085604586756],[-38.6782660337739,-8.280084839982914],[-38.67838301632084,-8.277495615201467],[-38.685635934230675,-8.274200238206898],[-38.68867748045092,-8.271257937318882],[-38.69230393940582,-8.271022553247851],[-38.69768513656471,-8.268080252359844],[-38.70060970023805,-8.263137186867995],[-38.70739468796014,-8.261842574477267],[-38.71640234407394,-8.258429505447186],[-38.71991182048193,-8.258076429340617],[-38.739330923272725,-8.245012613397874],[-38.812561997652544,-8.235244174449685],[-38.82718481601913,-8.225593427537033],[-38.82718481601912,-8.221474206293822],[-38.83046032733324,-8.221003438151735],[-38.83923401835318,-8.22382804700422],[-38.85081529049952,-8.22535804346599],[-38.858653121144,-8.222415742577985],[-38.865672073959935,-8.215942680624366],[-38.86824568999248,-8.21464806823364],[-38.874562747526824,-8.21417730009156],[-38.879709979591865,-8.20946961867075],[-38.87713636355935,-8.20605654964067],[-38.87163818385351,-8.201231176184328],[-38.868596637633274,-8.194875806266236],[-38.86695888197621,-8.18828505227711],[-38.86719284707008,-8.181576606252458],[-38.8687136201802,-8.178634305364442],[-38.869649480555644,-8.169807402700421],[-38.87350990460444,-8.167806638096586],[-38.88158170034279,-8.169925094735946],[-38.89175918192592,-8.163687416853364],[-38.90123476822745,-8.16192203632057],[-38.906031052651684,-8.158744351361523],[-38.9096575116066,-8.147445915951575],[-38.91152923235753,-8.145327459312213],[-38.920185940830535,-8.14320900267285],[-38.93094833514834,-8.132028259298425],[-38.93492574174406,-8.126261349557927],[-38.937265392682704,-8.12484904513169],[-38.935744619572574,-8.118258291142547],[-38.93153324788302,-8.106489087590525],[-38.92474826016091,-8.099898333601391],[-38.9174953422511,-8.093896039789858],[-38.91059337198207,-8.086716825623128],[-38.88240057817131,-8.051997675144642],[-38.8787741192164,-8.04929075832768],[-38.873275939510556,-8.047643069830402],[-38.8704683583842,-8.045406921155509],[-38.872457061682056,-8.042111544160948],[-38.87725334610627,-8.039757703450544],[-38.87842317157561,-8.037403862740142],[-38.87772127629401,-8.010217002534958],[-38.8303433447863,-8.016454680417526],[-38.77816912885435,-8.003037788368214],[-38.738629027991124,-8.022810050335616],[-38.73441765630156,-8.028812344147155],[-38.729387406783445,-8.030930800786518],[-38.72307034924911,-8.037874630882218],[-38.7173382044494,-8.04211154416095],[-38.71148907710277,-8.043288464516152],[-38.69932289222179,-8.055646128245776],[-38.69920590967486,-8.061766114092823],[-38.696983241283114,-8.064590722945317],[-38.69195299176502,-8.066120719407076],[-38.691017131389565,-8.070946092863407],[-38.693473764875144,-8.073653009680376],[-38.690900148842644,-8.081067607918145],[-38.68961334082637,-8.08777605394281],[-38.689496358279456,-8.096367572535781],[-38.687624637528515,-8.100251409707958],[-38.66960932530091,-8.1022521743118],[-38.66820553473771,-8.107901392016768],[-38.66586588379905,-8.112138305295503],[-38.66340925031346,-8.112962149544137],[-38.65966580881163,-8.118140599107027],[-38.65767710551377,-8.12943903451698],[-38.65077513524474,-8.135088252221944],[-38.64527695553892,-8.137677477003392],[-38.64363919988187,-8.139795933642763],[-38.63907688055149,-8.141325930104522],[-38.63474852631497,-8.145209767276691],[-38.63182396264167,-8.139207473465158],[-38.628314486233705,-8.137206708861319],[-38.62071062068306,-8.13838362921652],[-38.61778605700975,-8.141208238069003],[-38.60737461033275,-8.143444386743885],[-38.60328022119012,-8.14250285045972],[-38.600706605157605,-8.139795933642757],[-38.598249971672026,-8.132263643369457],[-38.59708014620267,-8.129909802659059],[-38.589359298105144,-8.128144422126251],[-38.536600169438515,-8.230889569135439],[-38.531101989732704,-8.235597250556246],[-38.530283111904176,-8.246660301895155],[-38.535898274156914,-8.251485675351491],[-38.537302064720116,-8.249484910747634],[-38.54198136659743,-8.24877875853452],[-38.54923428450724,-8.251250291280444],[-38.548766354319525,-8.25748796916302],[-38.54970221469499,-8.259488733766865],[-38.5541475514784,-8.261489498370702],[-38.55578530713547,-8.265726411649442],[-38.55367962129068,-8.27031640103473],[-38.55426453402536,-8.275259466526576],[-38.55286074346214,-8.277377923165945],[-38.54946824960111,-8.28832328246932]]]}},{"type":"Feature","properties":{"nome":"Itaquitinga","codigo_ibge":"2607802"},"geometry":{"type":"Polygon","coordinates":[[[-35.07251298967015,-7.618302524252487],[-35.02571997089712,-7.641487855249976],[-34.92417912015963,-7.691860046452658],[-34.92803954420839,-7.699745412832516],[-34.937983060697675,-7.705159246466443],[-34.94757562954616,-7.7051592464664385],[-34.952605879064244,-7.708336931425488],[-34.95658328565996,-7.707395395141329],[-34.96196448281884,-7.708336931425484],[-34.96453809885137,-7.713044612846298],[-34.96851550544709,-7.71786998630263],[-34.970621191291876,-7.722695359758955],[-34.971791016761195,-7.729050729677061],[-34.9764703186385,-7.733523027026821],[-34.982904358719786,-7.735406099595145],[-34.98851952097256,-7.732228414636106],[-34.99916493274343,-7.731286878351944],[-35.00805560631031,-7.734464563310981],[-35.018584035534225,-7.735406099595148],[-35.02104066901981,-7.737524556234515],[-35.035546504839466,-7.743173773939487],[-35.04525605623486,-7.74446838633021],[-35.0981321674484,-7.715163069485665],[-35.09789820235455,-7.709396159745173],[-35.094622691040435,-7.706218474786121],[-35.09310191793029,-7.7005692570811455],[-35.09099623208553,-7.697273880086589],[-35.09158114482018,-7.692448506630251],[-35.10842663157848,-7.6793846906875025],[-35.12164565938185,-7.670440095987965],[-35.114041793831234,-7.668792407490682],[-35.11415877637818,-7.6639670340343455],[-35.11228705562725,-7.657847048187302],[-35.11006438723554,-7.655963975618966],[-35.110883265064054,-7.652668598624405],[-35.104332242435845,-7.644312464102464],[-35.10222655659105,-7.645842460564228],[-35.09871708018308,-7.642429391534138],[-35.09263398774257,-7.63831017029094],[-35.08748675567753,-7.639840166752696],[-35.081988575971714,-7.636191713651565],[-35.08269047125331,-7.633602488870132],[-35.08011685522078,-7.628306347271714],[-35.07719229154746,-7.627482503023074],[-35.077309274094404,-7.623363281779863],[-35.07356583259257,-7.622421745495701],[-35.07251298967015,-7.618302524252487]]]}},{"type":"Feature","properties":{"nome":"Toritama","codigo_ibge":"2615409"},"geometry":{"type":"Polygon","coordinates":[[[-36.01176585899208,-7.987620131715067],[-36.008841295318746,-7.993975501633158],[-36.009543190600354,-8.000330871551254],[-36.01129792880433,-8.003979324652374],[-36.0162111957755,-8.005038552972058],[-36.03516236837861,-8.006921625540384],[-36.04288321647614,-8.00621547332726],[-36.060547581062956,-8.01268853528088],[-36.06557783058107,-8.015042375991282],[-36.073298678678626,-8.015748528204407],[-36.077977980555914,-8.018102368914816],[-36.08207236969856,-8.022221590158026],[-36.09178192109397,-8.0151600680268],[-36.097514065893655,-8.014453915813684],[-36.10102354230163,-8.011393922890157],[-36.09634424042435,-8.006450857398303],[-36.097631048440604,-8.0046854768655],[-36.080551596588435,-7.991857044993799],[-36.07095902773997,-7.980676301619376],[-36.06581179567493,-7.979734765335209],[-36.055634314091805,-7.979617073299679],[-36.05411354098168,-7.982912450294252],[-36.05060406457369,-7.9867962874664284],[-36.03937374006817,-7.988797052070265],[-36.037034089129506,-7.984795522862578],[-36.032237804705275,-7.985030906933613],[-36.02627169481171,-7.983853986578413],[-36.024049026419995,-7.985501675075692],[-36.020539550012,-7.984442446756011],[-36.01843386416723,-7.9862078272888235],[-36.01504137030618,-7.985501675075696],[-36.01176585899208,-7.987620131715067]]]}},{"type":"Feature","properties":{"nome":"Santa Maria do Cambucá","codigo_ibge":"2612703"},"geometry":{"type":"Polygon","coordinates":[[[-35.82202016786739,-7.859571197069022],[-35.84576762489469,-7.863690418312231],[-35.863665954575396,-7.862866574063582],[-35.87384343615853,-7.863572726276716],[-35.88460583047633,-7.868398099733036],[-35.892092713480004,-7.870045788230325],[-35.90613061911193,-7.877225002397065],[-35.911277851176955,-7.879108074965387],[-35.913851467209476,-7.872635013011767],[-35.921923262947836,-7.8669857953068005],[-35.922391193135546,-7.86404349441879],[-35.91993455964997,-7.86192503777943],[-35.91478732758494,-7.846389689090756],[-35.92531575680887,-7.825558198803661],[-35.9433310690365,-7.790015204076549],[-35.93865176715919,-7.788955975756857],[-35.935610220938955,-7.785072138584699],[-35.92847428557606,-7.7851898306202125],[-35.91478732758494,-7.79013289611207],[-35.90940613042604,-7.792486736822479],[-35.90437588090795,-7.792251352751428],[-35.89829278846744,-7.788955975756869],[-35.894081416777865,-7.78483675451365],[-35.891741765839214,-7.780011381057333],[-35.88378695264779,-7.774832931494433],[-35.88109635406835,-7.766359104936972],[-35.87688498237876,-7.769183713789462],[-35.87466231398705,-7.7681244854697855],[-35.87150378521987,-7.770007558038103],[-35.86600560551403,-7.775421391672041],[-35.853020542804515,-7.784954446549186],[-35.845884607441626,-7.808728237724264],[-35.82202016786739,-7.859571197069022]]]}},{"type":"Feature","properties":{"nome":"Palmares","codigo_ibge":"2610004"},"geometry":{"type":"Polygon","coordinates":[[[-35.60630435132365,-8.775686001558723],[-35.720830264770676,-8.80098978919557],[-35.66327485167982,-8.739083778511924],[-35.64186704559116,-8.729315339563737],[-35.667252258275546,-8.728726879386143],[-35.70772821951424,-8.730256875847902],[-35.66865604883875,-8.66905701737737],[-35.69567901718016,-8.632690178401607],[-35.69064876766207,-8.627276344767667],[-35.68690532616023,-8.625040196092792],[-35.68421472758075,-8.616919445641896],[-35.67918447806267,-8.611623304043473],[-35.678131635140275,-8.606209470409544],[-35.67134664741819,-8.60173717305977],[-35.66947492666727,-8.59808871995865],[-35.69357333133538,-8.597500259781047],[-35.68854308181727,-8.59620564739033],[-35.69310540114764,-8.588908741188064],[-35.69170161058445,-8.585260288086943],[-35.6971997902903,-8.578904918168838],[-35.70059228415134,-8.56996032346931],[-35.69836961575963,-8.565958794261611],[-35.70094323179213,-8.562898801338097],[-35.69907151104122,-8.560898036734242],[-35.69907151104122,-8.554071898674072],[-35.69813565066574,-8.547245760613896],[-35.665263554977685,-8.539948854411639],[-35.641282132856496,-8.534888096884272],[-35.64116515030956,-8.54995267743086],[-35.63601791824454,-8.551835749999189],[-35.63285938947737,-8.550776521679508],[-35.61765165837613,-8.537359629630197],[-35.614493129608945,-8.533475792458022],[-35.61425916451506,-8.529474263250343],[-35.60759115933991,-8.52912118714378],[-35.60642133387057,-8.525825810149204],[-35.6032628051034,-8.524413505722961],[-35.59413816644266,-8.518175827840388],[-35.58770412636137,-8.517587367662788],[-35.57085863960307,-8.629865569549121],[-35.567349163195104,-8.631984026188482],[-35.56617933772578,-8.635867863360652],[-35.56150003584847,-8.637515551857936],[-35.55658676887729,-8.642223233278749],[-35.543835671261654,-8.643164769562908],[-35.54208093305765,-8.649873215587563],[-35.54348472362084,-8.650932443907243],[-35.544303601449386,-8.657640889931892],[-35.5376355962742,-8.658700118251582],[-35.56477554716258,-8.6837685218174],[-35.55775659434662,-8.717546136011705],[-35.60279487491568,-8.742261463470966],[-35.59975332869543,-8.752147594454666],[-35.60337978765035,-8.758973732514841],[-35.60887796735618,-8.763446029864616],[-35.60934589754391,-8.766623714823664],[-35.60630435132365,-8.775686001558723]]]}},{"type":"Feature","properties":{"nome":"Altinho","codigo_ibge":"2600807"},"geometry":{"type":"Polygon","coordinates":[[[-36.06312119709548,-8.38377152327625],[-36.05329466315314,-8.376592309109526],[-36.034694438190876,-8.373296932114949],[-36.02978117121969,-8.36823617458758],[-36.021592392934416,-8.369060018836231],[-36.00895827786567,-8.36176311263397],[-36.0104790509758,-8.391539197620592],[-36.00240725523746,-8.431554489697485],[-35.98263720480585,-8.495814341091542],[-35.968599299173924,-8.535947325203953],[-35.99655812789083,-8.547010376542852],[-36.000418551939596,-8.546774992471814],[-36.00030156939269,-8.533711176529073],[-36.00322613306598,-8.534417328742181],[-36.00568276655156,-8.538183473878838],[-36.0129356844614,-8.544185767690374],[-36.010245085881955,-8.547716528755982],[-36.01445645757153,-8.550658829643979],[-36.01469042266537,-8.555484203100317],[-36.021592392934394,-8.556072663277915],[-36.029781171219675,-8.561839573018407],[-36.03399254290926,-8.562898801338092],[-36.04604174524333,-8.567724174794416],[-36.057155087201934,-8.573844160641471],[-36.059026807952854,-8.576904153565],[-36.065343865487215,-8.576080309316366],[-36.06932127208292,-8.578551842062282],[-36.07879685838446,-8.58090568277269],[-36.08066857913538,-8.585966440300068],[-36.08254029988629,-8.586790284548702],[-36.08511391591881,-8.5919687341116],[-36.08827244468598,-8.5937341146444],[-36.09494044986117,-8.59114488986295],[-36.16817152424097,-8.546304224329734],[-36.22970434392752,-8.57302031639283],[-36.267138758945954,-8.562428033196008],[-36.262927387256376,-8.552659594247825],[-36.24327431937169,-8.51841121191143],[-36.217538159046526,-8.487928974711684],[-36.19425863220693,-8.469686709206051],[-36.15272982804587,-8.440616776432545],[-36.134129603083565,-8.428376804738438],[-36.13097107431638,-8.401425328604297],[-36.11880488943541,-8.401307636568779],[-36.09809897862832,-8.383183063098652],[-36.076808155086596,-8.379416917962002],[-36.07587229471113,-8.381770758672408],[-36.07984970130685,-8.39248073390476],[-36.07610625980499,-8.399306871964935],[-36.07060808009918,-8.400248408249093],[-36.06978920227065,-8.397306107361082],[-36.071192992833836,-8.39165688965612],[-36.06955523717678,-8.388126128590505],[-36.06709860369121,-8.387419976377382],[-36.06312119709548,-8.38377152327625]]]}},{"type":"Feature","properties":{"nome":"Jurema","codigo_ibge":"2608404"},"geometry":{"type":"Polygon","coordinates":[[[-36.181741499685145,-8.664820104098638],[-36.154367583702914,-8.689888507664445],[-36.12418608659431,-8.715427679372347],[-36.075989277258074,-8.720959205041792],[-36.094238554579555,-8.7314337962031],[-36.0886233923268,-8.734611481162151],[-36.0832421951679,-8.733199176735907],[-36.07949875366605,-8.734493789126633],[-36.07598927725807,-8.731786872309662],[-36.075404364523415,-8.770507551995834],[-36.090729078171584,-8.776862921913928],[-36.12102755782711,-8.836768167993734],[-36.12523892951669,-8.834532019318853],[-36.12792952809615,-8.836532783922689],[-36.13834097477316,-8.831825102501888],[-36.14009571297715,-8.826175884796914],[-36.14302027665046,-8.825469732583787],[-36.14769957852775,-8.827588189223146],[-36.15015621201336,-8.825116656477231],[-36.14863543890322,-8.822762815766824],[-36.15144302002962,-8.820408975056418],[-36.151092072388806,-8.815818985671132],[-36.14840147380934,-8.81370052903177],[-36.147816561074706,-8.808639771504394],[-36.148869403997075,-8.805344394509827],[-36.15191095021733,-8.803814398048067],[-36.155771374266116,-8.805579778580862],[-36.15904688558022,-8.800165944946926],[-36.158461972845544,-8.797812104236527],[-36.16279032708205,-8.794281343170915],[-36.169458332257214,-8.793928267064356],[-36.173552721399865,-8.790279813963227],[-36.1758923723385,-8.78404213608066],[-36.17905090110571,-8.782276755547857],[-36.185952871374724,-8.781805987405768],[-36.187707609578716,-8.787219821039711],[-36.216719281218,-8.793339806886756],[-36.184666063358456,-8.711779226271222],[-36.18688873175018,-8.711896918306735],[-36.181741499685145,-8.664820104098638]]]}},{"type":"Feature","properties":{"nome":"Vertentes","codigo_ibge":"2616209"},"geometry":{"type":"Polygon","coordinates":[[[-35.911277851176955,-7.879108074965387],[-35.91045897334844,-7.889700358162208],[-35.91092690353615,-7.895231883831664],[-35.95655009683986,-7.898409568790704],[-35.95959164306013,-7.903705710389124],[-35.96661059587608,-7.907824931632321],[-35.96661059587609,-7.917357986509471],[-35.96508982276597,-7.927479501564208],[-35.96567473550061,-7.9303041104167],[-35.9712898977534,-7.933717179446782],[-35.963101119468114,-7.939366397151752],[-35.95830483504387,-7.938307168832071],[-35.95631613174602,-7.944544846714641],[-35.962750171827295,-7.946663303354012],[-35.96111241617026,-7.952194829023465],[-35.965323787859816,-7.955372513982513],[-35.96438792748435,-7.960080195403316],[-35.966493613329156,-7.964905568859657],[-35.96438792748437,-7.967612485676619],[-35.968482316627004,-7.97373247152367],[-35.9587727652316,-7.977851692766885],[-35.95888974777853,-7.985030906933615],[-35.95818785249695,-7.990091664460994],[-35.965908700594476,-7.988208591892672],[-35.9771390251,-7.984442446756019],[-35.993048651482844,-7.982206298081133],[-36.000301569392676,-7.977616308695835],[-36.00544880145772,-7.97632169630512],[-36.011063963710455,-7.979734765335204],[-36.01176585899208,-7.987620131715067],[-36.01504137030618,-7.985501675075696],[-36.01843386416723,-7.9862078272888235],[-36.020539550012,-7.984442446756011],[-36.024049026419995,-7.985501675075692],[-36.02627169481171,-7.983853986578413],[-36.032237804705275,-7.985030906933613],[-36.037034089129506,-7.984795522862578],[-36.03937374006817,-7.988797052070265],[-36.05060406457369,-7.9867962874664284],[-36.05411354098168,-7.982912450294252],[-36.055634314091805,-7.979617073299679],[-36.06581179567493,-7.979734765335209],[-36.07095902773997,-7.980676301619376],[-36.05118897730835,-7.95784404672844],[-36.050721047120625,-7.952783289201059],[-36.03738503677032,-7.931010262629818],[-36.022879200950676,-7.922065667930284],[-36.02673962499943,-7.918299522793626],[-36.0294302235789,-7.917946446687065],[-36.030950996689015,-7.914886453763539],[-36.02627169481172,-7.910178772342735],[-36.02673962499943,-7.907354163490248],[-36.022294288216,-7.904294170566724],[-36.01773196888562,-7.90335263428256],[-36.01328663210218,-7.896408804186865],[-36.00989413824114,-7.877107310361547],[-36.013403614649114,-7.853568903257488],[-36.015392317946976,-7.8487435298011565],[-36.019252741995764,-7.845448152806596],[-36.016328178322446,-7.842035083776504],[-36.01644516086939,-7.8375627864267265],[-36.02170937548133,-7.832619720934876],[-36.021475410387474,-7.827441271371985],[-36.024633939154654,-7.825793582874703],[-36.023815061326125,-7.819791289063168],[-36.017614986338714,-7.817555140388292],[-36.01492438775925,-7.8141420713582],[-36.01106396371048,-7.814612839500285],[-36.00615069673931,-7.817908216494844],[-36.00205630759665,-7.816260527997563],[-36.00334311561292,-7.812847458967479],[-35.99819588354789,-7.8137889952516435],[-35.99620718025002,-7.8099051580794745],[-35.99620718025003,-7.803902864267935],[-35.991059948185004,-7.799901335060253],[-35.98135039678961,-7.803196712054826],[-35.97807488547547,-7.800489795237846],[-35.97398049633282,-7.792015968680394],[-35.97000308973711,-7.789426743898942],[-35.95900673032547,-7.787308287259582],[-35.95502932372977,-7.78942674389895],[-35.945319772334365,-7.789309051863429],[-35.9433310690365,-7.790015204076549],[-35.92531575680887,-7.825558198803661],[-35.91478732758494,-7.846389689090756],[-35.91993455964997,-7.86192503777943],[-35.922391193135546,-7.86404349441879],[-35.921923262947836,-7.8669857953068005],[-35.913851467209476,-7.872635013011767],[-35.911277851176955,-7.879108074965387]]]}},{"type":"Feature","properties":{"nome":"Barra de Guabiraba","codigo_ibge":"2601300"},"geometry":{"type":"Polygon","coordinates":[[[-35.54933385096748,-8.35164159757923],[-35.54781307785734,-8.35682004714211],[-35.553077292469325,-8.359526963959086],[-35.558692454722085,-8.36611771794822],[-35.56103210566074,-8.370236939191429],[-35.561850983489265,-8.376710001145039],[-35.566296320272706,-8.378710765748881],[-35.57226243016626,-8.384595367524895],[-35.57542095893345,-8.385889979915614],[-35.5845455975942,-8.394246114437559],[-35.58618335325125,-8.397776875503158],[-35.591564550410155,-8.402131480817415],[-35.596945747569045,-8.40942838701967],[-35.59706273011599,-8.412723764014233],[-35.58758714381442,-8.421197590571701],[-35.57846250515368,-8.431083721555401],[-35.577994574965956,-8.432378333946119],[-35.66655036299395,-8.493460500381143],[-35.68585248323783,-8.440852160503576],[-35.67731275731175,-8.40142532860429],[-35.680237320985064,-8.399189179929408],[-35.68023732098506,-8.394363806473075],[-35.678248617687196,-8.391656889656112],[-35.680705251172796,-8.387302284341867],[-35.68608644833169,-8.386243056022181],[-35.69404126152312,-8.380005378139606],[-35.69649789500869,-8.374120776363595],[-35.70035831905747,-8.373179240079436],[-35.656021933770006,-8.378004613535767],[-35.63461412768135,-8.373767700257043],[-35.54933385096748,-8.35164159757923]]]}},{"type":"Feature","properties":{"nome":"Vitória de Santo Antão","codigo_ibge":"2616407"},"geometry":{"type":"Polygon","coordinates":[[[-35.42930975781462,-8.081302991989192],[-35.41573978237045,-8.074241469857972],[-35.40123394655078,-8.075653774284213],[-35.39667162722042,-8.073888393751417],[-35.38848284893514,-8.074359161893497],[-35.3793582102744,-8.070357632685809],[-35.3621617758753,-8.06094226984418],[-35.35034653863511,-8.06153073002179],[-35.34555025421088,-8.051644599038083],[-35.34157284761515,-8.053174595499838],[-35.33841431884799,-8.056116896387856],[-35.330693470750425,-8.06035380966658],[-35.32531227359152,-8.06129534595075],[-35.322270727371276,-8.063649186661152],[-35.318995216057175,-8.063531494625632],[-35.31221022833506,-8.060824577808656],[-35.29782137506237,-8.070828400827885],[-35.27278711001879,-8.054233823819535],[-35.2631945411703,-8.060589193737625],[-35.26073790768473,-8.057882276920665],[-35.25137930393012,-8.054351515855048],[-35.23406588698411,-8.03822770698878],[-35.23301304406171,-8.033755409639],[-35.225643143604955,-8.02775311582747],[-35.225292195964165,-8.02292774237114],[-35.223654440307094,-8.020809285731778],[-35.20446930261015,-8.038345399024292],[-35.19581259413714,-8.07953761145639],[-35.21640152239727,-8.123319048669927],[-35.22283556247856,-8.12708519380657],[-35.225526161058,-8.131439799120823],[-35.223771422854036,-8.13544132832851],[-35.219794016258334,-8.150152832768534],[-35.225643143604955,-8.153918977905192],[-35.22692995162122,-8.157449738970797],[-35.227046934168136,-8.163334340746818],[-35.2240053879479,-8.164746645173048],[-35.22318651011935,-8.172985087659464],[-35.2236544403071,-8.176398156689565],[-35.220261946446044,-8.17886968943548],[-35.221899702103094,-8.183224294749726],[-35.22131478936843,-8.186048903602225],[-35.21523169692794,-8.18757890006398],[-35.218975138429784,-8.187578900063976],[-35.22622805633963,-8.19487580626624],[-35.22845072473132,-8.19805349122529],[-35.22529219596416,-8.201937328397454],[-35.227280899262,-8.206762701853782],[-35.231609253498526,-8.209234234599709],[-35.234299852077974,-8.209234234599707],[-35.23675648556355,-8.21276499566532],[-35.24108483980005,-8.21276499566532],[-35.24225466526938,-8.208881158493156],[-35.240733892159255,-8.204526553178896],[-35.24213768272245,-8.19499349830176],[-35.24494526384882,-8.192757349626877],[-35.24670000205283,-8.186872747850865],[-35.250326461007724,-8.187696592099508],[-35.249507583179216,-8.194169654053114],[-35.250443443554666,-8.198406567331842],[-35.254888780338085,-8.202643480610583],[-35.2541868850565,-8.206291933711709],[-35.25687748363597,-8.208881158493153],[-35.25547369307276,-8.212176535487712],[-35.259451099668475,-8.217708061157165],[-35.25828127419914,-8.223710354968704],[-35.260386960043924,-8.227711884176395],[-35.26284359352952,-8.240540316048106],[-35.26483229682737,-8.242894156758512],[-35.26471531428045,-8.243718001007142],[-35.276296586426774,-8.285145597510278],[-35.269160651063885,-8.296090956813664],[-35.30051197364183,-8.308095544436725],[-35.3230896051998,-8.300680946198952],[-35.33946716177037,-8.294796344422942],[-35.35900324710813,-8.300680946198957],[-35.360407037671315,-8.29809172141751],[-35.366373147564886,-8.299033257701664],[-35.33853130139493,-8.278084075379061],[-35.317825390587835,-8.180164301826208],[-35.34332758581916,-8.117787523000475],[-35.42930975781462,-8.081302991989192]]]}},{"type":"Feature","properties":{"nome":"Buíque","codigo_ibge":"2602803"},"geometry":{"type":"Polygon","coordinates":[[[-36.9931324452097,-8.896555722038018],[-36.99664192161769,-8.900321867174675],[-37.00003441547873,-8.901381095494356],[-37.00646845556001,-8.906794929128294],[-37.017113867330885,-8.911620302584623],[-37.02518566306924,-8.912914914975346],[-37.02717436636711,-8.917387212325107],[-37.03290651116681,-8.916798752147516],[-37.040276411623566,-8.920447205248639],[-37.04343494039073,-8.919505668964474],[-37.04694441679871,-8.921035665426235],[-37.0523256139576,-8.927979495521932],[-37.05103880594136,-8.931981024729625],[-37.05571810781865,-8.936688706150436],[-37.060865339883705,-8.935747169866268],[-37.06425783374472,-8.9364533220794],[-37.06765032760577,-8.941867155713316],[-37.07326548985855,-8.942808691997488],[-37.07829573937665,-8.948222525631424],[-37.07782780918891,-8.95128251855495],[-37.086484517661944,-8.960815573432088],[-37.08800529077206,-8.964464026533214],[-37.0946732959472,-8.967406327421223],[-37.0964280341512,-8.971407856628906],[-37.09935259782451,-8.971054780522348],[-37.101224318575454,-8.960227113254485],[-37.093269505384036,-8.954460203513996],[-37.092333645008566,-8.949517138022141],[-37.08976002897605,-8.946221761027576],[-37.089175116241385,-8.942455615890932],[-37.08554865728648,-8.939160238896362],[-37.085080727098735,-8.936571014114909],[-37.08788830822513,-8.929274107912658],[-37.08355995398862,-8.920917973390726],[-37.08133728559689,-8.918328748609275],[-37.082507111066214,-8.908560309661095],[-37.084729779457945,-8.903852628240278],[-37.083559953988605,-8.900674943281238],[-37.088239255865915,-8.895378801682824],[-37.085782622380336,-8.89055342822649],[-37.08660150020888,-8.885492670699122],[-37.08379391908249,-8.881491141491427],[-37.083559953988626,-8.876901152106141],[-37.08519770964566,-8.87395885121813],[-37.0781787568297,-8.866779637051403],[-37.08203918087848,-8.860541959168827],[-37.08437883181713,-8.854892741463852],[-37.08695244784967,-8.854068897215207],[-37.09256761010242,-8.84677199101295],[-37.091982697367754,-8.844418150302548],[-37.09783182471439,-8.838768932597585],[-37.09701294688586,-8.835355863567493],[-37.0992356152776,-8.832413562679484],[-37.107658358656735,-8.829588953827],[-37.11105085251779,-8.827117421081072],[-37.11268860817484,-8.822762815766831],[-37.11561317184814,-8.820644359127462],[-37.11666601477054,-8.810405152037191],[-37.12029247372546,-8.811582072392406],[-37.12801332182301,-8.80746285114919],[-37.13292658879416,-8.807227467078151],[-37.1355002048267,-8.80381439804806],[-37.14193424490798,-8.800048252911415],[-37.142870105283436,-8.797694412201013],[-37.14778337225461,-8.793810575028836],[-37.15187776139726,-8.788396741394905],[-37.15070793592795,-8.786395976791063],[-37.15749292365004,-8.778981378553288],[-37.15597215053988,-8.770625244031345],[-37.153749482148186,-8.768271403320943],[-37.16088541751108,-8.766506022788134],[-37.16474584155984,-8.76732986703678],[-37.16872324815556,-8.764622950219815],[-37.17468935804912,-8.765917562610536],[-37.179368659926425,-8.757561428088605],[-37.178315817004034,-8.755913739591316],[-37.1839309792568,-8.75155913427706],[-37.188727263681024,-8.752971438703309],[-37.19434242593378,-8.749205293566655],[-37.19925569290495,-8.748499141353532],[-37.1997236230927,-8.745556840465538],[-37.207210506096374,-8.745086072323458],[-37.21235773816143,-8.743202999755125],[-37.22159935936908,-8.746498376749697],[-37.22850132963813,-8.743438383826176],[-37.22967115510743,-8.746145300643132],[-37.23587123009486,-8.747322220998333],[-37.24499586875561,-8.744968380287926],[-37.2550563677918,-8.741790695328886],[-37.25833187910594,-8.741555311257839],[-37.26792444795441,-8.73213994841623],[-37.26932823851759,-8.729315339563742],[-37.27307168001943,-8.726490730711259],[-37.27658115642742,-8.719076132473473],[-37.28196235358632,-8.712249994413297],[-37.28886432385535,-8.696950029795659],[-37.285120882353496,-8.692713116516941],[-37.28746053329214,-8.685298518279161],[-37.29015113187159,-8.661289343033026],[-37.30184938656487,-8.642458617349787],[-37.27775098189674,-8.569371863291703],[-37.2488562928044,-8.48192668090015],[-37.223354097573086,-8.405309165776469],[-37.22007858625896,-8.407192238344791],[-37.2087312792065,-8.407427622415822],[-37.206274645720924,-8.410134539232791],[-37.203350082047606,-8.417196061364004],[-37.19855379762337,-8.41731375339953],[-37.19469337357457,-8.419079133932335],[-37.19235372263595,-8.417549137470578],[-37.18732347311783,-8.420491438358578],[-37.184632874538394,-8.416607601186408],[-37.17293461984514,-8.41507760472464],[-37.16451187646597,-8.410134539232798],[-37.16345903354359,-8.406603778167186],[-37.1603005047764,-8.404249937456784],[-37.155153272711374,-8.404485321527826],[-37.14907018027088,-8.403426093208134],[-37.13889269868775,-8.426611424205623],[-37.11970756099078,-8.433084486159242],[-37.09022795916376,-8.440734468468063],[-37.08157125069076,-8.448384450776881],[-37.02296299467752,-8.498638949944029],[-37.07174471674843,-8.534299636706674],[-37.063438955916205,-8.534535020777708],[-37.059110601679684,-8.536535785381556],[-37.05817474130422,-8.539242702198516],[-37.051155788488295,-8.539360394234041],[-37.047295364439506,-8.542302695122048],[-37.03945753379502,-8.539242702198518],[-37.031619703150554,-8.539007318127476],[-37.0297479823996,-8.541478850873402],[-37.02471773288151,-8.542538079193077],[-37.021910151755115,-8.544891919903494],[-37.01407232111063,-8.54312653937069],[-37.01114775743734,-8.541596542908927],[-37.00178915368272,-8.541361158837887],[-36.996290973976905,-8.544656535832454],[-36.99582304378916,-8.551482673892618],[-36.99231356738118,-8.556308047348956],[-36.98857012587932,-8.557367275668636],[-36.98272099853271,-8.608681003155475],[-36.97078877874557,-8.711308458129142],[-36.98342289381429,-8.815465909564562],[-36.9931324452097,-8.896555722038018]]]}},{"type":"Feature","properties":{"nome":"Cachoeirinha","codigo_ibge":"2603108"},"geometry":{"type":"Polygon","coordinates":[[[-36.331947089946624,-8.614683296967007],[-36.332882950322066,-8.60620947040954],[-36.33101122957114,-8.604561781912258],[-36.33089424702421,-8.600089484562492],[-36.326097962599974,-8.594440266857518],[-36.328554596085574,-8.588437973045984],[-36.3269168404285,-8.579375686310927],[-36.328437613538654,-8.577374921707085],[-36.32773571825705,-8.571019551788995],[-36.323992276755206,-8.567488790723386],[-36.326097962599974,-8.56513495001298],[-36.324460206942916,-8.56078034469872],[-36.32176960836348,-8.558661888059365],[-36.319546939971744,-8.549599601324305],[-36.317324271580034,-8.547363452649419],[-36.31194307442114,-8.538889626091953],[-36.31007135367023,-8.538183473878842],[-36.308667563107015,-8.533240408386977],[-36.30691282490302,-8.531592719889701],[-36.320599782894135,-8.488046666747211],[-36.3265658927877,-8.476983615408303],[-36.355694546973936,-8.425669887921467],[-36.36119272667977,-8.389185356910193],[-36.33264898522821,-8.381653066636893],[-36.33639242673005,-8.394952266650682],[-36.22420616422167,-8.453915976446329],[-36.217538159046526,-8.487928974711684],[-36.24327431937169,-8.51841121191143],[-36.262927387256376,-8.552659594247825],[-36.267138758945954,-8.562428033196008],[-36.273338833933394,-8.56066265266321],[-36.27380676412109,-8.562310341160487],[-36.275093572137365,-8.561957265053925],[-36.331947089946624,-8.614683296967007]]]}},{"type":"Feature","properties":{"nome":"Correntes","codigo_ibge":"2604700"},"geometry":{"type":"Polygon","coordinates":[[[-36.46519021090286,-9.078036840810267],[-36.4599259962909,-9.073446851424984],[-36.40950651856293,-9.038610008910979],[-36.36645694129173,-9.018602362872533],[-36.35943798847577,-9.047201527503953],[-36.34189060643587,-9.052850745208927],[-36.336977339464724,-9.050379212463008],[-36.33416975833833,-9.051791516889248],[-36.32130167817573,-9.04920229210781],[-36.31100721404566,-9.0497907522854],[-36.305742999433704,-9.050967672640603],[-36.29486362256897,-9.049790752285396],[-36.28971639050394,-9.051085364676128],[-36.28749372211223,-9.054616125741735],[-36.28129364712481,-9.05520458591933],[-36.279538908920806,-9.053086129279974],[-36.27439167685577,-9.053203821315496],[-36.27099918299474,-9.05543996999038],[-36.268074619321425,-9.054616125741727],[-36.262576439615586,-9.058735346984948],[-36.25766317264439,-9.058029194771823],[-36.25321783586098,-9.059088423091506],[-36.21016825858976,-9.048260755823641],[-36.19577940531705,-9.044729994758027],[-36.1984700038965,-9.046730759361873],[-36.20022474210048,-9.053439205386525],[-36.20338327086769,-9.061677647872942],[-36.20279835813301,-9.066856097435842],[-36.206892747275646,-9.071563778856657],[-36.2102852411367,-9.073093775318418],[-36.22186651328303,-9.073329159389461],[-36.22151556564223,-9.076506844348502],[-36.22338728639316,-9.082509138160036],[-36.22245142601769,-9.0863929753322],[-36.22830055336432,-9.094984493925185],[-36.236489331649615,-9.103458320482645],[-36.24093466843304,-9.099339099239437],[-36.25181404529776,-9.09969217534599],[-36.255674469346545,-9.102634476234003],[-36.26678781130515,-9.102399092162964],[-36.26842556696219,-9.103929088624724],[-36.267021776399034,-9.111108302791461],[-36.260704718864666,-9.118522901029237],[-36.26362928253797,-9.123583658556607],[-36.26351229999103,-9.126055191302536],[-36.25801412028522,-9.13346978954031],[-36.257312225003616,-9.140178235564965],[-36.264682125460375,-9.165835099308383],[-36.262459457068644,-9.171248932942309],[-36.26889349714993,-9.171013548871267],[-36.274157711761916,-9.16618817541494],[-36.27953890892081,-9.167365095770148],[-36.28573898390823,-9.170072012587115],[-36.28772768720608,-9.173249697546149],[-36.29217302398953,-9.173955849759272],[-36.294980605115924,-9.172425853297511],[-36.29790516878924,-9.176898150647279],[-36.30001085463401,-9.175485846221036],[-36.30398826122972,-9.176545074540718],[-36.3060939470745,-9.178663531180092],[-36.3118260918742,-9.174426617901352],[-36.312294022061934,-9.179958143570815],[-36.31802616686163,-9.182547368352253],[-36.321535643269605,-9.185371977204747],[-36.32492813713066,-9.192551191371477],[-36.32761873571011,-9.200789633857898],[-36.331830107399675,-9.203731934745898],[-36.33884906021562,-9.207027311740472],[-36.34142267624816,-9.207027311740477],[-36.35136619273742,-9.201378094035503],[-36.35393980876995,-9.201142709964463],[-36.35440773895766,-9.205261931207668],[-36.349260506892634,-9.213029605552004],[-36.349143524345706,-9.216207290511052],[-36.355928512067806,-9.218443439185931],[-36.358385145553385,-9.218325747150415],[-36.360256866304304,-9.221503432109461],[-36.36575504601014,-9.222680352464668],[-36.37090227807516,-9.220444203789786],[-36.37581554504634,-9.21667805865313],[-36.38037786437672,-9.219738051576662],[-36.38587604408253,-9.220679587860824],[-36.387396817192666,-9.223504196713302],[-36.39172517142918,-9.225151885210593],[-36.39956300207366,-9.224563425032992],[-36.402955495934705,-9.22338650467778],[-36.404008338857096,-9.205850391385267],[-36.41512168081568,-9.087569895687405],[-36.41898210486447,-9.08933527622021],[-36.425650110039626,-9.090276812504369],[-36.429276568994545,-9.0858045151546],[-36.43652948690436,-9.084509902763878],[-36.433604923231044,-9.08133221780483],[-36.43781629492062,-9.079331453200984],[-36.43863517274916,-9.075683000099854],[-36.44214464915712,-9.072034546998728],[-36.45009946234856,-9.075094539922256],[-36.453141008568785,-9.07285839124737],[-36.456416519882914,-9.075918384170901],[-36.458171258086914,-9.074270695673615],[-36.46519021090286,-9.078036840810267]]]}},{"type":"Feature","properties":{"nome":"Belém do São Francisco","codigo_ibge":"2601607"},"geometry":{"type":"Polygon","coordinates":[[[-38.62925034660915,-8.621038666885097],[-38.74494608552551,-8.66105395896199],[-38.8346716990228,-8.692124656339336],[-38.843562372589695,-8.695537725369416],[-38.845902023528346,-8.709778461667375],[-38.84555107588754,-8.715309987336822],[-38.84870960465473,-8.722018433361477],[-38.85350588907896,-8.72543150239157],[-38.8544417494544,-8.731551488238628],[-38.851166238140316,-8.738024550192227],[-38.85221908106271,-8.751323750206032],[-38.8508152904995,-8.755560663484756],[-38.85245304615656,-8.760974497118692],[-38.851517185781105,-8.766388330752616],[-38.85338890653204,-8.770507551995822],[-38.85701536548694,-8.773920621025919],[-38.85678140039306,-8.778275226340167],[-38.85373985417283,-8.781452911299214],[-38.854909679642155,-8.784512904222744],[-38.86812870744555,-8.78380675200962],[-38.876434468277765,-8.786160592720023],[-38.88474022910996,-8.78957366175011],[-38.899363047476534,-8.79098596617636],[-38.91024242434126,-8.793457498922285],[-38.916208534234826,-8.79322211485124],[-38.92802377147504,-8.795811339632689],[-38.93714841013578,-8.80157824937318],[-38.94369943276401,-8.80428516619015],[-38.952356141237026,-8.804520550261186],[-38.95645053037966,-8.802402093621824],[-38.962767587914016,-8.796046723703727],[-38.96709594215052,-8.793692882993316],[-38.97458282515422,-8.794163651135404],[-38.977390406280584,-8.793104422815718],[-38.9856961671128,-8.78004060687297],[-38.98885469587998,-8.771684472351033],[-38.99189624210024,-8.76756525110782],[-38.999383125103925,-8.761092189154212],[-39.01073043215638,-8.756149123662357],[-39.014707838752095,-8.753912974987474],[-39.023598512318976,-8.747086836927291],[-39.02582118071069,-8.742732231613049],[-39.03354202880824,-8.736259169659439],[-39.04278365001591,-8.733316868771427],[-39.05179130612972,-8.733669944877986],[-39.06454240374537,-8.731669180274135],[-39.07015756599815,-8.730256875847893],[-39.102210783857686,-8.720017668757643],[-39.112973178175494,-8.718369980260357],[-39.121746869195434,-8.716016139549943],[-39.129350734746055,-8.715427679372345],[-39.135199862092676,-8.713662298839546],[-39.143973553112616,-8.712485378484336],[-39.14865285498993,-8.71095538202258],[-39.15672465072828,-8.706836160779368],[-39.16163791769944,-8.701775403251993],[-39.167487045046066,-8.69259542448141],[-39.17029462617247,-8.692948500587976],[-39.17403806767432,-8.70130463510991],[-39.18094003794334,-8.706247700601761],[-39.18491744453903,-8.70589462449521],[-39.19181941480806,-8.707189236885926],[-39.19509492612217,-8.70954307759633],[-39.20082707092186,-8.710955382022572],[-39.21767255768017,-8.708483849276654],[-39.22118203408815,-8.71119076609362],[-39.2285519345449,-8.710366921844972],[-39.23428407934459,-8.705306164317603],[-39.240835101972806,-8.691300812090695],[-39.24551440385012,-8.684121597923957],[-39.24563138639705,-8.676236231544094],[-39.247971037335724,-8.668821633306324],[-39.24551440385012,-8.662348571352712],[-39.246918194413304,-8.65422782090181],[-39.246684229319456,-8.64763706691267],[-39.24165397980135,-8.641752465136673],[-39.24188794489521,-8.636338631502738],[-39.24785405478878,-8.625040196092783],[-39.253235251947686,-8.61997943856542],[-39.263412733530814,-8.61527175714461],[-39.26774108776733,-8.608798695190986],[-39.26902789578358,-8.603620245628102],[-39.27265435473849,-8.596441031461369],[-39.271835476909956,-8.589850277472234],[-39.27265435473849,-8.583847983660698],[-39.26563540192252,-8.578669534097806],[-39.26434859390626,-8.576198001351884],[-39.25604283307405,-8.566782638510258],[-39.24960879299276,-8.554778050887192],[-39.24539742130318,-8.549834985395337],[-39.24095208451976,-8.54041962255372],[-39.23568786990778,-8.536418093346025],[-39.23229537604673,-8.54206731105101],[-39.228551934544896,-8.54194961901548],[-39.228084004357164,-8.538418857949871],[-39.224574527949194,-8.53712424555915],[-39.21989522607189,-8.532416564138346],[-39.211238517598886,-8.532416564138346],[-39.209366796847945,-8.52935657121482],[-39.21018567467649,-8.526414270326807],[-39.21428006381912,-8.525001965900566],[-39.21463101145993,-8.522177357048085],[-39.202698791672795,-8.512291226064384],[-39.1998912105464,-8.511585073851256],[-39.19614776904457,-8.514998142881339],[-39.18959674641633,-8.515351218987902],[-39.18737407802462,-8.51217353402886],[-39.1837476190697,-8.510643537567097],[-39.17497392804977,-8.51440968270375],[-39.17275125965803,-8.512055841993343],[-39.176026770972165,-8.506524316323889],[-39.175909788425216,-8.504405859684523],[-39.17146445164179,-8.503346631364844],[-39.16561532429516,-8.498285873837473],[-39.16046809223012,-8.50393509154244],[-39.15578879035282,-8.50299355525828],[-39.15216233139791,-8.503935091542447],[-39.15274724413256,-8.509231233140856],[-39.14935475027151,-8.516410447307585],[-39.14654716914512,-8.514762758810308],[-39.145377343675804,-8.510408153496057],[-39.13473193190494,-8.507701236679084],[-39.13484891445187,-8.503582015435883],[-39.12490539796262,-8.495461264984986],[-39.12981866493379,-8.488752818960323],[-39.12888280455832,-8.48581051807232],[-39.12490539796261,-8.482750525148797],[-39.123150659758615,-8.47921976408318],[-39.11905627061598,-8.479102072047665],[-39.11753549750585,-8.481102836651504],[-39.11180335270615,-8.48027899240287],[-39.1112184399715,-8.476512847266223],[-39.11461093383253,-8.472746702129578],[-39.11624868948959,-8.468980556992928],[-39.11262223053469,-8.465214411856275],[-39.10572026026564,-8.466038256104916],[-39.100923975841425,-8.461683650790668],[-39.10536931262486,-8.456505201227777],[-39.10302966168621,-8.452503672020088],[-39.09706355179265,-8.451209059629367],[-39.095659761229456,-8.448266758741362],[-39.090512529164435,-8.449325987061036],[-39.08793891313189,-8.448619834847918],[-39.088523825866574,-8.442970617142944],[-39.0839615065362,-8.442499849000862],[-39.08372754144232,-8.432731410052682],[-39.0900445989767,-8.430024493235717],[-39.08828986077269,-8.427670652525316],[-39.088640808413494,-8.421432974642734],[-39.08501434945859,-8.418843749861288],[-39.082440733426054,-8.413782992333932],[-39.07799539664261,-8.414606836582566],[-39.07296514712454,-8.414136068440488],[-39.069221705622695,-8.415548372866725],[-39.06419145610458,-8.412135303836639],[-39.063372578276045,-8.408957618877587],[-39.06688205468403,-8.40401455338574],[-39.06384050846378,-8.40118994453325],[-39.063021630635255,-8.396953031254531],[-39.063840508463784,-8.393069194082354],[-39.06781791505951,-8.389538433016753],[-39.06664808959017,-8.385772287880096],[-39.060331032055814,-8.386243056022176],[-39.05588569527238,-8.383889215311772],[-39.051791306129736,-8.384830751595938],[-39.05027053301961,-8.381182298494819],[-39.046527091517746,-8.379652302033051],[-39.041496841999674,-8.380476146281694],[-39.04067796417114,-8.378004613535762],[-39.03646659248154,-8.378593073713363],[-39.03342504626131,-8.374826928576715],[-39.0226626519435,-8.375180004683276],[-39.01915317553553,-8.373885392292548],[-39.015175768939805,-8.375180004683275],[-39.01213422271956,-8.380123070175129],[-39.00920965904625,-8.378357689642321],[-38.996809509071404,-8.374238468399113],[-38.99482080577355,-8.370943091404556],[-38.99704347416527,-8.365882333877174],[-38.994001927945035,-8.355054666609313],[-38.990609434083964,-8.356937739177637],[-38.987801852957595,-8.353877746254108],[-38.982771603439495,-8.353760054218588],[-38.97914514448457,-8.356584663071086],[-38.97481679024807,-8.352700825898907],[-38.96826576761985,-8.354466206431718],[-38.9641713784772,-8.351406213508177],[-38.96124681480387,-8.354583898467236],[-38.95247312378394,-8.356820047142111],[-38.950250455392236,-8.354701590502756],[-38.94428434549865,-8.353995438289635],[-38.93995599126216,-8.35540774271587],[-38.93773332287043,-8.353760054218592],[-38.93165023042993,-8.356231586964508],[-38.92837471911583,-8.356584663071084],[-38.92205766158146,-8.34646314801633],[-38.91527267385938,-8.339990086062715],[-38.91515569131245,-8.333870100215659],[-38.91117828471672,-8.330457031185588],[-38.88860065315874,-8.347522376336016],[-38.888834618252595,-8.349170064833297],[-38.885910054579284,-8.358467735639408],[-38.88766479278328,-8.362940032989176],[-38.886611949860885,-8.368000790516543],[-38.881230752701974,-8.373532316185992],[-38.87854015412253,-8.374238468399112],[-38.876200503183895,-8.37929922592649],[-38.87655145082467,-8.384713059560417],[-38.8744457649799,-8.38777305248395],[-38.871989131494324,-8.400130716213576],[-38.86941551546178,-8.400719176391178],[-38.87081930602499,-8.405426857811982],[-38.87023439329032,-8.408839926842072],[-38.85923803387865,-8.41472452861809],[-38.85631347020533,-8.420491438358583],[-38.85023037776485,-8.425787579956983],[-38.85081529049952,-8.427906036596358],[-38.84707184899766,-8.431436797661965],[-38.84531711079368,-8.437439091473498],[-38.84040384382251,-8.440734468468062],[-38.844147285324354,-8.44779599059928],[-38.846019006075274,-8.454386744588415],[-38.8454340933406,-8.456858277334339],[-38.848475639560846,-8.462507495039313],[-38.848943569748585,-8.468745172921883],[-38.84566805843446,-8.472982086200616],[-38.84052082636945,-8.4763951552307],[-38.83981893108783,-8.478866687976629],[-38.83373583864735,-8.476277463195173],[-38.832215065537234,-8.482162064971192],[-38.83279997827188,-8.487222822498568],[-38.83081127497404,-8.501934326938596],[-38.8346716990228,-8.50511201189765],[-38.83408678628815,-8.507701236679093],[-38.82940748441084,-8.505465088004197],[-38.81759224717064,-8.50534739596868],[-38.8098713990731,-8.509937385353968],[-38.80624494011818,-8.512879686241984],[-38.79887503966144,-8.514056606597185],[-38.79782219673903,-8.516763523414154],[-38.791505139204666,-8.526296578291282],[-38.788112645343645,-8.529591955285861],[-38.78495411657646,-8.528532726966167],[-38.78074274488688,-8.531945795996261],[-38.780157832152206,-8.53465271281323],[-38.77688232083811,-8.536300401310509],[-38.77699930338504,-8.5426557712286],[-38.773957757164794,-8.548658065040136],[-38.7768823208381,-8.550776521679502],[-38.77536154772797,-8.555366511064795],[-38.7715011236792,-8.555954971242398],[-38.76951242038136,-8.559721116379047],[-38.76962940292829,-8.563016493373617],[-38.76635389161417,-8.563134185409133],[-38.765184066144826,-8.566664946474738],[-38.76705578689577,-8.569842631433787],[-38.7571122704065,-8.57513877303219],[-38.74401022515003,-8.574314928783561],[-38.74003281855432,-8.577021845600516],[-38.7345346388485,-8.577727997813641],[-38.728217581314134,-8.580552606666133],[-38.723655261983765,-8.58067029870165],[-38.71464760586997,-8.584436443838298],[-38.70961735635185,-8.584201059767262],[-38.70634184503774,-8.5873787447263],[-38.7022474558951,-8.587496436761825],[-38.6861038644184,-8.591144889862951],[-38.68165852763496,-8.591497965969507],[-38.677330173398445,-8.59444026685752],[-38.67382069699046,-8.594204882786483],[-38.66656777908065,-8.596205647390327],[-38.66446209323586,-8.600560252704575],[-38.66036770409322,-8.602207941201852],[-38.652880821089546,-8.59950102438489],[-38.651243065432496,-8.602090249166336],[-38.65627331495057,-8.607033314658185],[-38.65124306543248,-8.60821023501339],[-38.651360047979416,-8.61362406864732],[-38.64551092063278,-8.614683296967002],[-38.63907688055148,-8.613977144753884],[-38.63521645650271,-8.616801753606367],[-38.62983525934383,-8.61797867396157],[-38.62925034660915,-8.621038666885097]]]}},{"type":"Feature","properties":{"nome":"São Caitano","codigo_ibge":"2613107"},"geometry":{"type":"Polygon","coordinates":[[[-36.12266531348418,-8.187343515992945],[-36.08242331733937,-8.228182652318479],[-36.08066857913537,-8.234538022236569],[-36.075989277258074,-8.234891098343125],[-36.07470246924182,-8.23642109480489],[-36.074585486694886,-8.241717236403309],[-36.06148344143841,-8.362586956882613],[-36.06312119709548,-8.38377152327625],[-36.06709860369121,-8.387419976377382],[-36.06955523717678,-8.388126128590505],[-36.071192992833836,-8.39165688965612],[-36.06978920227065,-8.397306107361082],[-36.07060808009918,-8.400248408249093],[-36.07610625980499,-8.399306871964935],[-36.07984970130685,-8.39248073390476],[-36.07587229471113,-8.381770758672408],[-36.076808155086596,-8.379416917962002],[-36.09809897862832,-8.383183063098652],[-36.11880488943541,-8.401307636568779],[-36.13097107431638,-8.401425328604297],[-36.134129603083565,-8.428376804738438],[-36.15272982804587,-8.440616776432545],[-36.19425863220693,-8.469686709206051],[-36.217538159046526,-8.487928974711684],[-36.22420616422167,-8.453915976446329],[-36.212507909528426,-8.452268287949046],[-36.217187211405744,-8.448266758741358],[-36.2181230717812,-8.442499849000866],[-36.21566643829559,-8.436497555189328],[-36.214964543014,-8.431436797661958],[-36.221749530736105,-8.423669123317621],[-36.221047635454504,-8.420844514465134],[-36.21730419395266,-8.41931451800338],[-36.217421176499585,-8.41613683304432],[-36.22607788497261,-8.408722234806547],[-36.23204399486616,-8.401543020639815],[-36.23087416939685,-8.394128422402037],[-36.22701374534805,-8.38765536044842],[-36.2257269373318,-8.380123070175129],[-36.22245142601769,-8.37329693211495],[-36.220579705266765,-8.37141385954663],[-36.216134368483345,-8.37059001529798],[-36.21391170009162,-8.366117717948221],[-36.21320980481001,-8.359526963959077],[-36.20899843312044,-8.353760054218595],[-36.21297583971615,-8.343638539163841],[-36.21051920623056,-8.338930857743037],[-36.2142626477324,-8.336930093139193],[-36.21800608923424,-8.332222411718387],[-36.219058932156656,-8.324690121445089],[-36.216602298671056,-8.323277817018843],[-36.21426264773242,-8.318805519669075],[-36.21695324631187,-8.314333222319304],[-36.22385521658088,-8.312685533822021],[-36.223153321299286,-8.30986092496954],[-36.227598658082734,-8.292795579819103],[-36.22830055336433,-8.285263289545796],[-36.22701374534805,-8.283733293084033],[-36.215666438295614,-8.281614836444671],[-36.21180601424682,-8.27973176387634],[-36.21063618877751,-8.274200238206891],[-36.21157204915297,-8.271846397496494],[-36.1991718991781,-8.266432563862562],[-36.18747364448484,-8.259371041731344],[-36.18490002845232,-8.256075664736777],[-36.193088806737606,-8.236185710733848],[-36.186771749203245,-8.232066489490636],[-36.180454691668885,-8.230183416922321],[-36.17320177375906,-8.222886510720059],[-36.16232239689432,-8.21653114080197],[-36.15518646153144,-8.209234234599712],[-36.15331474078053,-8.205115013356505],[-36.14886940399709,-8.198406567331846],[-36.141616486087244,-8.192875041662388],[-36.13892588750782,-8.192404273520308],[-36.131672969598,-8.196876570870078],[-36.12898237101853,-8.196405802728],[-36.12266531348418,-8.187343515992945]]]}},{"type":"Feature","properties":{"nome":"Gameleira","codigo_ibge":"2605905"},"geometry":{"type":"Polygon","coordinates":[[[-35.4708385619757,-8.545951148223176],[-35.46674417283306,-8.54194961901548],[-35.46697813792693,-8.529121187143774],[-35.464404521894394,-8.522059665012554],[-35.46241581859656,-8.512761994206455],[-35.429192775267694,-8.508878157034284],[-35.432351304034874,-8.519117364124554],[-35.430713548377824,-8.522765817225684],[-35.43188337384714,-8.526885038468887],[-35.43012863564315,-8.528650419001693],[-35.43001165309621,-8.53253425617386],[-35.43188337384714,-8.535594249097393],[-35.42813993234529,-8.539713470340592],[-35.423460630467986,-8.540772698660286],[-35.41854736349682,-8.54336192344173],[-35.41293220124406,-8.54877575707566],[-35.402988684754774,-8.550188061501904],[-35.3965546446735,-8.55489574292271],[-35.39070551732685,-8.554542666816149],[-35.38743000601275,-8.545951148223175],[-35.38310165177624,-8.541125774766845],[-35.38087898338451,-8.544774227867972],[-35.37736950697654,-8.545362688045568],[-35.3750298560379,-8.55007036946639],[-35.36918072869127,-8.54559807211661],[-35.359939107483584,-8.54359730751277],[-35.35689756126335,-8.541361158837882],[-35.33829733630106,-8.566311870368175],[-35.33584070281547,-8.570078015504823],[-35.333618034423736,-8.576786461529482],[-35.33127838348509,-8.577727997813646],[-35.32683304670165,-8.58255337126997],[-35.31934616369795,-8.586437208442147],[-35.31150833305349,-8.593263346502322],[-35.30729696136391,-8.593381038537835],[-35.303202572221274,-8.59726487571001],[-35.29840628779702,-8.60008948456249],[-35.29618361940532,-8.60538562616091],[-35.291738282621886,-8.608681003155475],[-35.28588915527526,-8.61633098546429],[-35.27898718500622,-8.620803282814064],[-35.26880970342307,-8.629277109371522],[-35.26471531428044,-8.630689413797754],[-35.308817734474026,-8.628217881051834],[-35.31373100144522,-8.631984026188487],[-35.31969711133877,-8.632572486366081],[-35.323440552840616,-8.634808635040967],[-35.33127838348509,-8.646342454521958],[-35.339350179223445,-8.649637831516523],[-35.343210603272205,-8.652462440369002],[-35.348240852790326,-8.662113187281669],[-35.358301351826526,-8.689653123593416],[-35.357482473998004,-8.692713116516938],[-35.34987860844738,-8.698833102363988],[-35.34718800986793,-8.703658475820323],[-35.34367853345994,-8.702716939536154],[-35.34145586506822,-8.705070780246565],[-35.340286039598915,-8.720488436899721],[-35.337010528284786,-8.722253817432517],[-35.34157284761515,-8.72496073424949],[-35.40369058003637,-8.713779990875066],[-35.39444895882871,-8.683062369604272],[-35.47399709074288,-8.627864804945268],[-35.48780103128093,-8.58396567569622],[-35.44393257618119,-8.55666112345552],[-35.445921279479045,-8.555248819029275],[-35.446038262025965,-8.547128068578377],[-35.45212135446647,-8.54701037654286],[-35.45352514502967,-8.545362688045573],[-35.458087464360055,-8.54536268804557],[-35.46042711529868,-8.54206731105101],[-35.46323469642509,-8.542420387157563],[-35.4637026266128,-8.548893449111185],[-35.4665102077392,-8.549011141146703],[-35.4708385619757,-8.545951148223176]]]}},{"type":"Feature","properties":{"nome":"São José do Belmonte","codigo_ibge":"2613503"},"geometry":{"type":"Polygon","coordinates":[[[-38.5935706697947,-7.75435451731391],[-38.62351820180944,-7.786719827081986],[-38.62761259095209,-7.822027437738052],[-38.55531737694775,-7.905353398886404],[-38.55800797552718,-7.940072549364873],[-38.607842540520465,-8.037286170704615],[-38.620476655589215,-8.098839105281714],[-38.598249971672026,-8.132263643369457],[-38.600706605157605,-8.139795933642757],[-38.60328022119012,-8.14250285045972],[-38.60737461033275,-8.143444386743885],[-38.61778605700975,-8.141208238069003],[-38.62071062068306,-8.13838362921652],[-38.628314486233705,-8.137206708861319],[-38.63182396264167,-8.139207473465158],[-38.63474852631497,-8.145209767276691],[-38.63907688055149,-8.141325930104522],[-38.64363919988187,-8.139795933642763],[-38.64527695553892,-8.137677477003392],[-38.65077513524474,-8.135088252221944],[-38.65767710551377,-8.12943903451698],[-38.65966580881163,-8.118140599107027],[-38.66340925031346,-8.112962149544137],[-38.66586588379905,-8.112138305295503],[-38.66820553473771,-8.107901392016768],[-38.66960932530091,-8.1022521743118],[-38.687624637528515,-8.100251409707958],[-38.689496358279456,-8.096367572535781],[-38.68961334082637,-8.08777605394281],[-38.690900148842644,-8.081067607918145],[-38.693473764875144,-8.073653009680376],[-38.691017131389565,-8.070946092863407],[-38.69195299176502,-8.066120719407076],[-38.696983241283114,-8.064590722945317],[-38.69920590967486,-8.061766114092823],[-38.69932289222179,-8.055646128245776],[-38.71148907710277,-8.043288464516152],[-38.7173382044494,-8.04211154416095],[-38.72307034924911,-8.037874630882218],[-38.729387406783445,-8.030930800786518],[-38.73441765630156,-8.028812344147155],[-38.738629027991124,-8.022810050335616],[-38.77816912885435,-8.003037788368214],[-38.8303433447863,-8.016454680417526],[-38.87772127629401,-8.010217002534958],[-38.875615590449236,-8.004214708723415],[-38.87456274752682,-7.996800110485644],[-38.8813477352489,-7.99221012110035],[-38.882400578171314,-7.98926782021235],[-38.881464717795865,-7.985030906933623],[-38.8841553163753,-7.9791463051576],[-38.88918556589341,-7.976439388340646],[-38.890589356456594,-7.97420323966575],[-38.88965349608114,-7.965611721072773],[-38.89058935645659,-7.963846340539977],[-38.89737434417869,-7.961492499829568],[-38.90778579085569,-7.956078666195628],[-38.90872165123115,-7.951135600703782],[-38.90778579085569,-7.939837165293843],[-38.90965751160662,-7.9312456467008605],[-38.911412249810596,-7.928067961741805],[-38.930012474772866,-7.916298758189792],[-38.933171003540075,-7.9117087688045],[-38.935042724291,-7.902646482069434],[-38.93773332287044,-7.899115721003833],[-38.94861269973517,-7.892289582943653],[-38.952356141237026,-7.887581901522837],[-38.953759931800214,-7.882168067888913],[-38.95504673981646,-7.866161951058163],[-38.96136379735082,-7.8601596572466255],[-38.9638204308364,-7.8568642802520605],[-38.964054395930276,-7.853451211221969],[-38.962065692632414,-7.844153540415864],[-38.95925811150604,-7.840269703243704],[-38.96019397188148,-7.837209710320169],[-38.964522326118,-7.83367894925456],[-38.96499025630573,-7.829795112082399],[-38.9580882860367,-7.825558198803669],[-38.95329200161248,-7.819320520921093],[-38.952824071424736,-7.810493618257076],[-38.94779382190663,-7.807198241262509],[-38.944752275686405,-7.803902864267935],[-38.93995599126215,-7.79507596160392],[-38.939839008715225,-7.79154520053832],[-38.94510322332718,-7.786131366904377],[-38.946390031343455,-7.781423685483564],[-38.944635293139456,-7.776833696098283],[-38.941008834184565,-7.7714198624643505],[-38.94217865965388,-7.764358340333126],[-38.93960504362136,-7.75882681466368],[-38.93410686391552,-7.758826814663681],[-38.92767282383424,-7.753766057136314],[-38.92018594083056,-7.754589901384945],[-38.918080254985746,-7.758356046521601],[-38.91515569131244,-7.7569437420953555],[-38.9153896564063,-7.753648365100783],[-38.9181972375327,-7.747175303147172],[-38.91562362150016,-7.744468386330211],[-38.906966913027155,-7.746586842969573],[-38.90240459369679,-7.7448214624367635],[-38.89912908238267,-7.7457629987209335],[-38.89480072814616,-7.750470680141741],[-38.88766479278329,-7.748116839431338],[-38.88134773524893,-7.747410687218217],[-38.881230752701995,-7.740584549158042],[-38.879359031951054,-7.733876103133383],[-38.881230752701995,-7.728109193392899],[-38.8798269621388,-7.723283819936561],[-38.87421179988603,-7.719046906657837],[-38.87304197441671,-7.714809993379102],[-38.86976646310259,-7.711514616384541],[-38.86660793433543,-7.711279232313494],[-38.864385265943696,-7.713633073023905],[-38.85373985417283,-7.715516145592221],[-38.84964546503017,-7.7171638340895115],[-38.8461359886222,-7.720459211084072],[-38.82812067639459,-7.7196353668354325],[-38.821920601407164,-7.714809993379096],[-38.817358282076775,-7.705865398679556],[-38.81841112499919,-7.70304078982707],[-38.815018631138145,-7.697391572122102],[-38.81583750896667,-7.686681596889764],[-38.818528107546115,-7.685386984499036],[-38.8199318981093,-7.681620839362382],[-38.8242602523458,-7.6783254623678205],[-38.82121870612555,-7.672323168556286],[-38.81969793301543,-7.664790878282988],[-38.815837508966666,-7.664084726069872],[-38.81221105001174,-7.668792407490688],[-38.805543044836575,-7.667497795099955],[-38.79934296984917,-7.669145483597247],[-38.79244099958015,-7.668086255277561],[-38.78881454062521,-7.670440095987968],[-38.78308239582553,-7.6666739508513135],[-38.781795587809256,-7.661848577394983],[-38.77547853027491,-7.662437037572582],[-38.77126715858533,-7.659141660578019],[-38.763897258128566,-7.656434743761049],[-38.76062174681446,-7.655963975618968],[-38.754421671827046,-7.659730120755617],[-38.7428403996807,-7.66031858093323],[-38.74178755675831,-7.6484316853456775],[-38.73547049922395,-7.640310934894774],[-38.73652334214636,-7.634190949047722],[-38.73219498790984,-7.63383787294117],[-38.72541000018774,-7.629012499484832],[-38.7237722445307,-7.626894042845469],[-38.71780613463713,-7.626894042845469],[-38.715115536057674,-7.621950977353622],[-38.714062693135276,-7.623363281779856],[-38.70540598466228,-7.622068669389135],[-38.70037573514416,-7.626776350809944],[-38.69850401439326,-7.630424803911079],[-38.694994537985274,-7.63324941276356],[-38.69066618374877,-7.632896336656994],[-38.68668877715307,-7.635014793296363],[-38.68341326583895,-7.6427824676407115],[-38.680020771977915,-7.645254000386626],[-38.675107505006736,-7.653139366766484],[-38.67428862717819,-7.657140895974169],[-38.66996027294169,-7.660436272968743],[-38.66364321540733,-7.657493972080737],[-38.65440159419967,-7.6671447189933986],[-38.65065815269781,-7.668557023419636],[-38.65136004797942,-7.677030849977094],[-38.648435484306106,-7.678678538474386],[-38.64211842677174,-7.677619310154703],[-38.6420014442248,-7.686093136712162],[-38.63404663103337,-7.6908008181329715],[-38.628197503686756,-7.69339004291441],[-38.62597483529504,-7.695626191589298],[-38.62620880038889,-7.706336166821652],[-38.623635184356395,-7.709631543816212],[-38.62071062068307,-7.71022000399381],[-38.61404261550791,-7.715633837627752],[-38.61287279003859,-7.71951767479992],[-38.60889538344289,-7.7241076641851985],[-38.60784254052047,-7.727049965073214],[-38.609480296177544,-7.731875338529535],[-38.60760857542663,-7.739525320838352],[-38.60129151789225,-7.740113781015955],[-38.59778204148428,-7.7419968535842845],[-38.596027303280295,-7.752000676603499],[-38.5935706697947,-7.75435451731391]]]}},{"type":"Feature","properties":{"nome":"Serra Talhada","codigo_ibge":"2613909"},"geometry":{"type":"Polygon","coordinates":[[[-38.221917118189815,-7.820379749240777],[-38.206709387088566,-7.838151246604328],[-38.224724699316205,-7.863572726276715],[-38.22296996111221,-7.8702811723013575],[-38.22378883894075,-7.873929625402489],[-38.22203410073676,-7.877578078503616],[-38.22378883894074,-7.882050375853397],[-38.22296996111219,-7.885698828954527],[-38.225660559691654,-7.888405745771491],[-38.22963796628737,-7.89746803250655],[-38.23829467476036,-7.9060595510995215],[-38.163425844723506,-7.9053533988864055],[-38.168105146600816,-7.9291271900614975],[-38.16401075745818,-7.934305639624393],[-38.15535404898516,-7.937601016618952],[-38.15418422351582,-7.941602545826635],[-38.1493879390916,-7.945368690963295],[-38.14213502118178,-7.9601978874388415],[-38.09733070570658,-8.054116131784012],[-38.02819402046942,-8.133558255760189],[-38.02725816009394,-8.139442857536197],[-38.0327563397998,-8.141208238068996],[-38.048315018541835,-8.151094369052709],[-38.0572056921087,-8.15085898498167],[-38.06270387181454,-8.148152068164693],[-38.08574943356026,-8.164040492959929],[-38.08984382270289,-8.172632011552917],[-38.09347028165782,-8.177575077044766],[-38.10657232691426,-8.18663736377982],[-38.109730855681434,-8.19664118679905],[-38.11382524482409,-8.20205502043298],[-38.11288938444862,-8.211941151416676],[-38.11324033208941,-8.214765760269167],[-38.11873851179525,-8.221003438151733],[-38.126459359892806,-8.217001908944047],[-38.132893399974115,-8.215707296553322],[-38.141433125900186,-8.221827282400374],[-38.152312502764914,-8.223357278862137],[-38.15395025842197,-8.226534963821187],[-38.15874654284622,-8.230183416922312],[-38.1630748970827,-8.236421094804895],[-38.167520233866135,-8.239363395692896],[-38.170444797539474,-8.243953385078184],[-38.17407125649437,-8.24724876207276],[-38.173135396118916,-8.2510149072094],[-38.16904100697626,-8.253133363848768],[-38.16763721641308,-8.25642874084334],[-38.16693532113148,-8.266314871827033],[-38.17219953574346,-8.266432563862557],[-38.177697715449284,-8.268197944395359],[-38.17945245365328,-8.272787933780656],[-38.17863357582474,-8.276671770952818],[-38.186939336656955,-8.277966383343538],[-38.192203551268946,-8.280437916089467],[-38.19781871352169,-8.27914330369874],[-38.20460370124379,-8.285027905474763],[-38.20670938708858,-8.285498673616832],[-38.21384532245145,-8.281850220515711],[-38.21595100829626,-8.279496379805304],[-38.22180013564287,-8.27690715502386],[-38.22753228044258,-8.272317165638574],[-38.23197761722602,-8.271964089532007],[-38.234083303070804,-8.268433328466404],[-38.237826744572644,-8.266550255898077],[-38.244377767200874,-8.261018730228619],[-38.25057784218831,-8.262901802796954],[-38.255842056800255,-8.25878258155374],[-38.26484971291407,-8.253957208097408],[-38.26672143366501,-8.258782581553739],[-38.27093280535456,-8.261254114299664],[-38.274676246856416,-8.266667947933602],[-38.279472531280646,-8.268904096608487],[-38.282163129860095,-8.275024082455536],[-38.284853728439565,-8.276671770952824],[-38.29070285578618,-8.28502790547476],[-38.2950312100227,-8.28773482229172],[-38.3011143024632,-8.28844097450484],[-38.30286904066719,-8.285851749723395],[-38.31175971423405,-8.288676358575888],[-38.31433333026657,-8.291736351499415],[-38.32322400383346,-8.291618659463895],[-38.326967445335306,-8.290088663002134],[-38.33293355522886,-8.290324047073163],[-38.333635450510464,-8.286322517865486],[-38.3377298396531,-8.283027140870908],[-38.34743939104849,-8.28726405414965],[-38.35211869292581,-8.285616365652361],[-38.35890368064789,-8.284557137332673],[-38.36369996507214,-8.279731763876349],[-38.367677371667824,-8.28079099219603],[-38.37691899287551,-8.290206355037652],[-38.384171910785334,-8.29350173203222],[-38.38662854427091,-8.293266347961183],[-38.39200974142984,-8.297856337346463],[-38.3998475720743,-8.3015047904476],[-38.40663255979641,-8.305741703726325],[-38.41014203620438,-8.315627834710027],[-38.41224772204916,-8.315745526745546],[-38.41903270977127,-8.326926270119973],[-38.41751193666113,-8.341520082524486],[-38.42324408146084,-8.342697002879678],[-38.42675355786881,-8.344462383412493],[-38.43096492955838,-8.348699296691212],[-38.42698752296267,-8.354819282538271],[-38.43154984229305,-8.35705543121316],[-38.43634612671728,-8.35611389492899],[-38.440323533312984,-8.364352337415417],[-38.441961288970056,-8.370354631226947],[-38.44991610216147,-8.367176946267906],[-38.45319161347557,-8.36976617104934],[-38.454595404038756,-8.374944620612231],[-38.45857281063447,-8.379299225926486],[-38.46278418232404,-8.39024458522987],[-38.468633309670665,-8.394481498508599],[-38.46968615259306,-8.398012259574207],[-38.46898425731149,-8.4020137887819],[-38.47272769881332,-8.407780698522382],[-38.47869380870689,-8.411782227730084],[-38.479980616723154,-8.414606836582571],[-38.48559577897591,-8.415195296760167],[-38.487701464820695,-8.416960677292975],[-38.48898827283696,-8.421786050749299],[-38.49413550490198,-8.421197590571696],[-38.495539295465186,-8.422845279068978],[-38.49624119074679,-8.42837680473843],[-38.49975066715476,-8.434614482621003],[-38.50875832326855,-8.439439856077337],[-38.51495839825599,-8.438498319793172],[-38.51846787466396,-8.441558312716708],[-38.514022537880535,-8.429436033058114],[-38.51589425863145,-8.418608365790256],[-38.514958398255985,-8.408016082593438],[-38.51378857278666,-8.404838397634384],[-38.517415031741585,-8.400483792320125],[-38.51413952042747,-8.38812612859051],[-38.51133193930107,-8.383653831240732],[-38.511799869488804,-8.380711530352732],[-38.50922625345629,-8.376356925038483],[-38.50630168978297,-8.368589250694145],[-38.504429969032046,-8.357879275461796],[-38.50946021855017,-8.351759289614746],[-38.50641867232993,-8.343167771021767],[-38.500569544983286,-8.336106248890546],[-38.4909769761348,-8.33693009313919],[-38.48781844736762,-8.333752408180143],[-38.48559577897591,-8.328103190475174],[-38.48664862189832,-8.314686298425867],[-38.49191283651027,-8.314803990461385],[-38.49612420819985,-8.318805519669068],[-38.49951670206089,-8.32021782409531],[-38.50466393412593,-8.318334751526994],[-38.503494108656604,-8.31233245771546],[-38.5067696199707,-8.30668324001048],[-38.51261874731735,-8.303858631157995],[-38.51647917136611,-8.303505555051432],[-38.52490191474526,-8.296326340884711],[-38.53367560576522,-8.291030199286292],[-38.536132239250804,-8.288558666540357],[-38.53987568075265,-8.287381746185158],[-38.54654368592778,-8.289500202824534],[-38.54946824960111,-8.28832328246932],[-38.55286074346214,-8.277377923165945],[-38.55426453402536,-8.275259466526576],[-38.55367962129068,-8.27031640103473],[-38.55578530713547,-8.265726411649442],[-38.5541475514784,-8.261489498370702],[-38.54970221469499,-8.259488733766865],[-38.548766354319525,-8.25748796916302],[-38.54923428450724,-8.251250291280444],[-38.54198136659743,-8.24877875853452],[-38.537302064720116,-8.249484910747634],[-38.535898274156914,-8.251485675351491],[-38.530283111904176,-8.246660301895155],[-38.531101989732704,-8.235597250556246],[-38.536600169438515,-8.230889569135439],[-38.589359298105144,-8.128144422126251],[-38.59708014620267,-8.129909802659059],[-38.598249971672026,-8.132263643369457],[-38.620476655589215,-8.098839105281714],[-38.607842540520465,-8.037286170704615],[-38.55800797552718,-7.940072549364873],[-38.55531737694775,-7.905353398886404],[-38.62761259095209,-7.822027437738052],[-38.62351820180944,-7.786719827081986],[-38.5935706697947,-7.75435451731391],[-38.58994421083981,-7.755649129704628],[-38.58432904858702,-7.753412981029748],[-38.58093655472598,-7.747528379253731],[-38.57801199105267,-7.746586842969575],[-38.57614027030174,-7.752236060674541],[-38.57204588115911,-7.751529908461421],[-38.563974085420746,-7.756708358024309],[-38.557774010433334,-7.756590665988789],[-38.549234284507236,-7.75235375271006],[-38.54619273828699,-7.749411451822059],[-38.543151192066745,-7.7490583757155],[-38.53847189018944,-7.753295288994224],[-38.529698199169516,-7.75506066952703],[-38.52490191474525,-7.754589901384953],[-38.516596153913056,-7.749293759786533],[-38.50747151525232,-7.749999911999654],[-38.500569544983286,-7.751529908461426],[-38.49659213838757,-7.7499999119996605],[-38.495773260559055,-7.738819168625238],[-38.49050904594708,-7.734699947382029],[-38.48208630256792,-7.733287642955784],[-38.471557873344004,-7.733169950920257],[-38.46395400779338,-7.730933802245374],[-38.460912461573145,-7.72846226949946],[-38.45775393280595,-7.723401511972087],[-38.457052037524356,-7.718105370373675],[-38.4496821370676,-7.717399218160551],[-38.44547076537801,-7.7179876783381545],[-38.4399725856722,-7.721283055332722],[-38.4342404408725,-7.720459211084078],[-38.42757243569734,-7.729992265961212],[-38.4187987446774,-7.731169186316423],[-38.41400246025315,-7.729874573925694],[-38.40955712346972,-7.730463034103298],[-38.40078343244977,-7.720106134977514],[-38.403941961216965,-7.714456917272541],[-38.40171929282523,-7.713162304881824],[-38.388383282474926,-7.708925391603089],[-38.382300190034414,-7.707513087176848],[-38.3790246787203,-7.703276173898121],[-38.372590638639004,-7.699627720796991],[-38.37013400515343,-7.696920803980019],[-38.3700170226065,-7.6926838907012955],[-38.36159427922735,-7.6863285207832],[-38.35749989008469,-7.677148542012614],[-38.354926274052204,-7.678443154403339],[-38.35293757075434,-7.684680832285914],[-38.350597919815684,-7.685857752641119],[-38.34474879246904,-7.695037731411697],[-38.341239316061085,-7.695979267695859],[-38.335858118902166,-7.693154658843373],[-38.3330505377758,-7.693390042914418],[-38.33035993919635,-7.696096959731383],[-38.32673348024142,-7.693743119020976],[-38.32076737034786,-7.697980032299707],[-38.321001335441736,-7.702687713720516],[-38.31620505101749,-7.709160775674135],[-38.31760884158067,-7.71351538098838],[-38.31585410337668,-7.716339989840866],[-38.311993679327934,-7.716339989840869],[-38.31585410337669,-7.728462269499447],[-38.31281255715644,-7.731522262422985],[-38.31082385385859,-7.739054552696275],[-38.30895213310768,-7.7421145456197955],[-38.302167145385596,-7.745174538543324],[-38.30567662179355,-7.752589136781102],[-38.316789963752164,-7.76459372440417],[-38.31070687131165,-7.765417568652822],[-38.30333697085492,-7.762122191658251],[-38.299476546806126,-7.764005264226575],[-38.301231285010125,-7.768712945647387],[-38.29982749444692,-7.771772938570912],[-38.29573310530428,-7.7751860076009915],[-38.29549914021041,-7.77954061291524],[-38.300178442087734,-7.7834244500874075],[-38.302518093026386,-7.7883675155792735],[-38.302518093026386,-7.791545200538315],[-38.2990086166184,-7.79742980231433],[-38.29772180860214,-7.804373632410015],[-38.29772180860214,-7.813906687287163],[-38.29339345436563,-7.823086666057739],[-38.2864914840966,-7.827676655443035],[-38.286842431737405,-7.830265880224473],[-38.28228011240703,-7.8308543404020865],[-38.275495124684944,-7.83426740943217],[-38.271868665730025,-7.833678949254568],[-38.26754031149353,-7.829206651904799],[-38.26309497471011,-7.828147423585116],[-38.257011882269595,-7.831089724473125],[-38.24519664502939,-7.8312074165086365],[-38.23852863985425,-7.830736648366556],[-38.235487093634,-7.825911274910223],[-38.228234175724175,-7.824028202341901],[-38.221917118189815,-7.820379749240777]]]}},{"type":"Feature","properties":{"nome":"Limoeiro","codigo_ibge":"2608909"},"geometry":{"type":"Polygon","coordinates":[[[-35.442060855430285,-7.961139423723009],[-35.499967216161906,-7.919594135184361],[-35.50441255294536,-7.925007968818287],[-35.50757108171253,-7.927008733422137],[-35.51400512179382,-7.938542552903112],[-35.520673126968994,-7.904294170566727],[-35.52511846375243,-7.882756528066515],[-35.52874492270733,-7.879225767000909],[-35.518333476030335,-7.8725173209762485],[-35.51365417415303,-7.863572726276716],[-35.51049564538583,-7.8608658094597414],[-35.5020729020067,-7.807551317369073],[-35.47703863696311,-7.797782878420886],[-35.47633674168153,-7.784483678407096],[-35.48218586902816,-7.78212983769669],[-35.48487646760759,-7.778599076631089],[-35.484525519966816,-7.77177293857091],[-35.48148397374657,-7.766123720865937],[-35.482419834122034,-7.760945271303046],[-35.481951903934295,-7.743644542081569],[-35.47504993366528,-7.735759175701707],[-35.468030980849306,-7.725637660646964],[-35.46358564406588,-7.72045921108408],[-35.45925728982935,-7.718105370373669],[-35.45726858653152,-7.713986149130465],[-35.41913227623147,-7.7212830553327185],[-35.41281521869712,-7.740466857122514],[-35.4378494837407,-7.750352988106221],[-35.420887014435486,-7.762828343871366],[-35.40567928333424,-7.775774467778598],[-35.40614721352197,-7.783542142122934],[-35.405679283334216,-7.825087430661585],[-35.38824888384127,-7.850391218298446],[-35.36976564142593,-7.860277349282142],[-35.37070150180137,-7.8682804076975215],[-35.36999960651979,-7.870634248407924],[-35.36239574096918,-7.877695770539142],[-35.36029005512438,-7.883698064350681],[-35.355376788153215,-7.890641894446376],[-35.35619566598174,-7.893819579405417],[-35.35327110230843,-7.896997264364466],[-35.353622049949216,-7.90017494932351],[-35.35689756126334,-7.900057257287998],[-35.36181082823452,-7.9050003227798395],[-35.36999960651978,-7.90370571038912],[-35.37409399566243,-7.906294935170568],[-35.37889028008667,-7.903823402424635],[-35.38310165177622,-7.902999558175997],[-35.384154494698635,-7.905824167028489],[-35.39105646496766,-7.909943388271696],[-35.391875342796176,-7.912414921017615],[-35.397724470142805,-7.916063374118742],[-35.40287170220785,-7.917122602438433],[-35.40731703899127,-7.921477207752679],[-35.41515486963578,-7.923831048463078],[-35.421237962076255,-7.930304110416696],[-35.4220568399048,-7.933128719269177],[-35.42591726395358,-7.935717944050622],[-35.42708708942289,-7.94007254936488],[-35.429543722908484,-7.94325023432392],[-35.4342230247858,-7.946780995389537],[-35.43574379789591,-7.951724060881385],[-35.43784948374069,-7.953371749378662],[-35.43948723939775,-7.959020967083645],[-35.442060855430285,-7.961139423723009]]]}},{"type":"Feature","properties":{"nome":"Bezerros","codigo_ibge":"2601904"},"geometry":{"type":"Polygon","coordinates":[[[-35.64982185878259,-8.105312167235315],[-35.63028577344485,-8.10413524688012],[-35.656138916316934,-8.158979735432561],[-35.65216150972122,-8.203114248752664],[-35.65894649744333,-8.203820400965782],[-35.660233305459585,-8.205703473534097],[-35.66701829318168,-8.209469618670758],[-35.67286742052831,-8.208645774422116],[-35.686086448331686,-8.211705767345642],[-35.69146764549059,-8.216295756730926],[-35.698369615759624,-8.217119600979563],[-35.703867795465435,-8.220885746116211],[-35.70644141149797,-8.2207680540807],[-35.711822608656874,-8.224651891252865],[-35.71193959120379,-8.235950326662813],[-35.71790570109735,-8.242305696580905],[-35.719075526566684,-8.248896450570046],[-35.724573706272515,-8.251367983315959],[-35.72656240957037,-8.255251820488139],[-35.73077378125994,-8.25866488951822],[-35.7377927340759,-8.265608719613915],[-35.73966445482683,-8.272787933780661],[-35.74446073925105,-8.274200238206886],[-35.747151337830516,-8.27690715502386],[-35.746683407642784,-8.279496379805304],[-35.75253253498941,-8.287734822291723],[-35.75522313356886,-8.290324047073165],[-35.75803071469525,-8.290441739108685],[-35.77698188729831,-8.298327105488555],[-35.775344131641276,-8.301034022305508],[-35.775578096735124,-8.30762477629465],[-35.770313882123176,-8.31127322939577],[-35.76914405665385,-8.313509378070657],[-35.77323844579649,-8.317157831171793],[-35.78353290992655,-8.324337045338526],[-35.78540463067749,-8.327279346226527],[-35.79043488019559,-8.32739703826206],[-35.79254056604036,-8.32904472675934],[-35.79721986791766,-8.336459324997106],[-35.79967650140327,-8.337636245352314],[-35.801431239607254,-8.34363853916385],[-35.80494071601521,-8.347993144478092],[-35.80412183818669,-8.354701590502748],[-35.809503035345585,-8.361292344491893],[-35.8350052305769,-8.369060018836224],[-35.84553365980083,-8.37871076574888],[-35.85898665269809,-8.375180004683273],[-35.86893016918736,-8.380711530352723],[-35.87279059323615,-8.378004613535765],[-35.87559817436251,-8.377651537429195],[-35.883786952647796,-8.380593838317203],[-35.88682849886805,-8.38294767902761],[-35.89653805026344,-8.385772287880105],[-35.902855107797805,-8.384477675489372],[-35.90390795072022,-8.384124599382822],[-35.902972090344754,-8.375062312647762],[-35.92098740257237,-8.365882333877172],[-35.918296803992924,-8.359880040065642],[-35.91092690353617,-8.35870311971044],[-35.90964009551991,-8.357055431213153],[-35.902972090344754,-8.353877746254112],[-35.89770787573278,-8.352465441827867],[-35.89478331205945,-8.353171594040994],[-35.8902209927291,-8.351053137401621],[-35.88671151632112,-8.347169300229456],[-35.88717944650883,-8.345286227661127],[-35.88378695264779,-8.33846008960095],[-35.87887368567663,-8.330457031185583],[-35.87606610455025,-8.329162418794855],[-35.87162076776682,-8.321277052415002],[-35.8633150069346,-8.314215530283775],[-35.85746587958795,-8.30597708779736],[-35.853488472992254,-8.303505555051435],[-35.85383942063305,-8.300680946198955],[-35.85664700175942,-8.29573788070711],[-35.85875268760421,-8.28785251432724],[-35.86249612910607,-8.287264054149642],[-35.86214518146526,-8.28255637272884],[-35.85594510647784,-8.278790227592179],[-35.8544243333677,-8.274788698384492],[-35.8514997696944,-8.27231716563857],[-35.87992652859902,-8.206291933711707],[-35.88261712717846,-8.19899502750945],[-35.888349271978186,-8.189579664667828],[-35.89080590546376,-8.179222765542047],[-35.888349271978164,-8.172161243410832],[-35.883085057366216,-8.169689710664908],[-35.87349248851774,-8.162275112427134],[-35.867643361171105,-8.165688181457208],[-35.861326303636744,-8.164864337208572],[-35.857816827228774,-8.162275112427123],[-35.854424333367724,-8.162275112427128],[-35.84927710130268,-8.157920507112882],[-35.84787331073949,-8.154036669940716],[-35.84728839800483,-8.146386687631898],[-35.84518271216004,-8.146739763738456],[-35.84588460744164,-8.138736705323074],[-35.847639345645625,-8.13791286107443],[-35.845533659800836,-8.130615954872177],[-35.84225814848672,-8.12614365752241],[-35.84377892159685,-8.124025200883038],[-35.8357071258585,-8.114492146005903],[-35.7183736312851,-8.108725236265412],[-35.64982185878259,-8.105312167235315]]]}},{"type":"Feature","properties":{"nome":"Jatobá","codigo_ibge":"2608057"},"geometry":{"type":"Polygon","coordinates":[[[-38.09230045618848,-9.172778929404076],[-38.09873449626978,-9.17925199135769],[-38.102594920318566,-9.180193527641842],[-38.10470060616335,-9.184548132956103],[-38.11405920991796,-9.193963495797714],[-38.11534601793422,-9.198318101111964],[-38.128331080643726,-9.209145768379829],[-38.13523305091275,-9.213971141836167],[-38.13956140514925,-9.215265754226882],[-38.14388975938576,-9.218208055114891],[-38.14599544523055,-9.222444968393624],[-38.14856906126306,-9.230801102915564],[-38.15219552021798,-9.234802632123252],[-38.15628990936063,-9.242334922396553],[-38.15640689190756,-9.250102596740884],[-38.15734275228302,-9.262577952506026],[-38.16073524614405,-9.267521017997886],[-38.165765495662164,-9.271287163134534],[-38.17360332630666,-9.28517482332592],[-38.179569436200204,-9.291294809172976],[-38.1917356210812,-9.295884798558266],[-38.203082928133654,-9.296944026877942],[-38.22063031017356,-9.312479375566626],[-38.23759277947879,-9.329780104788105],[-38.241336220980635,-9.322718582656886],[-38.24858913889046,-9.299180175552827],[-38.250577842188314,-9.290470964924335],[-38.2535024058616,-9.285527899432479],[-38.25923455066131,-9.273287927738382],[-38.287544327019,-9.217148826795219],[-38.28660846664356,-9.214088833871692],[-38.28005744401533,-9.207262695811512],[-38.280057444015334,-9.20114270996446],[-38.28555562372115,-9.179251991357692],[-38.288714152488325,-9.172072777190953],[-38.29865766897762,-9.163834334704532],[-38.305910586887435,-9.15347743557875],[-38.3129295397034,-9.148416678051387],[-38.20495464888457,-9.103929088624731],[-38.198871556444104,-9.152182823188028],[-38.09230045618848,-9.172778929404076]]]}},{"type":"Feature","properties":{"nome":"Macaparana","codigo_ibge":"2609006"},"geometry":{"type":"Polygon","coordinates":[[[-35.434340007332715,-7.470834403745604],[-35.41597374746431,-7.4953143471338235],[-35.410826515399265,-7.533328874606863],[-35.405211353146505,-7.554866517107071],[-35.40930574228914,-7.55722035781747],[-35.40790195172596,-7.56192803923829],[-35.413166166337916,-7.566164952517017],[-35.41878132859068,-7.56487034012629],[-35.420419084247754,-7.566164952517009],[-35.422758735186385,-7.572167246328552],[-35.43001165309622,-7.578875692353196],[-35.42556631631277,-7.583347989702972],[-35.42240778754559,-7.582406453418816],[-35.42018511915388,-7.578875692353202],[-35.41375107907259,-7.577110311820395],[-35.42884182762689,-7.61641945168416],[-35.43995516958548,-7.610417157872639],[-35.44849489551157,-7.607239472913586],[-35.450132651168616,-7.602767175563809],[-35.450600581356355,-7.6010017950310145],[-35.45843841200083,-7.597824110071968],[-35.4579704818131,-7.592410276438028],[-35.455279883233665,-7.590880279976271],[-35.45633272615605,-7.587937979088265],[-35.45177040682568,-7.578287232175609],[-35.45469497049899,-7.566282644552541],[-35.456215743609114,-7.5655764923394155],[-35.45703462143766,-7.558161894101642],[-35.46112901058028,-7.559338814456836],[-35.463234696425076,-7.557808817995077],[-35.46147995822108,-7.554160364893947],[-35.464638486988264,-7.553571904716345],[-35.465925295004524,-7.550864987899388],[-35.47423105583675,-7.552865752503226],[-35.47715561951006,-7.557220357817472],[-35.48183492138737,-7.55580805339123],[-35.48967275203185,-7.555925745426755],[-35.49049162986036,-7.53156349407406],[-35.49587282701927,-7.520265058664119],[-35.50195591945977,-7.512497384319777],[-35.50406160530457,-7.508025086970009],[-35.499031355786464,-7.498138955986301],[-35.49680868739474,-7.4911951258906],[-35.49365015862757,-7.490842049784053],[-35.49329921098676,-7.487546672789482],[-35.49493696664382,-7.48389821968835],[-35.494352053909154,-7.482250531191073],[-35.48897085675026,-7.478131309947858],[-35.48429155487295,-7.477425157734736],[-35.482770781762824,-7.478719770125459],[-35.47610277658766,-7.476248237379537],[-35.47212536999195,-7.471422863923204],[-35.471189509616494,-7.468598255070725],[-35.46346866151894,-7.462360577188144],[-35.45820444690697,-7.4641259577209516],[-35.45375911012353,-7.462595961259184],[-35.450366616262485,-7.45341598248861],[-35.44159292524255,-7.456946743554211],[-35.437615518646844,-7.460595196655343],[-35.43761551864684,-7.466715182502393],[-35.434340007332715,-7.470834403745604]]]}},{"type":"Feature","properties":{"nome":"Salgueiro","codigo_ibge":"2612208"},"geometry":{"type":"Polygon","coordinates":[[[-38.812561997652544,-8.235244174449685],[-38.81653940424824,-8.241011084190188],[-38.817007334435985,-8.245247997468914],[-38.8206337933909,-8.246895685966193],[-38.826014990549794,-8.255134128452612],[-38.83163015280257,-8.259488733766865],[-38.83315092591268,-8.263019494832465],[-38.83736229760226,-8.267609484217767],[-38.83993591363479,-8.275730234668655],[-38.84894356974858,-8.282674064764358],[-38.850932273046446,-8.286204825829962],[-38.857951225862394,-8.286675593972038],[-38.860992772082646,-8.292207119641498],[-38.86309845792743,-8.292207119641501],[-38.87011741074339,-8.298209413453028],[-38.88333643854677,-8.307742468330165],[-38.88743082768941,-8.309743232934007],[-38.88977047862808,-8.3131563019641],[-38.89327995503603,-8.31386245417722],[-38.89831020455416,-8.320453208166361],[-38.90193666350907,-8.320806284272912],[-38.90661596538636,-8.324807813480612],[-38.90755182576182,-8.327867806404134],[-38.91117828471672,-8.330457031185588],[-38.91515569131245,-8.333870100215659],[-38.91527267385938,-8.339990086062715],[-38.92205766158146,-8.34646314801633],[-38.92837471911583,-8.356584663071084],[-38.93165023042993,-8.356231586964508],[-38.93773332287043,-8.353760054218592],[-38.93995599126216,-8.35540774271587],[-38.94428434549865,-8.353995438289635],[-38.950250455392236,-8.354701590502756],[-38.95247312378394,-8.356820047142111],[-38.96124681480387,-8.354583898467236],[-38.9641713784772,-8.351406213508177],[-38.96826576761985,-8.354466206431718],[-38.97481679024807,-8.352700825898907],[-38.97914514448457,-8.356584663071086],[-38.982771603439495,-8.353760054218588],[-38.987801852957595,-8.353877746254108],[-38.990609434083964,-8.356937739177637],[-38.994001927945035,-8.355054666609313],[-38.99704347416527,-8.365882333877174],[-38.99482080577355,-8.370943091404556],[-38.996809509071404,-8.374238468399113],[-39.00920965904625,-8.378357689642321],[-39.01213422271956,-8.380123070175129],[-39.015175768939805,-8.375180004683275],[-39.01915317553553,-8.373885392292548],[-39.0226626519435,-8.375180004683276],[-39.03342504626131,-8.374826928576715],[-39.03646659248154,-8.378593073713363],[-39.04067796417114,-8.378004613535762],[-39.041496841999674,-8.380476146281694],[-39.046527091517746,-8.379652302033051],[-39.12385255504021,-8.307036316117042],[-39.20878188411328,-8.227241116034309],[-39.24949181044582,-8.213824223985007],[-39.256393780714866,-8.218178829299244],[-39.27288831983237,-8.221827282400382],[-39.28446959197867,-8.22170959036486],[-39.29803956742286,-8.225593427537033],[-39.301783008924716,-8.227358808069832],[-39.317341687666755,-8.182635834572132],[-39.316522809838204,-8.180281993861728],[-39.3106736824916,-8.179222765542052],[-39.310322734850786,-8.174044315979152],[-39.30564343297349,-8.169454326593863],[-39.304941537691896,-8.16545279738618],[-39.30143206128391,-8.164511261102017],[-39.30096413109617,-8.161333576142964],[-39.29722068959433,-8.153095133656551],[-39.299326375439115,-8.145092075241173],[-39.29862448015753,-8.138619013287556],[-39.29944335798606,-8.135912096470586],[-39.296167846671935,-8.132734411511544],[-39.297922584875934,-8.129674418588019],[-39.29651879431273,-8.125319813273764],[-39.29920939289218,-8.1220244362792],[-39.29628482921887,-8.11672829468079],[-39.29254138771704,-8.1144921460059],[-39.291371562247704,-8.110843692904774],[-39.29371121318635,-8.106606779626047],[-39.294764056108754,-8.1016637141342],[-39.29885844525139,-8.100604485814511],[-39.30248490420631,-8.097662184926506],[-39.30295283439402,-8.094955268109539],[-39.30798308391214,-8.094602192002974],[-39.31546996691581,-8.092366043328093],[-39.29803956742287,-8.043170772480623],[-39.289148893855995,-8.049290758327674],[-39.28645829527654,-8.049173066292157],[-39.28271485377469,-8.046113073368634],[-39.28177899339924,-8.043170772480625],[-39.27522797077101,-8.043876924693741],[-39.270665651440645,-8.039169243272934],[-39.26364669862467,-8.040228471592625],[-39.26130704768603,-8.033402333532447],[-39.256861710902584,-8.033520025567963],[-39.25218240902529,-8.030695416715472],[-39.24750310714797,-8.031401568928604],[-39.24364268309921,-8.029753880431317],[-39.23814450339336,-8.025163891046022],[-39.23861243358109,-8.016336988382006],[-39.23252934114061,-8.011158538819112],[-39.23369916660994,-8.005038552972058],[-39.23650674773632,-8.001507791906453],[-39.23521993972006,-7.997506262698768],[-39.23638976518937,-7.993622425526594],[-39.23323123642221,-7.988326283928192],[-39.235102957173126,-7.984913214898099],[-39.231944428405946,-7.982441682152171],[-39.23147649821822,-7.978322460908965],[-39.228668917091824,-7.975968620198551],[-39.228785899638765,-7.971614014884303],[-39.22749909162251,-7.968554021960783],[-39.2235216850268,-7.965258644966208],[-39.22457452794919,-7.961374807794042],[-39.222936772292144,-7.9558432821245955],[-39.223404702479876,-7.949605604242022],[-39.22515944068384,-7.943721002466013],[-39.22843495199796,-7.941014085649035],[-39.22878589963875,-7.937954092725519],[-39.23159348076514,-7.933364103340221],[-39.22422358030839,-7.925596428995884],[-39.22457452794919,-7.914533377656977],[-39.22223487701053,-7.913121073230735],[-39.21954427843108,-7.90641262720608],[-39.22012919116576,-7.9013518696787175],[-39.146079238957405,-7.827088195265432],[-39.14607923895739,-7.817437448352771],[-39.144558465847275,-7.814259763393724],[-39.142335797455566,-7.798959798776087],[-39.13952821632918,-7.794958269568398],[-39.13484891445189,-7.7928398129290315],[-39.13227529841936,-7.787779055401664],[-39.12630918852581,-7.7847190624781355],[-39.11999213099145,-7.778363692560042],[-39.1158977418488,-7.776598312027238],[-39.10256173149848,-7.77106678635779],[-39.10033906310676,-7.775656775743077],[-39.10209380131075,-7.78483675451365],[-39.10127492348222,-7.788838283721351],[-39.09636165651105,-7.795075961603916],[-39.09448993576012,-7.802372867806176],[-39.090512529164414,-7.809552081972912],[-39.09238424991535,-7.818143600565897],[-39.092501232462276,-7.823086666057737],[-39.08793891313191,-7.83261972093488],[-39.08782193058497,-7.836150482000491],[-39.089576668788965,-7.839563551030575],[-39.09308614519693,-7.8425058519185855],[-39.09577674377638,-7.846389689090756],[-39.09659562160492,-7.8501558342274],[-39.09296916265,-7.857570432465182],[-39.0896936513359,-7.857452740429658],[-39.08536529709939,-7.851685830689167],[-39.06758394996562,-7.841917391740982],[-39.062787665541386,-7.836856634213615],[-39.05775741602329,-7.822968974022217],[-39.0537800094276,-7.819320520921091],[-39.040443999077254,-7.820379749240771],[-39.03365901135517,-7.821909745702532],[-39.028862726930925,-7.824852046590539],[-39.02523626797604,-7.823322050128782],[-39.021609809021115,-7.8148482235713175],[-39.01810033261314,-7.812612074896439],[-39.01774938497234,-7.817555140388289],[-39.015409734033675,-7.824969738626071],[-39.0161116293153,-7.827441271371991],[-39.02219472175578,-7.832972797041437],[-39.02628911089841,-7.839563551030579],[-39.032957116073575,-7.844859692628982],[-39.03564771465303,-7.85086198644052],[-39.03400995899597,-7.858276584678304],[-39.0384552957794,-7.860748117424229],[-39.0424327023751,-7.866632719200238],[-39.04910070755028,-7.865808874951596],[-39.05448190470917,-7.8699280961948075],[-39.0556517301785,-7.872752705047294],[-39.05436492216224,-7.876989618326012],[-39.058927241492626,-7.885110368776914],[-39.060798962243524,-7.89252496701469],[-39.061149909884335,-7.898644952861745],[-39.066180159402435,-7.901704945785272],[-39.077059536267164,-7.903588018353608],[-39.07776143154875,-7.9075895475612885],[-39.08091996031593,-7.910767232520335],[-39.07811237918958,-7.915710298012186],[-39.08138789050368,-7.9201825953619505],[-39.0811539254098,-7.92477258474725],[-39.076474623532505,-7.928185653777335],[-39.07331609476533,-7.927479501564206],[-39.070274548545086,-7.930892570594291],[-39.07378402495306,-7.938777936974154],[-39.07390100749999,-7.952665597165552],[-39.072731182030665,-7.954195593627308],[-39.07483686787545,-7.965258644966212],[-39.07916522211196,-7.968200945854225],[-39.08033504758128,-7.970907862671182],[-39.084195471630075,-7.972673243203988],[-39.08676908766259,-7.97808707683792],[-39.085716244740176,-7.987149363572989],[-39.0893427036951,-7.991386276851714],[-39.094022005572405,-7.993975501633162],[-39.09694656924572,-8.000566255622287],[-39.09226726736839,-8.004214708723419],[-39.09191631972761,-8.01174699899672],[-39.09565976122946,-8.018455445021374],[-39.10022208055983,-8.023516202548736],[-39.103380609327004,-8.024457738832899],[-39.10291267913928,-8.028812344147147],[-39.07401799004693,-8.080596839776074],[-39.06840282779416,-8.078478383136702],[-39.06477636883926,-8.075889158355253],[-39.06395749101071,-8.0731822415383],[-39.06594619430858,-8.069886864543728],[-39.06477636883925,-8.060942269844189],[-39.06021404950887,-8.059647657453464],[-39.05799138111717,-8.060589193737618],[-39.04968562028494,-8.060000733560017],[-39.041964772187384,-8.060824577808667],[-39.03751943540396,-8.057411508778584],[-39.02652307599228,-8.05776458488514],[-39.02710798872694,-8.066356103478125],[-39.02570419816375,-8.068945328259566],[-39.01962110572325,-8.068592252153007],[-39.01576068167448,-8.07482993003557],[-39.012485170360364,-8.075653774284222],[-39.00546621754442,-8.067415331797802],[-39.00511526990362,-8.065179183122913],[-38.99587364869594,-8.062472266305942],[-38.99400192794502,-8.064473030909788],[-38.99014150389624,-8.06400226276771],[-38.982771603439495,-8.066826871620194],[-38.9813678128763,-8.071181476934454],[-38.977273423733656,-8.071181476934452],[-38.974465842607266,-8.0761245424263],[-38.97048843601157,-8.077183770745984],[-38.97271110440328,-8.080949915882632],[-38.9773904062806,-8.080008379598471],[-38.97820928410911,-8.083186064557523],[-38.97469980770112,-8.08553990526792],[-38.96978654072997,-8.085304521196885],[-38.96814878507292,-8.090129894653211],[-38.965341203946544,-8.09083604686633],[-38.95855621622444,-8.086246057481045],[-38.955514670004185,-8.089659126511123],[-38.95153726340848,-8.087305285800722],[-38.94522020587413,-8.08589298137448],[-38.93843521815204,-8.091189122972892],[-38.93001247477287,-8.090247586688731],[-38.92357843469159,-8.09401373182538],[-38.91574060404711,-8.089070666333525],[-38.91059337198207,-8.086716825623128],[-38.9174953422511,-8.093896039789858],[-38.92474826016091,-8.099898333601391],[-38.93153324788302,-8.106489087590525],[-38.935744619572574,-8.118258291142547],[-38.937265392682704,-8.12484904513169],[-38.93492574174406,-8.126261349557927],[-38.93094833514834,-8.132028259298425],[-38.920185940830535,-8.14320900267285],[-38.91152923235753,-8.145327459312213],[-38.9096575116066,-8.147445915951575],[-38.906031052651684,-8.158744351361523],[-38.90123476822745,-8.16192203632057],[-38.89175918192592,-8.163687416853364],[-38.88158170034279,-8.169925094735946],[-38.87350990460444,-8.167806638096586],[-38.869649480555644,-8.169807402700421],[-38.8687136201802,-8.178634305364442],[-38.86719284707008,-8.181576606252458],[-38.86695888197621,-8.18828505227711],[-38.868596637633274,-8.194875806266236],[-38.87163818385351,-8.201231176184328],[-38.87713636355935,-8.20605654964067],[-38.879709979591865,-8.20946961867075],[-38.874562747526824,-8.21417730009156],[-38.86824568999248,-8.21464806823364],[-38.865672073959935,-8.215942680624366],[-38.858653121144,-8.222415742577985],[-38.85081529049952,-8.22535804346599],[-38.83923401835318,-8.22382804700422],[-38.83046032733324,-8.221003438151735],[-38.82718481601912,-8.221474206293822],[-38.82718481601913,-8.225593427537033],[-38.812561997652544,-8.235244174449685]]]}},{"type":"Feature","properties":{"nome":"Itapetim","codigo_ibge":"2607703"},"geometry":{"type":"Polygon","coordinates":[[[-37.026121523444715,-7.497315111737669],[-37.12625858361902,-7.479778998445149],[-37.1340964142635,-7.483427451546271],[-37.13947761142241,-7.484839755972523],[-37.16018352222948,-7.49543203916934],[-37.158077836384685,-7.487311288718442],[-37.16228920807424,-7.484015911723879],[-37.16065145241721,-7.477778233841301],[-37.159013696760155,-7.47565977720194],[-37.160183522229474,-7.472011324100806],[-37.16299110335584,-7.47071671171008],[-37.16228920807427,-7.46436134179199],[-37.1580778363847,-7.4635374975433475],[-37.15749292365002,-7.459182892229097],[-37.1542174123359,-7.454357518772768],[-37.171647811828855,-7.450238297529557],[-37.18217624105281,-7.452945214346521],[-37.18556873491385,-7.452709830275478],[-37.193406565558334,-7.44388292761147],[-37.19598018159086,-7.439175246190651],[-37.19843681507642,-7.430936803704233],[-37.19715000706019,-7.427052966532065],[-37.19492733866845,-7.425522970070309],[-37.20218025657827,-7.412576846163077],[-37.20779541883104,-7.411635309878915],[-37.21434644145927,-7.414459918731404],[-37.217037040038704,-7.4135183824472355],[-37.22698055652799,-7.413753766518278],[-37.231542875858366,-7.410340697488187],[-37.238678811221234,-7.406927628458103],[-37.24558078149027,-7.399159954113762],[-37.24850534516361,-7.396688421367843],[-37.257863948918185,-7.393863812515357],[-37.27038108144,-7.39351073640879],[-37.28301519650872,-7.369619253198183],[-37.279037789913,-7.353730828402943],[-37.280441580476186,-7.350082375301822],[-37.27108297672157,-7.335959331039387],[-37.27272073237865,-7.334076258471066],[-37.27307168001944,-7.3267793522688125],[-37.26184135551391,-7.307830934550048],[-37.26078851259152,-7.274171012391257],[-37.25295068194701,-7.274877164604374],[-37.24195432253535,-7.272994092036048],[-37.23423347443781,-7.273935628320204],[-37.22791641690346,-7.279467153989667],[-37.2226522022915,-7.286057907978801],[-37.21422945891235,-7.291354049577214],[-37.20510482025158,-7.291824817719291],[-37.19668207687244,-7.294649426571779],[-37.190949932072755,-7.300180952241225],[-37.18299511888133,-7.306418630123798],[-37.17691202644084,-7.309596315082845],[-37.17351953257979,-7.3158339929654215],[-37.16848928306169,-7.319953214208638],[-37.16767040523316,-7.324072435451837],[-37.16813833542089,-7.331957801831694],[-37.165330754294516,-7.33654779121699],[-37.15702499346229,-7.338195479714267],[-37.15070793592795,-7.33454702661314],[-37.14497579112824,-7.33501779475522],[-37.14123234962639,-7.341255472637794],[-37.13526623973282,-7.346669306271728],[-37.128013321823005,-7.3439623894547665],[-37.12157928174172,-7.350906219550455],[-37.11374145109723,-7.351259295657018],[-37.10672249828127,-7.353848520438474],[-37.1018092313101,-7.356673129290954],[-37.097363894526666,-7.35396621247399],[-37.09209967991469,-7.35737928150407],[-37.08566563983341,-7.358203125752721],[-37.08285805870701,-7.362440039031444],[-37.07923159975211,-7.365264647883933],[-37.072914542217745,-7.368324640807462],[-37.07069187382603,-7.37420924258348],[-37.070340926185246,-7.3802115363950005],[-37.06741636251192,-7.3833892213540535],[-37.05314449178613,-7.379505384181882],[-37.04998596301896,-7.377622311613555],[-37.039457533795016,-7.381741532856772],[-37.03103479041588,-7.385625370028935],[-37.02565359325699,-7.386096138171016],[-37.022495064489796,-7.3926868921601585],[-37.01945351826955,-7.394334580657434],[-37.01687990223703,-7.401631486859693],[-37.01372137346984,-7.403749943499054],[-37.018400675347145,-7.410811465630271],[-37.02366488995912,-7.415754531122122],[-37.02600454089778,-7.4224629771467745],[-37.017581797518616,-7.424581433786144],[-37.01454025129838,-7.430348343526634],[-37.02366488995913,-7.433879104592246],[-37.02120825647354,-7.440234474510335],[-37.0131364607352,-7.4449421559311535],[-37.01067982724959,-7.453651366559643],[-37.003309926792845,-7.454945978950369],[-36.99734381689929,-7.459418276300141],[-36.99406830558516,-7.4647144178985565],[-36.99547209614837,-7.47259978427841],[-36.99301546266278,-7.474129780740173],[-36.987634265503885,-7.474012088704653],[-36.98541159711217,-7.475659777201939],[-36.984241771642836,-7.48225053119107],[-36.99360037539745,-7.48848820907364],[-36.997694764540086,-7.492489738281327],[-37.00330992679285,-7.496373575453499],[-37.00728733338855,-7.494490502885173],[-37.010562844702676,-7.489547437393325],[-37.02167618666128,-7.496726651560062],[-37.025185663069244,-7.496726651560068],[-37.026121523444715,-7.497315111737669]]]}},{"type":"Feature","properties":{"nome":"Paudalho","codigo_ibge":"2610608"},"geometry":{"type":"Polygon","coordinates":[[[-35.23008848038838,-7.956196358231159],[-35.25442085015037,-7.946780995389532],[-35.25442085015035,-7.946427919282967],[-35.25383593741572,-7.915592605976664],[-35.25067740864853,-7.908531083845457],[-35.24903965299147,-7.902764174104955],[-35.249858530820006,-7.898644952861748],[-35.24857172280375,-7.896526496222377],[-35.24424336856723,-7.894172655511977],[-35.24131880489393,-7.888288053735967],[-35.23535269500036,-7.890524202410855],[-35.227514864355854,-7.889229590020131],[-35.22143177191538,-7.890759586481891],[-35.21476376674021,-7.890406510375323],[-35.225994091245745,-7.824263586412948],[-35.226111073792666,-7.821321285524935],[-35.14597802914384,-7.826735119158871],[-35.14001191925029,-7.794487501426321],[-35.12340039758585,-7.848625837765638],[-35.12223057211651,-7.851685830689161],[-35.116966357504566,-7.854157363435094],[-35.11205309053338,-7.857570432465176],[-35.1102983523294,-7.863808110347746],[-35.10351336460732,-7.873458857260407],[-35.09743027216682,-7.884521908599322],[-35.083392366534895,-7.89181881480157],[-35.07883004720454,-7.896291112151339],[-35.07391678023337,-7.899586489145913],[-35.0668978274174,-7.898762644897268],[-35.062686455727835,-7.90547109092192],[-35.050754235940715,-7.907707239596805],[-35.04455416095326,-7.911708768804492],[-35.03800313832503,-7.9192410590778],[-35.031920045884554,-7.927008733422127],[-35.029112464758185,-7.933364103340229],[-35.03180306333763,-7.935835636086152],[-35.034610644463996,-7.941484853791127],[-35.04502209114101,-7.950194064419617],[-35.04923346283057,-7.946074843176402],[-35.05519957272413,-7.945957151140898],[-35.05929396186679,-7.947604839638178],[-35.066546879776595,-7.947840223709212],[-35.07169411184164,-7.950900216632741],[-35.075788500984274,-7.950664832561703],[-35.07707530900055,-7.960315579474365],[-35.07883004720453,-7.962080960007161],[-35.092166057554834,-7.967024025499014],[-35.0931019179303,-7.969848634351498],[-35.098951045276934,-7.972908627275035],[-35.103981294795034,-7.970201710458065],[-35.109011544313155,-7.971143246742223],[-35.1113511952518,-7.9686717139963],[-35.11474368911284,-7.970084018422546],[-35.11755127023921,-7.973967855594712],[-35.12644194380611,-7.974909391878873],[-35.130419350401795,-7.9758509281630445],[-35.136970373030024,-7.972908627275029],[-35.14141570981346,-7.972320167097429],[-35.14597802914384,-7.973614779488145],[-35.151944139037404,-7.971496322848783],[-35.15615551072697,-7.971378630813267],[-35.158027231477895,-7.973967855594713],[-35.16247256826136,-7.972202475061903],[-35.165748079575465,-7.972673243203988],[-35.16644997485705,-7.9780870768379195],[-35.17066134654661,-7.975850928163039],[-35.173702892766876,-7.9716140148843015],[-35.17768029936257,-7.9736147794881544],[-35.17721236917487,-7.976674772411679],[-35.18048788048896,-7.977734000731355],[-35.1828275314276,-7.975144775949917],[-35.23008848038838,-7.956196358231159]]]}},{"type":"Feature","properties":{"nome":"Jaqueira","codigo_ibge":"2607950"},"geometry":{"type":"Polygon","coordinates":[[[-35.81394837212905,-8.675177003224414],[-35.81453328486371,-8.679649300574193],[-35.812544581565845,-8.682003141284587],[-35.81277854665969,-8.689064663415808],[-35.81792577872475,-8.695655417404948],[-35.81558612778609,-8.70660077670833],[-35.81231061647198,-8.703305399713754],[-35.81043889572104,-8.698833102363988],[-35.80552562874987,-8.697656182008785],[-35.802367099982696,-8.702010787323033],[-35.79476323443208,-8.696832337760153],[-35.78844617689772,-8.70330539971376],[-35.78926505472626,-8.707895389099052],[-35.78283101464495,-8.709190001489775],[-35.77885360804923,-8.711308458129139],[-35.77569507928208,-8.70671846874385],[-35.77148370759249,-8.70365847582032],[-35.76352889440109,-8.706130008566252],[-35.759551487805375,-8.704600012104487],[-35.757094854319774,-8.701304635109912],[-35.752649517536334,-8.700480790861272],[-35.75112874442621,-8.704129243962395],[-35.748438145846755,-8.702952323607201],[-35.74621547745505,-8.705659240424161],[-35.74563056472038,-8.711426150164657],[-35.74410979161027,-8.714015374946102],[-35.74410979161027,-8.720723820970765],[-35.74563056472038,-8.723077661681163],[-35.75019288405075,-8.72237150946804],[-35.752181587348616,-8.725784578498123],[-35.752415552442464,-8.73472917319767],[-35.76329492930721,-8.742379155506478],[-35.76411380713574,-8.745792224536574],[-35.76820819627837,-8.749676061708742],[-35.76692138826212,-8.756384507733392],[-35.76961198684157,-8.760974497118685],[-35.773238445796466,-8.76179834136733],[-35.77803473022072,-8.76085680508317],[-35.77440827126581,-8.765917562610532],[-35.77908757314312,-8.767094482965737],[-35.78248006700416,-8.772390624564157],[-35.78528764813054,-8.7738029289904],[-35.791487723117974,-8.773685236954877],[-35.79920857121553,-8.776745229878403],[-35.803419942905094,-8.770507551995832],[-35.82038241221033,-8.778863686517766],[-35.821669220226575,-8.782982907760982],[-35.818510691459394,-8.791221350247389],[-35.82588059191616,-8.794516727241957],[-35.82634852210388,-8.796635183881325],[-35.824359818806016,-8.80087209716005],[-35.83044291124653,-8.801931325479734],[-35.83757884660942,-8.80181363344422],[-35.83945056736034,-8.806992083007112],[-35.84412986923765,-8.806756698936072],[-35.8471714154579,-8.808051311326798],[-35.85536019374318,-8.76003296083453],[-35.85945458288582,-8.75603143162684],[-35.86214518146527,-8.75485451127163],[-35.861092338542875,-8.75132375020603],[-35.85629605411862,-8.744968380287927],[-35.85032994422507,-8.740849159044725],[-35.84892615366189,-8.737789166121194],[-35.84576762489469,-8.735082249304225],[-35.84518271216004,-8.716133831585472],[-35.84108832301741,-8.713426914768503],[-35.83559014331157,-8.71436845105266],[-35.821084307491915,-8.708954617418726],[-35.82003146456953,-8.703658475820324],[-35.818276726365546,-8.699539254577118],[-35.81909560419407,-8.696008493511497],[-35.82143525513272,-8.695537725369423],[-35.81792577872474,-8.68882927934477],[-35.81944655183487,-8.681296989071475],[-35.81394837212905,-8.675177003224414]]]}},{"type":"Feature","properties":{"nome":"Carpina","codigo_ibge":"2604007"},"geometry":{"type":"Polygon","coordinates":[[[-35.40567928333424,-7.775774467778598],[-35.39526783665723,-7.766594489008017],[-35.39304516826551,-7.762122191658241],[-35.388482848935126,-7.761180655374081],[-35.38532432016797,-7.762122191658247],[-35.37853933244586,-7.762239883693759],[-35.375614768772564,-7.764476032368656],[-35.371754344723776,-7.764946800510733],[-35.3668410777526,-7.768595253611869],[-35.36227875842225,-7.767300641221136],[-35.35818436927959,-7.77000755803811],[-35.35771643909185,-7.776716004062752],[-35.355025840512404,-7.778599076631083],[-35.34777292260259,-7.7718906306064275],[-35.34356155091301,-7.770007558038106],[-35.31700651275932,-7.7742444713168375],[-35.304255415143665,-7.766241412901452],[-35.27419090058198,-7.78836751557926],[-35.25219818175866,-7.808728237724274],[-35.226111073792666,-7.821321285524935],[-35.225994091245745,-7.824263586412948],[-35.21476376674021,-7.890406510375323],[-35.22143177191538,-7.890759586481891],[-35.227514864355854,-7.889229590020131],[-35.23535269500036,-7.890524202410855],[-35.24131880489393,-7.888288053735967],[-35.243307508191776,-7.886640365238679],[-35.24716793224055,-7.886993441345242],[-35.26284359352953,-7.890406510375335],[-35.26822479068842,-7.892524967014692],[-35.27395693548811,-7.889935742233244],[-35.279455115193954,-7.882991912137557],[-35.28214571377339,-7.875695005935292],[-35.28939863168322,-7.874400393544576],[-35.29033449205867,-7.870163480265839],[-35.286708033103764,-7.863808110347754],[-35.28378346943047,-7.853568903257494],[-35.28378346943047,-7.847448917410432],[-35.286708033103764,-7.846860457232837],[-35.28612312036912,-7.842741235989622],[-35.28237967886727,-7.840034319172662],[-35.28553820763445,-7.834620485538727],[-35.291387334981074,-7.828618191727199],[-35.29279112554427,-7.8232043580932675],[-35.29536474157678,-7.8212035934894155],[-35.297236462327696,-7.824145894377428],[-35.30156481656422,-7.827205887300944],[-35.30694601372311,-7.826852811194383],[-35.31291212361667,-7.828382807656153],[-35.3161876349308,-7.830383572260003],[-35.31922918115102,-7.830148188188958],[-35.3198140938857,-7.824852046590539],[-35.32367451793447,-7.82355743419982],[-35.331980278766686,-7.824734354555028],[-35.33431992970535,-7.822380513844612],[-35.34578421930475,-7.825911274910229],[-35.34835783533725,-7.828618191727195],[-35.35912022965507,-7.828971267833754],[-35.358886264561185,-7.82685281119439],[-35.36543728718941,-7.825675890839182],[-35.36976564142592,-7.821792053667019],[-35.37631666405414,-7.818378984636931],[-35.381931826306925,-7.820379749240778],[-35.384973372527156,-7.819673597027649],[-35.388599831482075,-7.823910510306384],[-35.39585274939189,-7.8274412713719945],[-35.40041506872227,-7.826970503229906],[-35.405679283334216,-7.825087430661585],[-35.40614721352197,-7.783542142122934],[-35.40567928333424,-7.775774467778598]]]}},{"type":"Feature","properties":{"nome":"Lajedo","codigo_ibge":"2608800"},"geometry":{"type":"Polygon","coordinates":[[[-36.38248355022151,-8.63492632707649],[-36.331947089946624,-8.614683296967007],[-36.275093572137365,-8.561957265053925],[-36.27380676412109,-8.562310341160487],[-36.2927579367242,-8.631277873975355],[-36.26830858441528,-8.624451735915187],[-36.248304568889786,-8.655287049221497],[-36.19484354494159,-8.712367686448815],[-36.2185910019689,-8.713897682910591],[-36.24900646417139,-8.786513668826586],[-36.24947439435912,-8.786866744933148],[-36.32820364844476,-8.697185413866709],[-36.38236656767457,-8.635279403183048],[-36.38248355022151,-8.63492632707649]]]}},{"type":"Feature","properties":{"nome":"Bom Jardim","codigo_ibge":"2602209"},"geometry":{"type":"Polygon","coordinates":[[[-35.68772420398874,-7.847448917410436],[-35.69497712189856,-7.846860457232831],[-35.700475301604406,-7.848155069623561],[-35.69801866811882,-7.84274123598963],[-35.69953944122896,-7.837680478462259],[-35.701996074714536,-7.833914333325599],[-35.707962184608085,-7.831442800579677],[-35.70901502753049,-7.8287358837627075],[-35.70924899262435,-7.817437448352769],[-35.71252450393847,-7.816378220033081],[-35.7108867482814,-7.8130828430385195],[-35.7108867482814,-7.805432860729697],[-35.70971692281206,-7.804138248338974],[-35.70959994026515,-7.797312110278796],[-35.71112071337525,-7.792015968680388],[-35.707845202061165,-7.786484443010948],[-35.70819614970194,-7.783424450087411],[-35.70573951621636,-7.775539083707558],[-35.670995699777386,-7.7757744677785885],[-35.67204854269977,-7.760474503160966],[-35.670176821948864,-7.756355281917758],[-35.6534483177375,-7.757414510237437],[-35.65216150972123,-7.7591798907702465],[-35.64397273143595,-7.759768350947848],[-35.63964437719945,-7.757885278379524],[-35.63145559891417,-7.76188680758721],[-35.629466895616325,-7.766241412901453],[-35.625957419208326,-7.767065257150094],[-35.621395099877944,-7.773420627068192],[-35.619172431486255,-7.77471523945892],[-35.6140251994212,-7.782365221767734],[-35.61016477537241,-7.781188301412528],[-35.60759115933992,-7.778246000524524],[-35.60642133387057,-7.772126014677471],[-35.58501352778191,-7.741996853584287],[-35.58091913863928,-7.738466092518675],[-35.571794499978544,-7.733993795168904],[-35.56676425046042,-7.727638425250806],[-35.55436410048556,-7.718693830551275],[-35.548281008045066,-7.716810757982945],[-35.54863195568587,-7.722813051794483],[-35.54500549673097,-7.722813051794481],[-35.54418661890244,-7.725990736753524],[-35.541262055229126,-7.725990736753526],[-35.53868843919661,-7.7286976535704985],[-35.54137903777605,-7.735406099595148],[-35.5296807830828,-7.743291465975],[-35.533424224584635,-7.746822227040612],[-35.52628828922176,-7.748940683679972],[-35.52336372554842,-7.744233002259164],[-35.52020519678124,-7.74917606775102],[-35.5164617552794,-7.7495291438575835],[-35.511665470855185,-7.747881455360291],[-35.50488048313309,-7.743762234117082],[-35.502306867100565,-7.739054552696275],[-35.49248033315824,-7.732581490742668],[-35.49072559495424,-7.7298745739257],[-35.48440853741989,-7.729992265961221],[-35.44568731438519,-7.69268389070129],[-35.42767200215756,-7.713397688952863],[-35.41913227623147,-7.7212830553327185],[-35.45726858653152,-7.713986149130465],[-35.45925728982935,-7.718105370373669],[-35.46358564406588,-7.72045921108408],[-35.468030980849306,-7.725637660646964],[-35.47504993366528,-7.735759175701707],[-35.481951903934295,-7.743644542081569],[-35.482419834122034,-7.760945271303046],[-35.48148397374657,-7.766123720865937],[-35.484525519966816,-7.77177293857091],[-35.48487646760759,-7.778599076631089],[-35.48218586902816,-7.78212983769669],[-35.47633674168153,-7.784483678407096],[-35.47703863696311,-7.797782878420886],[-35.5020729020067,-7.807551317369073],[-35.511314523214374,-7.801313639486494],[-35.51774856329567,-7.800607487273372],[-35.52043916187512,-7.8031967120548185],[-35.53260534675611,-7.81037592622155],[-35.53517896278862,-7.813435919145078],[-35.539858264665924,-7.816378220033087],[-35.543601706167784,-7.817084372246214],[-35.5490998858736,-7.823322050128786],[-35.55424711793864,-7.822968974022211],[-35.560213227832214,-7.829324343940314],[-35.570390709415356,-7.834032025361127],[-35.574953028745725,-7.829677420046873],[-35.579164400435296,-7.82826511562063],[-35.58618335325125,-7.833796641290085],[-35.59495704427119,-7.835326637751846],[-35.59671178247517,-7.83756278642673],[-35.60185901454022,-7.838033554568815],[-35.61414218196815,-7.837445094391213],[-35.68316188465838,-7.835562021822894],[-35.68456567522158,-7.844506616522432],[-35.68772420398874,-7.847448917410436]]]}},{"type":"Feature","properties":{"nome":"Salgadinho","codigo_ibge":"2612109"},"geometry":{"type":"Polygon","coordinates":[[[-35.51400512179382,-7.938542552903112],[-35.51575985999783,-7.9396017812228],[-35.5225448477199,-7.933011027233666],[-35.52546941139322,-7.9315987228074185],[-35.53155250383371,-7.930892570594291],[-35.53459405005397,-7.934894099801992],[-35.53552991042942,-7.941484853791127],[-35.53833749155581,-7.946192535211935],[-35.54547342691868,-7.9468986874250565],[-35.553428240110115,-7.9441917706080805],[-35.55553392595492,-7.941131777684562],[-35.56243589622391,-7.941014085649031],[-35.57050769196227,-7.944427154679133],[-35.57963233062303,-7.9464279192829705],[-35.583609737218715,-7.943485618394961],[-35.589926794753104,-7.9408963936135155],[-35.59577592209971,-7.9397194732583225],[-35.600806171617826,-7.935600252015104],[-35.612738391404946,-7.937483324583438],[-35.61320632159268,-7.940307933435913],[-35.61952337912704,-7.944780230785687],[-35.625840436661385,-7.944427154679133],[-35.62958387816324,-7.9412494697200735],[-35.63718774371385,-7.94219100600425],[-35.64186704559116,-7.9386602449386405],[-35.64853505076633,-7.942426390075284],[-35.65415021301907,-7.944309462643607],[-35.65532003848841,-7.940661009542478],[-35.652863405002826,-7.938777936974154],[-35.65122564934576,-7.9330110272336585],[-35.65625589886386,-7.927832577670763],[-35.65625589886388,-7.92559642899588],[-35.66421071205529,-7.924772584747244],[-35.66561450261848,-7.9224187440368405],[-35.6725164728875,-7.917593370580509],[-35.677078792217884,-7.91947644314883],[-35.67485612382615,-7.913591841372816],[-35.67813163514029,-7.91017877234273],[-35.68105619881359,-7.909943388271698],[-35.61589692017212,-7.879578843107466],[-35.586885248532845,-7.895584959938221],[-35.57822854005981,-7.8957026519737425],[-35.567817093382835,-7.890288818339811],[-35.5662963202727,-7.891465738695014],[-35.5612660707546,-7.889582666126693],[-35.559745297644476,-7.892407274979171],[-35.55237539718771,-7.8986449528617415],[-35.54301679343311,-7.896173420115814],[-35.54067714249447,-7.8942903475475],[-35.53541292788248,-7.895467267902695],[-35.53166948638064,-7.8938195794054185],[-35.523129760454566,-7.901351869678716],[-35.520673126968994,-7.904294170566727],[-35.51400512179382,-7.938542552903112]]]}},{"type":"Feature","properties":{"nome":"Iati","codigo_ibge":"2606507"},"geometry":{"type":"Polygon","coordinates":[[[-36.87977635723202,-9.276347920661895],[-36.87977635723201,-9.278819453407833],[-36.88983685626823,-9.283644826864164],[-36.89790865200656,-9.281173294118235],[-36.90083321567989,-9.28293867465104],[-36.91370129584247,-9.296002490593791],[-36.91802965007898,-9.304829393257801],[-36.92142214394001,-9.309537074678612],[-36.922358004315484,-9.318128593271592],[-36.92680334109892,-9.322836274692405],[-36.9268033410989,-9.327190880006649],[-36.9209542137523,-9.332487021605068],[-36.92224102176856,-9.33978392780733],[-36.92539955053574,-9.343667764979495],[-36.93007885241303,-9.346963141974054],[-36.93651289249434,-9.349905442862058],[-36.938384613245255,-9.355672352602554],[-36.93674685758819,-9.361203878272015],[-36.930429800053844,-9.370030780936025],[-36.93323738118021,-9.374385386250276],[-36.93686384013514,-9.3774453791738],[-36.94025633399615,-9.380269988026285],[-36.946456408983614,-9.38297690484325],[-36.95242251887717,-9.382506136701181],[-36.955464065097416,-9.381211524310457],[-36.96131319244405,-9.375679998640997],[-36.96926800563546,-9.369089244651873],[-36.97967945231245,-9.359320805703689],[-36.99126072445878,-9.356496196851191],[-37.00330992679286,-9.352612359679036],[-37.006819403200836,-9.346845449938538],[-37.01278551309438,-9.339313159665247],[-37.01676291969009,-9.329897796823616],[-37.01840067534714,-9.323895503012093],[-37.024249802693774,-9.315657060525666],[-37.02846117438336,-9.314009372028385],[-37.03232159843215,-9.314127064063905],[-37.03980848143582,-9.31624552070327],[-37.047529329533376,-9.314833216277034],[-37.0530275092392,-9.308360154323415],[-37.05536716017784,-9.30741861803925],[-37.05431431725547,-9.302357860511878],[-37.04752932953336,-9.291059425101933],[-37.04238209746834,-9.290706348995368],[-37.036883917762495,-9.28588097553905],[-37.03817072577876,-9.281997138366878],[-37.03711788285637,-9.275877152519815],[-37.03337444135454,-9.272346391454215],[-37.03080082532202,-9.267756402068931],[-37.02530264561619,-9.263637180825718],[-37.022261099395934,-9.26257795250603],[-37.0146572338453,-9.268933322424123],[-37.01266853054744,-9.265755637465075],[-37.00447975226218,-9.26328410471916],[-36.99594002633611,-9.251867977273692],[-36.991611672099594,-9.2496318285988],[-36.985294614565234,-9.248572600279125],[-36.982370050891916,-9.246101067533194],[-36.977339801373816,-9.246454143639752],[-36.97406429005971,-9.24457107107143],[-36.97043783110478,-9.238804161330945],[-36.965290599039754,-9.235038016194299],[-36.965407581586675,-9.227152649814432],[-36.966460424509066,-9.224328040961954],[-36.96318491319497,-9.220208819718733],[-36.9582716462238,-9.217031134759688],[-36.9525395014241,-9.211970377232317],[-36.95335837925262,-9.206438851562865],[-36.950784763220106,-9.200554249786864],[-36.94961493775079,-9.19525810818844],[-36.95019985048544,-9.190432734732116],[-36.945988478795876,-9.186431205524432],[-36.9450526184204,-9.181605832068096],[-36.945520548608144,-9.178075071002485],[-36.94879605992225,-9.179251991357697],[-36.95312441415876,-9.176427382505198],[-36.9568678556606,-9.178663531180087],[-36.967513267431485,-9.16724740373462],[-36.96926800563546,-9.163128182491413],[-36.97675488863914,-9.158655885141641],[-36.977222818826874,-9.151829747081464],[-36.98003039995326,-9.147710525838264],[-36.98424177164283,-9.136647474499352],[-36.98646444003454,-9.134058249717906],[-36.98541159711215,-9.129350568297092],[-36.974532220247426,-9.124407502805242],[-36.972660499496506,-9.121229817846203],[-36.97347937732503,-9.11793444085164],[-36.972894464590375,-9.112991375359785],[-36.97008688346398,-9.11169676296906],[-36.96587551177442,-9.103576012518158],[-36.96189810517871,-9.10133986384328],[-36.958037681129916,-9.09474910985414],[-36.9568678556606,-9.088393739936045],[-36.953592344346504,-9.085804515154605],[-36.95160364104865,-9.079684529307556],[-36.94844511228144,-9.075800692135376],[-36.94002236890231,-9.067562249648962],[-36.9403733165431,-9.0625014921216],[-36.939086508526856,-9.058617654949426],[-36.939788403808436,-9.052262285031324],[-36.93335436372716,-9.051909208924764],[-36.93113169533543,-9.049555368214362],[-36.93148264297623,-9.044729994758024],[-36.928909026943714,-9.041316925727939],[-36.927505236380526,-9.033549251383606],[-36.9299618698661,-9.03154848677976],[-36.92516558544186,-9.025428500932707],[-36.920135335923774,-9.02425158057751],[-36.9166258595158,-9.018249286765974],[-36.91405224348327,-9.017190058446285],[-36.90972388924676,-9.011658532776837],[-36.90855406377744,-9.005067778787701],[-36.90153511096147,-8.997182412407852],[-36.901418128414555,-8.99365165134224],[-36.89837658219429,-8.983530136287492],[-36.896270896349506,-8.982117831861261],[-36.89486710578631,-8.975409385836596],[-36.887965135517305,-8.96905401591851],[-36.88901797843968,-8.961521725645207],[-36.88515755439091,-8.956225584046797],[-36.8865613449541,-8.952459438910145],[-36.88480660675012,-8.942573307926441],[-36.88632737986025,-8.940454851287088],[-36.88819910061116,-8.932804868978272],[-36.8872632402357,-8.929744876054746],[-36.88387074637465,-8.925743346847048],[-36.88164807798292,-8.919387976928952],[-36.88047825251362,-8.912914914975346],[-36.874278177526186,-8.9091487698387],[-36.87217249168139,-8.904558780453408],[-36.87100266621205,-8.895496493718342],[-36.865621469053174,-8.888199587516086],[-36.86515353886545,-8.889023431764725],[-36.822571891781976,-8.9556371238692],[-36.81344725312122,-8.969642476096105],[-36.7867752324206,-9.00812777171123],[-36.802216928615685,-9.086392975332203],[-36.78455256402886,-9.113226759430818],[-36.76899388528683,-9.137471318748002],[-36.872523439322194,-9.167953555947742],[-36.88316885109307,-9.263990256932281],[-36.88176506052985,-9.276112536590864],[-36.87977635723202,-9.276347920661895]]]}},{"type":"Feature","properties":{"nome":"Moreno","codigo_ibge":"2609402"},"geometry":{"type":"Polygon","coordinates":[[[-35.19581259413714,-8.07953761145639],[-35.1547517201638,-8.090129894653215],[-35.143989325845986,-8.090365278724242],[-35.142819500376646,-8.092483735363611],[-35.13802321595244,-8.09142450704393],[-35.13872511123402,-8.088599898191445],[-35.13451373954445,-8.086599133587605],[-35.13264201879354,-8.082362220308873],[-35.12889857729168,-8.081420684024708],[-35.12843064710396,-8.075889158355253],[-35.124336257961296,-8.078360691101183],[-35.10924550940701,-8.080949915882627],[-35.10620396318674,-8.085186829161362],[-35.1016416438564,-8.088482206155922],[-35.097547254713746,-8.088364514120409],[-35.09146416227324,-8.086599133587601],[-35.08619994766129,-8.08812913004937],[-35.08081875050239,-8.08577528933896],[-35.0729809198579,-8.085775289338956],[-35.07075825146618,-8.084833753054795],[-35.06654687977661,-8.086128365445525],[-35.06561101940113,-8.08836451412041],[-35.05812413639745,-8.088011438013842],[-35.08748675567754,-8.143209002672842],[-35.09707932452602,-8.161686652249527],[-35.08748675567753,-8.173926623943633],[-35.07461867551495,-8.189344280596782],[-35.06584498449502,-8.200760408042255],[-35.06806765288673,-8.202996556717142],[-35.06748274015205,-8.209587310706276],[-35.06467515902568,-8.214412684162602],[-35.063037403368625,-8.219591133725489],[-35.06444119393181,-8.222768818684537],[-35.0665468797766,-8.22053267000965],[-35.0729809198579,-8.221356514258291],[-35.07450169296802,-8.21747267708613],[-35.07801116937599,-8.21912036558341],[-35.0840942618165,-8.21370653194948],[-35.08526408728581,-8.210175770883872],[-35.09111321463245,-8.207115777960343],[-35.09438872594656,-8.203467324859217],[-35.103981294795034,-8.196170418656964],[-35.10947947450087,-8.189932740774386],[-35.11392481128432,-8.190638892987508],[-35.11778523533308,-8.188991204490224],[-35.12047583391252,-8.184165831033898],[-35.12293246739811,-8.186872747850861],[-35.1267928914469,-8.184165831033901],[-35.128898577291686,-8.187461208028463],[-35.13264201879353,-8.188285052277108],[-35.136151495201496,-8.185813519531184],[-35.14083079707881,-8.188755820419182],[-35.148200697535565,-8.184871983247012],[-35.155921545633106,-8.199818871758094],[-35.155336632898454,-8.202290404504017],[-35.16153670788589,-8.210881923096988],[-35.16457825410613,-8.217354985050614],[-35.16212162062056,-8.222180358506941],[-35.16212162062054,-8.224769583288387],[-35.21523169692794,-8.18757890006398],[-35.22131478936843,-8.186048903602225],[-35.221899702103094,-8.183224294749726],[-35.220261946446044,-8.17886968943548],[-35.2236544403071,-8.176398156689565],[-35.22318651011935,-8.172985087659464],[-35.2240053879479,-8.164746645173048],[-35.227046934168136,-8.163334340746818],[-35.22692995162122,-8.157449738970797],[-35.225643143604955,-8.153918977905192],[-35.219794016258334,-8.150152832768534],[-35.223771422854036,-8.13544132832851],[-35.225526161058,-8.131439799120823],[-35.22283556247856,-8.12708519380657],[-35.21640152239727,-8.123319048669927],[-35.19581259413714,-8.07953761145639]]]}},{"type":"Feature","properties":{"nome":"Tuparetama","codigo_ibge":"2615904"},"geometry":{"type":"Polygon","coordinates":[[[-37.323608140294326,-7.720223827013036],[-37.32536287849831,-7.715280761521183],[-37.330744075657215,-7.70716001107029],[-37.33308372659587,-7.700804641152198],[-37.340102679411814,-7.688329285387039],[-37.34524991147685,-7.688446977422564],[-37.35039714354188,-7.679855458829582],[-37.34431405110139,-7.66690933492236],[-37.34314422563207,-7.662201653501551],[-37.34700464968084,-7.650667834020559],[-37.3547254977784,-7.641370163214455],[-37.36022367748422,-7.640310934894776],[-37.364201084079944,-7.63642709772261],[-37.366189787377785,-7.632778644621477],[-37.37215589727136,-7.626540966738908],[-37.3769521816956,-7.626540966738906],[-37.37332572274069,-7.623010205673302],[-37.367242630300176,-7.62065636496289],[-37.35928781710878,-7.618890984430093],[-37.35648023598239,-7.615124839293439],[-37.35648023598238,-7.612417922476477],[-37.3503971435419,-7.6093579295529485],[-37.3496952482603,-7.605121016274217],[-37.345132928929935,-7.6032379437058895],[-37.33261579640812,-7.60135487113757],[-37.329808215281744,-7.599236414498215],[-37.32126848935566,-7.601119487066537],[-37.31764203040077,-7.601119487066529],[-37.31436651908665,-7.59853026228509],[-37.31366462380505,-7.595234885290518],[-37.238561828674314,-7.687858517244959],[-37.233765544250076,-7.687740825209444],[-37.22534280087093,-7.6892708216712045],[-37.21949367352429,-7.691977738488174],[-37.21516531928781,-7.6973915721221084],[-37.207327488643315,-7.700098488939068],[-37.20358404714147,-7.702570021684999],[-37.194927338668464,-7.710455388064861],[-37.19118389716661,-7.712456152668692],[-37.18100641558346,-7.706218474786118],[-37.17305160239205,-7.704100018146763],[-37.164043946278255,-7.7052769385019575],[-37.16030050477641,-7.709043083638609],[-37.15468534252364,-7.716575373911904],[-37.15047397083406,-7.715986913734301],[-37.150590953381,-7.729050729677061],[-37.14871923263008,-7.733758411097863],[-37.13994554161013,-7.741879161548769],[-37.138892698687755,-7.745527614649893],[-37.14064743689172,-7.750117604035177],[-37.143572000565044,-7.754236825278386],[-37.14836828498927,-7.758120662450562],[-37.15164379630338,-7.7623575757292915],[-37.15386646469513,-7.7681244854697775],[-37.157024993462294,-7.772949858926102],[-37.15679102836844,-7.776833696098281],[-37.151994743944186,-7.779893689021801],[-37.158428784025496,-7.792369044786959],[-37.16380998118437,-7.795782113817044],[-37.17141384673499,-7.795193653639439],[-37.17071195145339,-7.800254411166816],[-37.17211574201661,-7.797900570456402],[-37.175742200971506,-7.79695903417225],[-37.17480634059605,-7.793899041248723],[-37.177145991534694,-7.779893689021804],[-37.17585918351844,-7.773067550961633],[-37.175040305689926,-7.756826050059828],[-37.181357363224286,-7.748234531466855],[-37.18685554293011,-7.745527614649895],[-37.241720357441494,-7.742114545619807],[-37.240667514519096,-7.735759175701712],[-37.243709060739356,-7.7292861137480875],[-37.249207240445195,-7.724460740291763],[-37.251078961196114,-7.718811522586793],[-37.25400352486941,-7.71669306594742],[-37.25856584419981,-7.7152807615211865],[-37.263830058811756,-7.712220768597654],[-37.27225280219092,-7.714103841165982],[-37.276815121521274,-7.713515380988385],[-37.282547266320975,-7.709866927887257],[-37.2847699347127,-7.704923862395402],[-37.290034149324676,-7.705983090715082],[-37.29295871299797,-7.709278467709652],[-37.29775499742223,-7.710926156206935],[-37.298924822891536,-7.714456917272541],[-37.30407205495656,-7.713397688952865],[-37.31284574597652,-7.713633073023893],[-37.318460908229284,-7.716104605769829],[-37.323608140294326,-7.720223827013036]]]}},{"type":"Feature","properties":{"nome":"São Joaquim do Monte","codigo_ibge":"2613305"},"geometry":{"type":"Polygon","coordinates":[[[-35.82517869663455,-8.525001965900563],[-35.826816452291624,-8.530768875641062],[-35.831963684356644,-8.528768111037213],[-35.83711091642169,-8.525472734042644],[-35.839918497548084,-8.52606119422025],[-35.844597799425365,-8.5310042597121],[-35.84565064234777,-8.53406425263563],[-35.84202418339287,-8.539595778305074],[-35.84214116593978,-8.541478850873405],[-35.84916011875574,-8.541243466802362],[-35.85337149044532,-8.535829633168433],[-35.85559415883704,-8.538889626091958],[-35.83874867207873,-8.57878722613333],[-35.844246851784575,-8.580434914630612],[-35.847054432910966,-8.58302413941205],[-35.84997899658428,-8.593145654466804],[-35.87325852342387,-8.59173335004056],[-35.883669970100854,-8.576433385422915],[-35.88320203991313,-8.574197236748036],[-35.882032214443804,-8.557014199562083],[-35.87922463331742,-8.547481144684943],[-35.901100369593834,-8.514291990668221],[-35.89150780074536,-8.500168946405791],[-35.88788134179043,-8.498285873837474],[-35.88823228943124,-8.493107424274577],[-35.89022099272908,-8.487340514534077],[-35.88987004508829,-8.480396684438396],[-35.89220969602694,-8.47333516230717],[-35.888466254525085,-8.46733286849564],[-35.89115685310454,-8.465332103891791],[-35.89887770120211,-8.462154418932748],[-35.90367398562634,-8.462860571145873],[-35.90320605543861,-8.454975204766018],[-35.90472682854873,-8.447207530421675],[-35.90379096817326,-8.443794461391596],[-35.901217352140755,-8.44144062068118],[-35.90308907289167,-8.434614482621003],[-35.898760718655154,-8.429200648987075],[-35.9006324394061,-8.426729116241146],[-35.90601363656499,-8.424728351637302],[-35.91303258938095,-8.42672911624115],[-35.91689301342973,-8.424728351637304],[-35.91724396107052,-8.421550666678263],[-35.920051542196894,-8.420844514465136],[-35.91911568182144,-8.416136833044327],[-35.92122136766623,-8.414606836582571],[-35.919700594556105,-8.410252231268316],[-35.92274214077636,-8.407780698522394],[-35.92028550729077,-8.401425328604299],[-35.91806283889903,-8.398129951609729],[-35.91314957192789,-8.395658418863803],[-35.90870423514445,-8.389656125052268],[-35.905311741283406,-8.38789074451947],[-35.902855107797805,-8.384477675489372],[-35.89653805026344,-8.385772287880105],[-35.88682849886805,-8.38294767902761],[-35.883786952647796,-8.380593838317203],[-35.87559817436251,-8.377651537429195],[-35.87279059323615,-8.378004613535765],[-35.86893016918736,-8.380711530352723],[-35.85898665269809,-8.375180004683273],[-35.84553365980083,-8.37871076574888],[-35.8461185725355,-8.390950737442985],[-35.83886565462568,-8.388361512661549],[-35.8285711904956,-8.388714588768112],[-35.82120129003886,-8.388008436554982],[-35.816755953255424,-8.385889979915621],[-35.772653533061806,-8.373414624150472],[-35.77089879485782,-8.380123070175134],[-35.767857248637576,-8.383771523276256],[-35.754989168475,-8.384830751595944],[-35.75159667461395,-8.402837633030538],[-35.75440425574034,-8.40730993038031],[-35.75803071469525,-8.409075310913114],[-35.75803071469526,-8.411311459588001],[-35.74188712321856,-8.436262171118287],[-35.75557408120965,-8.440734468468063],[-35.76095527836854,-8.441087544574627],[-35.76282699911948,-8.445206765817828],[-35.76423078968266,-8.451562135735921],[-35.772419567967965,-8.453680592375289],[-35.774642236359675,-8.452739056091133],[-35.78107627644098,-8.458152889725062],[-35.7851706655836,-8.463095955216907],[-35.78832919435078,-8.46403749150107],[-35.79101979293023,-8.462625187074833],[-35.79745383301152,-8.464861335749715],[-35.80330296035815,-8.465214411856275],[-35.808333209876274,-8.467921328673237],[-35.81336345939436,-8.464743643714195],[-35.819212586741,-8.46380210743003],[-35.821903185320444,-8.460153654328899],[-35.82412585371216,-8.460624422470987],[-35.82740136502627,-8.464625951678679],[-35.82880515558947,-8.46909824902845],[-35.83243161454439,-8.470392861419164],[-35.83699393387475,-8.477689767621428],[-35.837929794250215,-8.481808988864636],[-35.835824108405426,-8.4845159056816],[-35.830676876340384,-8.486516670285447],[-35.82389188861829,-8.490518199493128],[-35.82049939475726,-8.49428434462978],[-35.817223883443134,-8.500875098618911],[-35.819563534381786,-8.507583544643573],[-35.8217862027735,-8.510290461460533],[-35.822371115508176,-8.520176592444242],[-35.82517869663455,-8.525001965900563]]]}},{"type":"Feature","properties":{"nome":"Santa Terezinha","codigo_ibge":"2612802"},"geometry":{"type":"Polygon","coordinates":[[[-37.367827543034856,-7.3792700001108384],[-37.36759357794097,-7.3878615187038275],[-37.366306769924726,-7.389626899236629],[-37.36630676992472,-7.395158424906081],[-37.364669014267655,-7.399513030220333],[-37.36326522370449,-7.407045320493619],[-37.36420108407993,-7.409516853239543],[-37.376367268960934,-7.473776704633616],[-37.42526597357877,-7.504612017939913],[-37.44994929098152,-7.535565023281749],[-37.45041722116926,-7.533681950713419],[-37.448311535324486,-7.526385044511163],[-37.45100213390394,-7.520971210877237],[-37.45006627352846,-7.516616605562983],[-37.45135308154473,-7.510496619715932],[-37.45533048814045,-7.504729709975438],[-37.459775824923895,-7.505553554224083],[-37.46141358058094,-7.503199713513679],[-37.45954185983001,-7.49955126041254],[-37.46281737114414,-7.494961271027255],[-37.459307894736156,-7.490606665713003],[-37.46047772020548,-7.488252825002604],[-37.46726270792757,-7.488370517038114],[-37.47369674800885,-7.481779763048998],[-37.47463260838431,-7.477307465699222],[-37.47814208479229,-7.47565977720194],[-37.483874229592,-7.468127486928646],[-37.48937240929783,-7.462949037365741],[-37.49042525222022,-7.45812366390942],[-37.49557248428526,-7.454592902843813],[-37.50235747200733,-7.452592138239971],[-37.52165959225123,-7.439528322297212],[-37.5197878715003,-7.436703713444732],[-37.51417270924753,-7.433055260343598],[-37.515693482357676,-7.427523734674148],[-37.510663232839555,-7.420579904578457],[-37.505749965868404,-7.419167600152208],[-37.50036876870951,-7.408575316955391],[-37.4946366239098,-7.399042262078254],[-37.48691577581224,-7.395040732870553],[-37.48761767109383,-7.389391515165589],[-37.49194602533035,-7.386331522242059],[-37.49241395551808,-7.382565377105414],[-37.49814610031778,-7.371149249659945],[-37.49802911777085,-7.3667946443457035],[-37.496040414473,-7.364793879741853],[-37.47919492771469,-7.360086198321033],[-37.465975899911314,-7.358085433717201],[-37.44749265749594,-7.361027734605205],[-37.43368871695789,-7.358673893894798],[-37.43181699620699,-7.35667312929095],[-37.427605624517405,-7.362793115138001],[-37.42666976414196,-7.367500796558815],[-37.42245839245238,-7.370207713375786],[-37.4182470207628,-7.375268470903158],[-37.41052617266526,-7.379858460288446],[-37.4010505863637,-7.377151543471484],[-37.39414861609469,-7.374444626654513],[-37.38794854110724,-7.374444626654516],[-37.381514501025954,-7.373032322228266],[-37.37461253075695,-7.375856931080757],[-37.37028417652043,-7.379034616039799],[-37.367827543034856,-7.3792700001108384]]]}},{"type":"Feature","properties":{"nome":"Cupira","codigo_ibge":"2605004"},"geometry":{"type":"Polygon","coordinates":[[[-35.84997899658428,-8.593145654466804],[-35.84986201403735,-8.598206411994175],[-35.85302054280451,-8.606444854480591],[-35.86401690221618,-8.610210999617232],[-35.86705844843643,-8.612800224398681],[-35.87325852342388,-8.612564840327643],[-35.87653403473798,-8.609151771297544],[-35.88472281302325,-8.61032869165275],[-35.88940211490057,-8.611858688114514],[-35.89805882337358,-8.612094072185561],[-35.94801037091381,-8.629512493442558],[-35.970003089737126,-8.615154065109083],[-35.99655812789083,-8.547010376542852],[-35.968599299173924,-8.535947325203953],[-35.96871628172089,-8.548775757075665],[-35.96590870059449,-8.549599601324301],[-35.96041052088866,-8.548187296898057],[-35.95292363788496,-8.542655771228603],[-35.95058398694631,-8.537241937594674],[-35.94754244072606,-8.535123480955308],[-35.94145934828557,-8.537359629630197],[-35.93537625584508,-8.541831926979961],[-35.92496480916808,-8.547128068578377],[-35.92227421058863,-8.555131126993757],[-35.918296803992924,-8.556425739384471],[-35.910108025707615,-8.557014199562078],[-35.89899468374903,-8.561133420805286],[-35.87922463331742,-8.547481144684943],[-35.882032214443804,-8.557014199562083],[-35.88320203991313,-8.574197236748036],[-35.883669970100854,-8.576433385422915],[-35.87325852342387,-8.59173335004056],[-35.84997899658428,-8.593145654466804]]]}},{"type":"Feature","properties":{"nome":"Jucati","codigo_ibge":"2608255"},"geometry":{"type":"Polygon","coordinates":[[[-36.400615844996054,-8.777686766162569],[-36.40880462328133,-8.780982143157132],[-36.40845367564052,-8.783689059974101],[-36.41547262845649,-8.787337513075226],[-36.421204773256186,-8.794869803348528],[-36.42635200532122,-8.796517491845806],[-36.42822372607216,-8.799106716627247],[-36.43149923738628,-8.798047488307564],[-36.43980499821849,-8.798282872378614],[-36.44448430009579,-8.800872097160058],[-36.45431083403811,-8.802284401586295],[-36.46015996138476,-8.800519021053493],[-36.46975253023324,-8.800283636982451],[-36.47267709390653,-8.802637477692851],[-36.481567767473436,-8.796282107774767],[-36.48706594717925,-8.79569364759716],[-36.49104335377496,-8.791221350247389],[-36.49864721932559,-8.785219056435862],[-36.50028497498263,-8.780511375015058],[-36.50391143393754,-8.781335219263692],[-36.509760561284175,-8.773802928990396],[-36.5159606362716,-8.770154475889267],[-36.51525874099001,-8.765917562610532],[-36.517130461740926,-8.761798341367323],[-36.512334177316696,-8.758385272337248],[-36.50695298015779,-8.744144536039288],[-36.50823978817405,-8.740966851080248],[-36.51502477589614,-8.73625916965943],[-36.51467382825533,-8.73249302452278],[-36.509409613643385,-8.72719688292437],[-36.50250764337437,-8.723195353716683],[-36.49829627168479,-8.716957675834106],[-36.508707718361784,-8.708130773170085],[-36.50262462592128,-8.706483084672811],[-36.49747739385625,-8.70813077317009],[-36.49022447594644,-8.705894624495201],[-36.48718292972619,-8.703893859891368],[-36.48226966275502,-8.703187707678234],[-36.478526221253176,-8.696714645724622],[-36.469986495327085,-8.691418504126219],[-36.46764684438844,-8.690712351913096],[-36.46729589674765,-8.684592366066038],[-36.46940158259244,-8.680002376680752],[-36.46659400146605,-8.677766228005863],[-36.468114774576165,-8.674235466940251],[-36.463552455245804,-8.66882163330633],[-36.452322130740264,-8.664467027992071],[-36.44822774159762,-8.657758581967414],[-36.400615844996054,-8.777686766162569]]]}},{"type":"Feature","properties":{"nome":"Poção","codigo_ibge":"2611200"},"geometry":{"type":"Polygon","coordinates":[[[-36.68698911988706,-8.15568435843799],[-36.6864042071524,-8.15968588764568],[-36.68266076565056,-8.162510496498165],[-36.6820758529159,-8.167453561990024],[-36.679970167071104,-8.170748938984593],[-36.67891732414873,-8.1772220009382],[-36.66523036615762,-8.18063506996828],[-36.66242278503123,-8.182988910678699],[-36.66055106428031,-8.187225823957421],[-36.655637797309126,-8.192757349626879],[-36.6532981463705,-8.197818107154248],[-36.64698108883612,-8.206056549640657],[-36.64639617610147,-8.208410390351071],[-36.63551679923673,-8.210764231061471],[-36.633645078485806,-8.213706531949487],[-36.62779595113918,-8.214412684162603],[-36.62674310821678,-8.2120588434522],[-36.621478893604824,-8.2132357638074],[-36.61715053936831,-8.209116542564198],[-36.616682609180565,-8.199818871758092],[-36.618554329931506,-8.194287346088645],[-36.61761846955604,-8.185460443424613],[-36.61586373135205,-8.180635069968291],[-36.61445994078886,-8.173102779694988],[-36.61258822003793,-8.171572783233223],[-36.6121202898502,-8.16604125756378],[-36.60592021486278,-8.212411919558754],[-36.64007911856711,-8.277730999272505],[-36.63481490395513,-8.285380981581314],[-36.637271537440725,-8.286322517865479],[-36.64230178695882,-8.284792521403716],[-36.658211413341654,-8.282556372728832],[-36.66312468031284,-8.28067330016051],[-36.67072854586344,-8.279496379805314],[-36.67330216189596,-8.274906390420016],[-36.68195887036898,-8.272905625816177],[-36.685702311870806,-8.273729470064813],[-36.69318919487452,-8.273141009887214],[-36.69892133967419,-8.271375629354413],[-36.71026864672667,-8.270081016963688],[-36.71331019294692,-8.271257937318888],[-36.71822345991808,-8.270551785105768],[-36.721615953779114,-8.266903332004635],[-36.724774482546316,-8.265491027578395],[-36.72383862217084,-8.261136422264148],[-36.726529220750294,-8.258194121376137],[-36.73144248772148,-8.259135657660305],[-36.74161996930461,-8.26301949483247],[-36.74934081740215,-8.26125411429967],[-36.75577485748344,-8.261018730228626],[-36.76606932161353,-8.259724117837907],[-36.768876902739905,-8.258664889518222],[-36.77297129188255,-8.259841809873423],[-36.77577887300892,-8.263961031116631],[-36.77729964611905,-8.268786404572964],[-36.78408463384114,-8.27608331077522],[-36.79484702815894,-8.27843715148562],[-36.79952633003624,-8.27843715148563],[-36.802801841350366,-8.276789462988338],[-36.80338675408501,-8.272905625816167],[-36.80221692861569,-8.267609484217756],[-36.80362071917889,-8.26207795854831],[-36.80619433521141,-8.260194885979987],[-36.8061943352114,-8.25642874084333],[-36.814968026231355,-8.254545668275016],[-36.817190694623065,-8.248425682427964],[-36.81625483424761,-8.243247232865059],[-36.81602086915374,-8.234420330201042],[-36.80865096869698,-8.225946503643591],[-36.808650968696995,-8.221356514258302],[-36.805258474835945,-8.218649597441336],[-36.80326977153809,-8.212176535487716],[-36.80022822531784,-8.208763466457627],[-36.80209994606877,-8.204526553178903],[-36.80186598097489,-8.20158425229089],[-36.79683573145681,-8.196288110692478],[-36.787828075342986,-8.189815048738865],[-36.77542792536813,-8.19075658502303],[-36.770865606037766,-8.192757349626875],[-36.767239147082854,-8.195935034585919],[-36.76162398483009,-8.196288110692478],[-36.75355218909173,-8.191462737236153],[-36.75086159051228,-8.185695827495655],[-36.750159695230685,-8.175692004476442],[-36.74091807402301,-8.172396627481863],[-36.73074059243988,-8.172867395623951],[-36.723955604717794,-8.172514319517388],[-36.72243483160767,-8.168277406238659],[-36.71576682643249,-8.167335869954492],[-36.71892535519967,-8.161568960214003],[-36.725827325468714,-8.156390510651118],[-36.72278577924847,-8.15097667701718],[-36.70371762409843,-8.158038199148395],[-36.696932636376346,-8.154742822153834],[-36.68698911988706,-8.15568435843799]]]}},{"type":"Feature","properties":{"nome":"Bonito","codigo_ibge":"2602308"},"geometry":{"type":"Polygon","coordinates":[[[-35.57846250515368,-8.431083721555401],[-35.57542095893344,-8.428965264916037],[-35.56582839008498,-8.414842220653604],[-35.5619679660362,-8.419079133932334],[-35.554598065579434,-8.4247283516373],[-35.55354522265706,-8.429200648987074],[-35.551322554265326,-8.433202178194763],[-35.55904340236289,-8.435202942798604],[-35.563839686787134,-8.439439856077334],[-35.5616170183954,-8.443912153427107],[-35.56196796603619,-8.449561371132082],[-35.5565867688773,-8.44932598706104],[-35.553428240110115,-8.453915976446327],[-35.548047042951204,-8.45320982423321],[-35.545122479277886,-8.456152125121209],[-35.54851497313894,-8.463684415394516],[-35.54734514766963,-8.469686709206043],[-35.5505036764368,-8.472275933987488],[-35.554364100485564,-8.473099778236138],[-35.556586768877295,-8.47627746319518],[-35.555650908501846,-8.478513611870067],[-35.55143953681225,-8.47851361187006],[-35.54383567126164,-8.479808224260792],[-35.542548863245386,-8.485222057894727],[-35.54371868871471,-8.486869746392005],[-35.548982903326674,-8.486752054356485],[-35.558458489628215,-8.493460500381135],[-35.57003976177456,-8.498403565872986],[-35.57249639526012,-8.50264047915172],[-35.57694173204357,-8.50605354818181],[-35.58606637070431,-8.511349689780221],[-35.588756969283764,-8.514645066774792],[-35.58770412636137,-8.517587367662788],[-35.59413816644266,-8.518175827840388],[-35.6032628051034,-8.524413505722961],[-35.60642133387057,-8.525825810149204],[-35.60759115933991,-8.52912118714378],[-35.61425916451506,-8.529474263250343],[-35.614493129608945,-8.533475792458022],[-35.61765165837613,-8.537359629630197],[-35.63285938947737,-8.550776521679508],[-35.63601791824454,-8.551835749999189],[-35.64116515030956,-8.54995267743086],[-35.641282132856496,-8.534888096884272],[-35.665263554977685,-8.539948854411639],[-35.69813565066574,-8.547245760613896],[-35.69907151104122,-8.554071898674072],[-35.69907151104122,-8.560898036734242],[-35.70094323179213,-8.562898801338097],[-35.69836961575963,-8.565958794261611],[-35.70059228415134,-8.56996032346931],[-35.6971997902903,-8.578904918168838],[-35.69170161058445,-8.585260288086943],[-35.69310540114764,-8.588908741188064],[-35.68854308181727,-8.59620564739033],[-35.69357333133538,-8.597500259781047],[-35.699422458682015,-8.599265640313844],[-35.70445270820012,-8.593851806679913],[-35.7086640798897,-8.585966440300062],[-35.71381131195473,-8.580317222595086],[-35.72352086335012,-8.579022610204374],[-35.7252756015541,-8.581964911092372],[-35.72106422986453,-8.586201824371098],[-35.72176612514613,-8.588908741188066],[-35.726445427023435,-8.592557194289197],[-35.73018886852529,-8.593381038537832],[-35.73381532748019,-8.590909505791908],[-35.74492866943879,-8.589614893401187],[-35.74761926801824,-8.586084132335586],[-35.754755203381116,-8.582317987198937],[-35.75662692413204,-8.587731820832868],[-35.76118924346244,-8.59326334650232],[-35.76657044062134,-8.593616422608877],[-35.77113275995168,-8.599147948278333],[-35.774057323625016,-8.600207176598017],[-35.77639697456367,-8.597617951816563],[-35.77639697456366,-8.593027962431277],[-35.780842311347094,-8.58996796950775],[-35.78470273539589,-8.596911799603445],[-35.79300849622811,-8.599030256242816],[-35.79441228679128,-8.5960879553548],[-35.80014443159097,-8.594793342964087],[-35.80330296035816,-8.594322574822002],[-35.80880114006399,-8.584318751802778],[-35.81359742448823,-8.584907211980378],[-35.800729344325646,-8.546539608400778],[-35.807163384406955,-8.551953442034714],[-35.8134804419413,-8.551953442034709],[-35.81488423250448,-8.5495996013243],[-35.82517869663455,-8.525001965900563],[-35.822371115508176,-8.520176592444242],[-35.8217862027735,-8.510290461460533],[-35.819563534381786,-8.507583544643573],[-35.817223883443134,-8.500875098618911],[-35.82049939475726,-8.49428434462978],[-35.82389188861829,-8.490518199493128],[-35.830676876340384,-8.486516670285447],[-35.835824108405426,-8.4845159056816],[-35.837929794250215,-8.481808988864636],[-35.83699393387475,-8.477689767621428],[-35.83243161454439,-8.470392861419164],[-35.82880515558947,-8.46909824902845],[-35.82740136502627,-8.464625951678679],[-35.82412585371216,-8.460624422470987],[-35.821903185320444,-8.460153654328899],[-35.819212586741,-8.46380210743003],[-35.81336345939436,-8.464743643714195],[-35.808333209876274,-8.467921328673237],[-35.80330296035815,-8.465214411856275],[-35.79745383301152,-8.464861335749715],[-35.79101979293023,-8.462625187074833],[-35.78832919435078,-8.46403749150107],[-35.7851706655836,-8.463095955216907],[-35.78107627644098,-8.458152889725062],[-35.774642236359675,-8.452739056091133],[-35.772419567967965,-8.453680592375289],[-35.76423078968266,-8.451562135735921],[-35.76282699911948,-8.445206765817828],[-35.76095527836854,-8.441087544574627],[-35.75557408120965,-8.440734468468063],[-35.74188712321856,-8.436262171118287],[-35.75803071469526,-8.411311459588001],[-35.75803071469525,-8.409075310913114],[-35.75440425574034,-8.40730993038031],[-35.75159667461395,-8.402837633030538],[-35.754989168475,-8.384830751595944],[-35.72223405533387,-8.387537668412902],[-35.70035831905747,-8.373179240079436],[-35.69649789500869,-8.374120776363595],[-35.69404126152312,-8.380005378139606],[-35.68608644833169,-8.386243056022181],[-35.680705251172796,-8.387302284341867],[-35.678248617687196,-8.391656889656112],[-35.68023732098506,-8.394363806473075],[-35.680237320985064,-8.399189179929408],[-35.67731275731175,-8.40142532860429],[-35.68585248323783,-8.440852160503576],[-35.66655036299395,-8.493460500381143],[-35.577994574965956,-8.432378333946119],[-35.57846250515368,-8.431083721555401]]]}},{"type":"Feature","properties":{"nome":"Santa Cruz do Capibaribe","codigo_ibge":"2612505"},"geometry":{"type":"Polygon","coordinates":[[[-36.446356020846714,-7.916416450225301],[-36.44401636990805,-7.912179536946573],[-36.445771108112055,-7.9081780077388855],[-36.43688043454515,-7.900292641359035],[-36.43032941191693,-7.8889942059490785],[-36.42974449918227,-7.886522673203165],[-36.43266906285559,-7.879931919214025],[-36.43945405057769,-7.879108074965385],[-36.43992198076541,-7.876165774077372],[-36.43266906285559,-7.873105781153852],[-36.42904260390068,-7.866985795306794],[-36.42892562135375,-7.858511968749334],[-36.4309143246516,-7.849802758120838],[-36.428340708619096,-7.83344356518353],[-36.42997846427615,-7.827088195265426],[-36.427989760978285,-7.819555904992128],[-36.42401235438258,-7.815789759855485],[-36.40740083271813,-7.814024379322674],[-36.39640447330649,-7.808728237724274],[-36.39254404925771,-7.80766900940459],[-36.37347589410769,-7.812612074896436],[-36.36821167949574,-7.811552846576758],[-36.36318142997761,-7.806021320907302],[-36.36072479649203,-7.8056682448007475],[-36.353120930941415,-7.807669009404585],[-36.34855861161104,-7.807433625333547],[-36.33686035691777,-7.809434389937386],[-36.32071676544109,-7.809199005866353],[-36.313346864984325,-7.806374397013867],[-36.30199955793185,-7.8083751616176995],[-36.29439569238126,-7.811905922683321],[-36.2852710537205,-7.817908216494846],[-36.27942192637388,-7.825087430661581],[-36.27111616554165,-7.830618956331043],[-36.26351229999103,-7.831795876686232],[-36.266319881117404,-7.868515791768564],[-36.24280638918396,-7.89228958294365],[-36.1948435449416,-7.9232425882854844],[-36.169575314804156,-7.939837165293843],[-36.17238289593055,-7.957255586550836],[-36.16606583839618,-7.961845575936127],[-36.16477903037992,-7.965964797179331],[-36.16828850678789,-7.96890709806735],[-36.17261686102441,-7.967847869747661],[-36.1776471105425,-7.968554021960777],[-36.18934536523577,-7.96184557593613],[-36.19086613834589,-7.9585501989415555],[-36.19683224823944,-7.957726354692913],[-36.20303232322687,-7.962787112220287],[-36.20572292180632,-7.962669420184775],[-36.212741874622274,-7.958667890977077],[-36.219058932156656,-7.9590209670836405],[-36.227130727895,-7.955137129911476],[-36.231810029772305,-7.95607866619563],[-36.24210449390237,-7.956196358231151],[-36.25087818492232,-7.953724825485233],[-36.26292738725638,-7.9538425175207434],[-36.27111616554165,-7.9477225316736915],[-36.27579546741895,-7.947840223709222],[-36.2823464900472,-7.944780230785687],[-36.29193905889565,-7.9436033104304835],[-36.29650137822603,-7.945486382998811],[-36.29977688954014,-7.949958680348585],[-36.304690156511306,-7.95337174937867],[-36.31147514423342,-7.959844811332286],[-36.325396067318394,-7.968318637889741],[-36.32890554372637,-7.9680832538187],[-36.337679234746304,-7.961963267971641],[-36.34259250171749,-7.9594917352257175],[-36.34633594321933,-7.959962503367804],[-36.35101524509663,-7.962787112220289],[-36.353588861129154,-7.960315579474368],[-36.351015245096626,-7.957844046728436],[-36.35288696584755,-7.953607133449703],[-36.35698135499018,-7.950194064419626],[-36.359437988475776,-7.952077136987941],[-36.36400030780616,-7.9524302130945],[-36.37172115590371,-7.951606368845867],[-36.3727739988261,-7.945250998927767],[-36.38119674220523,-7.936424096263748],[-36.38716285209882,-7.939366397151756],[-36.400732827543,-7.9381894767965555],[-36.41465375062796,-7.9278325776707765],[-36.42319347655405,-7.9219479758947635],[-36.440038963312325,-7.92006490332643],[-36.44378240481418,-7.920300287397478],[-36.446356020846714,-7.916416450225301]]]}},{"type":"Feature","properties":{"nome":"Pombos","codigo_ibge":"2611309"},"geometry":{"type":"Polygon","coordinates":[[[-35.43937025685082,-8.252662595706685],[-35.43855137902229,-8.248543374463482],[-35.441241977601756,-8.247248762072758],[-35.440891029960945,-8.244306461184754],[-35.443815593634255,-8.241952620474347],[-35.44147594269561,-8.239363395692894],[-35.442411803071074,-8.235244174449694],[-35.438200431381496,-8.230654185064404],[-35.43667965827139,-8.230536493028879],[-35.43047958328395,-8.22088574611621],[-35.42884182762688,-8.216295756730926],[-35.431883373847135,-8.212647303629804],[-35.43597776298979,-8.184989675282539],[-35.43258526912872,-8.18393044696285],[-35.430479583283955,-8.178634305364445],[-35.43246828658179,-8.175338928369873],[-35.432585269128744,-8.171455091197707],[-35.430362600737,-8.169807402700426],[-35.43012863564315,-8.16474664517306],[-35.43632871063056,-8.165923565528256],[-35.444166541275074,-8.169689710664906],[-35.448962825699304,-8.169807402700421],[-35.44241180307106,-8.146857455773977],[-35.43890232666308,-8.126967501771048],[-35.47926130535484,-8.104488322986688],[-35.462532801143475,-8.093778347754336],[-35.442996715805734,-8.07965530349191],[-35.42966070545542,-8.081185299953674],[-35.42930975781462,-8.081302991989192],[-35.34332758581916,-8.117787523000475],[-35.317825390587835,-8.180164301826208],[-35.33853130139493,-8.278084075379061],[-35.366373147564886,-8.299033257701664],[-35.37058451925445,-8.298444797524064],[-35.37397701311549,-8.28844097450484],[-35.37245624000536,-8.284557137332671],[-35.36532030464248,-8.279731763876354],[-35.36730900794032,-8.274788698384496],[-35.37315813528697,-8.277495615201465],[-35.37678459424189,-8.272670241745132],[-35.3772525244296,-8.26890409660848],[-35.384271477245555,-8.26631487182704],[-35.38754698855968,-8.260665654122068],[-35.3955018017511,-8.26007719394446],[-35.402754719660926,-8.2567818169499],[-35.404743422958774,-8.261607190406224],[-35.41445297435418,-8.268197944395368],[-35.42357761301492,-8.26596179572047],[-35.42509838612503,-8.262666418725903],[-35.42509838612504,-8.256075664736766],[-35.428958810173825,-8.253368747919804],[-35.43422302478579,-8.25725258509198],[-35.4382004313815,-8.255251820488137],[-35.43937025685082,-8.252662595706685]]]}},{"type":"Feature","properties":{"nome":"Serrita","codigo_ibge":"2614006"},"geometry":{"type":"Polygon","coordinates":[[[-39.36027428239102,-8.050467678682882],[-39.43795069355426,-8.059529965417937],[-39.44555455910489,-8.057999968956183],[-39.4495319657006,-8.0604715017021],[-39.45327540720243,-8.060942269844183],[-39.456667901063476,-8.057529200814093],[-39.4628679760509,-8.055410744174733],[-39.46743029538129,-8.056234588423369],[-39.472460544899384,-8.05246844328673],[-39.47421528310337,-8.048349222043523],[-39.47924553262146,-8.044818460977911],[-39.4836908694049,-8.037992322917733],[-39.48006441045,-8.032696181319322],[-39.48076630573159,-8.023633894584261],[-39.48357388685799,-8.018102368914814],[-39.48380785195186,-8.013041611387433],[-39.48673241562514,-8.00633316536279],[-39.48521164251505,-8.000801639693334],[-39.48135121846626,-7.9975062626987565],[-39.48100027082546,-7.995270114023885],[-39.475619073666564,-7.991386276851714],[-39.47292847508712,-7.984913214898101],[-39.470003911413805,-7.9799701494062445],[-39.46485667934875,-7.9767924644472075],[-39.46356987133252,-7.9697309423159775],[-39.46134720294079,-7.965729413108297],[-39.46087927275307,-7.961139423723003],[-39.459241517096004,-7.957373278586361],[-39.4538603199371,-7.95148867681035],[-39.56897114611879,-7.988326283928178],[-39.569205111212646,-7.980558609583851],[-39.56592959989853,-7.976204004269596],[-39.566865460274,-7.971143246742221],[-39.57154476215131,-7.968789406031818],[-39.56803528574331,-7.963022496291325],[-39.5718957097921,-7.95866789097708],[-39.56709942536784,-7.949487912206491],[-39.5689711461188,-7.947840223709212],[-39.57201269233903,-7.940190241400401],[-39.576808976763274,-7.937954092725509],[-39.57575613384087,-7.935129483873027],[-39.570140971588096,-7.931481030771907],[-39.56569563480466,-7.9305394944877365],[-39.56148426311511,-7.925714121031406],[-39.558793664535635,-7.925007968818289],[-39.55738987397244,-7.9108849245558535],[-39.56019745509883,-7.903588018353598],[-39.567333390461734,-7.902175713927353],[-39.568386233384125,-7.8984095687907026],[-39.57154476215131,-7.895584959938224],[-39.57341648290222,-7.885698828954513],[-39.57201269233904,-7.880049611249548],[-39.56639753008628,-7.874988853722174],[-39.5736504479961,-7.870751940443439],[-39.567918303196386,-7.8616896537083845],[-39.56745037300867,-7.857688124500695],[-39.56429184424148,-7.856746588216528],[-39.56136728056816,-7.849920450156356],[-39.5621861583967,-7.8473312253749095],[-39.56663149518012,-7.844624308557944],[-39.57318251780836,-7.834738177574245],[-39.574001395636884,-7.832619720934882],[-39.572246657432885,-7.827441271371991],[-39.57376743054303,-7.824498970483984],[-39.57212967488597,-7.820850517382862],[-39.567216407914785,-7.820144365169733],[-39.562186158396685,-7.813200535074039],[-39.5715447621513,-7.806727473120424],[-39.572363639979834,-7.80496209258763],[-39.5718957097921,-7.798253646562969],[-39.56955605885343,-7.791898276644877],[-39.5729485527145,-7.78671982708198],[-39.583009051750686,-7.779305228844207],[-39.591314812582915,-7.7755390837075575],[-39.588273266362656,-7.770242942109144],[-39.59026196966053,-7.765770644759376],[-39.5866355107056,-7.765182184581775],[-39.58569965033015,-7.760592195196483],[-39.582892069203766,-7.758944506699204],[-39.57856371496724,-7.7597683509478435],[-39.57587311638779,-7.756119897846715],[-39.57552216874701,-7.749764527928614],[-39.573416482902225,-7.7436445420815705],[-39.570725884322776,-7.743173773939487],[-39.56897114611879,-7.7389368606607505],[-39.56136728056815,-7.740937625264596],[-39.554231345205274,-7.740349165087004],[-39.54861618295252,-7.741643777477717],[-39.54709540984238,-7.740113781015961],[-39.541246282495756,-7.74046685712252],[-39.54007645702642,-7.741761469513246],[-39.530015957990216,-7.7427030057974005],[-39.522295109892674,-7.73858378455419],[-39.51738184292149,-7.742467621726362],[-39.51504219198284,-7.739525320838357],[-39.51211762830953,-7.738348400483149],[-39.51223461085645,-7.732581490742657],[-39.514106331607394,-7.730109957996729],[-39.501121268897876,-7.727049965073206],[-39.50498169294666,-7.717399218160548],[-39.50498169294664,-7.71304461284629],[-39.509894959917816,-7.707630779212372],[-39.509660994823946,-7.697862340264183],[-39.50556660568132,-7.6918600464526525],[-39.50123825144479,-7.689270821671201],[-39.50182316417947,-7.67973776679406],[-39.49527214155125,-7.677737002190221],[-39.49211361278406,-7.673029320769407],[-39.49187964769019,-7.669145483597244],[-39.48638146798436,-7.667262411028915],[-39.483690869404924,-7.668203947313075],[-39.47947949771533,-7.666909334922356],[-39.466494435005814,-7.660671657039786],[-39.45970944728373,-7.655846283583451],[-39.45596600578189,-7.655375515441366],[-39.4545622152187,-7.652903982695447],[-39.45011687843525,-7.653374750837532],[-39.44730929730888,-7.65937704464906],[-39.442513012884625,-7.659141660578019],[-39.43642992044415,-7.652197830482322],[-39.428943037440455,-7.646077844635273],[-39.42438071811008,-7.645136308351108],[-39.41981839877972,-7.641840931356535],[-39.41584099218401,-7.634190949047722],[-39.40788617899258,-7.631130956124203],[-39.39185957006282,-7.608181009197742],[-39.38402173941832,-7.608534085304307],[-39.380863210651164,-7.611005618050235],[-39.376066926226905,-7.611829462298877],[-39.37267443236588,-7.614183303009277],[-39.369632886145624,-7.619244060536656],[-39.3681121130355,-7.623834049921944],[-39.35933842201553,-7.626776350809947],[-39.35547799796677,-7.629954035768992],[-39.35021378335482,-7.63124864815972],[-39.34155707488179,-7.636897865864695],[-39.33839854611462,-7.644665540209023],[-39.33465510461277,-7.647019380919437],[-39.324009692841905,-7.651727062340243],[-39.32143607680939,-7.654198595086168],[-39.31137557777319,-7.655257823405846],[-39.30962083956919,-7.657376280045209],[-39.30693024098974,-7.66514395438955],[-39.297688619782065,-7.662907805714665],[-39.288797946215176,-7.664908570318509],[-39.2837676966971,-7.664202418105392],[-39.27031470379984,-7.659847812791137],[-39.266454279751045,-7.664790878282988],[-39.26879393068972,-7.671734708378692],[-39.26855996559586,-7.68432775617935],[-39.25978627457589,-7.689506205742253],[-39.259552309482025,-7.696567727873462],[-39.26282782079614,-7.699039260619382],[-39.25791455382498,-7.700686949116673],[-39.2587334316535,-7.706689242928198],[-39.26025420476363,-7.707983855318931],[-39.26154101277991,-7.715516145592219],[-39.26563540192252,-7.719399982764392],[-39.266103332110255,-7.725166892504888],[-39.270665651440645,-7.7276384252508095],[-39.274643058036325,-7.731404570387452],[-39.27873744717899,-7.7335230270268225],[-39.27698270897501,-7.738936860660756],[-39.277567621709665,-7.745174538543326],[-39.28236390613391,-7.750588372177264],[-39.28177899339923,-7.755649129704638],[-39.27756762170965,-7.760474503160965],[-39.27768460425659,-7.763534496084493],[-39.27511098822407,-7.767653717327699],[-39.27101659908142,-7.771184478393304],[-39.27066565144062,-7.7745975474233955],[-39.273473232567014,-7.7760098518496426],[-39.272303407097695,-7.781070609377008],[-39.274292110395535,-7.7869552111530265],[-39.27043168634678,-7.789309051863428],[-39.21041963977036,-7.7843659863715775],[-39.1158977418488,-7.776598312027238],[-39.11999213099145,-7.778363692560042],[-39.12630918852581,-7.7847190624781355],[-39.13227529841936,-7.787779055401664],[-39.13484891445189,-7.7928398129290315],[-39.13952821632918,-7.794958269568398],[-39.142335797455566,-7.798959798776087],[-39.144558465847275,-7.814259763393724],[-39.14607923895739,-7.817437448352771],[-39.146079238957405,-7.827088195265432],[-39.22012919116576,-7.9013518696787175],[-39.21954427843108,-7.90641262720608],[-39.22223487701053,-7.913121073230735],[-39.22457452794919,-7.914533377656977],[-39.22422358030839,-7.925596428995884],[-39.23159348076514,-7.933364103340221],[-39.22878589963875,-7.937954092725519],[-39.22843495199796,-7.941014085649035],[-39.22515944068384,-7.943721002466013],[-39.223404702479876,-7.949605604242022],[-39.222936772292144,-7.9558432821245955],[-39.22457452794919,-7.961374807794042],[-39.2235216850268,-7.965258644966208],[-39.22749909162251,-7.968554021960783],[-39.228785899638765,-7.971614014884303],[-39.228668917091824,-7.975968620198551],[-39.23147649821822,-7.978322460908965],[-39.231944428405946,-7.982441682152171],[-39.235102957173126,-7.984913214898099],[-39.23323123642221,-7.988326283928192],[-39.23638976518937,-7.993622425526594],[-39.23521993972006,-7.997506262698768],[-39.23650674773632,-8.001507791906453],[-39.23369916660994,-8.005038552972058],[-39.23252934114061,-8.011158538819112],[-39.23861243358109,-8.016336988382006],[-39.23814450339336,-8.025163891046022],[-39.24364268309921,-8.029753880431317],[-39.24750310714797,-8.031401568928604],[-39.25218240902529,-8.030695416715472],[-39.256861710902584,-8.033520025567963],[-39.26130704768603,-8.033402333532447],[-39.26364669862467,-8.040228471592625],[-39.270665651440645,-8.039169243272934],[-39.27522797077101,-8.043876924693741],[-39.28177899339924,-8.043170772480625],[-39.28271485377469,-8.046113073368634],[-39.28645829527654,-8.049173066292157],[-39.289148893855995,-8.049290758327674],[-39.29803956742287,-8.043170772480623],[-39.30014525326766,-8.047407685759351],[-39.30248490420632,-8.04870229815008],[-39.31196049050784,-8.049526142398724],[-39.314417123993444,-8.050585370718403],[-39.316990740025936,-8.047878453901435],[-39.319915303699254,-8.047996145936962],[-39.32377572774803,-8.053409979570887],[-39.33734570319221,-8.054233823819528],[-39.34225897016341,-8.053527671606409],[-39.35021378335479,-8.050820754789443],[-39.36027428239102,-8.050467678682882]]]}},{"type":"Feature","properties":{"nome":"Camaragibe","codigo_ibge":"2603454"},"geometry":{"type":"Polygon","coordinates":[[[-35.029112464758185,-7.933364103340229],[-35.02571997089713,-7.9320694909495],[-35.02115765156674,-7.932422567056067],[-35.01589343695479,-7.925949505102443],[-35.00723672848178,-7.925125660853805],[-35.00396121716765,-7.925949505102454],[-35.00010079311889,-7.929244882097017],[-35.0084065539511,-7.94572176706986],[-34.99869700255571,-7.9484286838868154],[-35.00372725207381,-7.959609427261242],[-35.00010079311888,-7.963846340539975],[-34.99378373558452,-7.961610191865092],[-34.98992331153575,-7.962316344078212],[-34.98559495729925,-7.966317873285904],[-34.978342039389425,-7.970084018422549],[-34.974715580434506,-7.968907098067344],[-34.97225894694891,-7.971731706919826],[-34.962081465365785,-7.974085547630235],[-34.96196448281884,-7.9819709140100885],[-34.964070168663646,-7.98738474764403],[-34.96231543045964,-7.990444740567555],[-34.96442111630444,-8.008687006073192],[-34.96196448281884,-8.021397745909379],[-34.96559094177375,-8.019867749447615],[-34.97413066769984,-8.029400804324753],[-34.97869298703021,-8.02940080432475],[-34.98231944598513,-8.03469694592316],[-34.98734969550321,-8.036226942384936],[-34.990508224270414,-8.032343105212764],[-34.996240369070115,-8.033284641496927],[-34.99612338652317,-8.036815402562532],[-35.00080268840047,-8.034696945923177],[-35.01074620488975,-8.037639246811176],[-35.01238396054681,-8.035638482207336],[-35.015074559126255,-8.023398510513218],[-35.01659533223639,-8.019867749447615],[-35.00244044405755,-8.01833775298585],[-35.01121413507749,-8.011276230854635],[-35.01682929733025,-7.990209356496504],[-35.0087575015919,-7.972084783026389],[-35.0148405940324,-7.969142482138384],[-35.01519154167319,-7.962198652042687],[-35.01671231478332,-7.959727119296764],[-35.02267842467689,-7.957255586550833],[-35.030633237868294,-7.958079430799474],[-35.03390874918241,-7.953371749378672],[-35.034610644463996,-7.941484853791127],[-35.03180306333763,-7.935835636086152],[-35.029112464758185,-7.933364103340229]]]}},{"type":"Feature","properties":{"nome":"Itambé","codigo_ibge":"2607653"},"geometry":{"type":"Polygon","coordinates":[[[-34.98536099220538,-7.462007501081583],[-35.07777720428213,-7.513791996710497],[-35.061750595352365,-7.539213476382878],[-35.06128266516464,-7.541214240986725],[-35.0625694731809,-7.54274423744849],[-35.06970540854379,-7.545451154265456],[-35.07730927409441,-7.5428619294840065],[-35.08280745380025,-7.546274998514088],[-35.0873697731306,-7.547334226833778],[-35.092633987742566,-7.543803465768164],[-35.09719630707294,-7.54368577373264],[-35.098834062730006,-7.538389632134235],[-35.10269448677877,-7.536506559565908],[-35.107373788656076,-7.530975033896459],[-35.11123421270486,-7.5327404144292585],[-35.11205309053339,-7.53650655956591],[-35.117668252786146,-7.53438810292655],[-35.121879624475724,-7.535565023281748],[-35.119773938630935,-7.541096548951199],[-35.123166432491985,-7.540978856915681],[-35.12515513578984,-7.537683479921117],[-35.13030236785488,-7.533681950713427],[-35.131823140965,-7.528856577257088],[-35.13919304142177,-7.521088902912759],[-35.140011919250284,-7.517440449811629],[-35.13954398906255,-7.511791232106657],[-35.14305346547053,-7.509202007325203],[-35.15299698195981,-7.505200478117515],[-35.15709137110244,-7.501905101122949],[-35.15732533619632,-7.497668187844218],[-35.1644612715592,-7.4966089595245355],[-35.1634084286368,-7.49237204624581],[-35.16715187013866,-7.491783586068205],[-35.17019341635889,-7.489547437393321],[-35.17510668333007,-7.489076669251248],[-35.1741708229546,-7.485663600221164],[-35.183412444162286,-7.483309759510747],[-35.186921920570256,-7.479425922338584],[-35.18774079839879,-7.475306701095372],[-35.19136725735371,-7.47577746923746],[-35.20095982620216,-7.472482092242891],[-35.203884389875476,-7.473305936491527],[-35.205171197891744,-7.469892867461439],[-35.20809576156506,-7.467539026751033],[-35.207276883736526,-7.464596725863032],[-35.208446709205866,-7.459771352406698],[-35.21242411580157,-7.460124428513263],[-35.213827906364756,-7.462125193117101],[-35.22014496389911,-7.4575352037318146],[-35.22271857993164,-7.454122134701733],[-35.22587710869883,-7.453886750630691],[-35.22646202143348,-7.448355224961229],[-35.23172623604544,-7.4461190762863545],[-35.23710743320435,-7.440587550616896],[-35.23663950301662,-7.43776294176441],[-35.241903717628595,-7.429995267420071],[-35.24529621148963,-7.426817582461022],[-35.24599810677123,-7.424110665644059],[-35.25512274543196,-7.419873752365339],[-35.265651174655915,-7.412341462092041],[-35.26647005248442,-7.40986992934611],[-35.27079840672094,-7.407516088635704],[-35.27267012747186,-7.404338403676656],[-35.275477708598224,-7.404338403676654],[-35.28004002792861,-7.406574552351544],[-35.28109287085101,-7.404573787747698],[-35.28565519018137,-7.404691479783223],[-35.291855265168806,-7.407516088635712],[-35.29594965431145,-7.407986856777791],[-35.29852327034397,-7.410223005452668],[-35.30671204862925,-7.413165306340672],[-35.310806437771895,-7.412694538198593],[-35.313146088710525,-7.417049143512847],[-35.32379150048142,-7.420226828471886],[-35.32624813396699,-7.416225299264202],[-35.332916139142135,-7.415283762980037],[-35.33502182498694,-7.410811465630266],[-35.33502182498694,-7.406809936422589],[-35.33081045329737,-7.406574552351547],[-35.32753494198327,-7.410105313417148],[-35.3241424481222,-7.411282233772356],[-35.31934616369797,-7.410105313417146],[-35.31782539058783,-7.406927628458111],[-35.314081949086,-7.4057507081029],[-35.309051699567895,-7.409046085097471],[-35.301915764205006,-7.403867635534576],[-35.295832671764515,-7.401396102788655],[-35.2908024222464,-7.397512265616484],[-35.28471932980591,-7.391274587733909],[-35.28015701047555,-7.387626134632781],[-35.27664753406757,-7.384919217815812],[-35.26436436663964,-7.379858460288448],[-35.25734541382369,-7.3782107717911645],[-35.24857172280375,-7.374797702761065],[-35.24623207186509,-7.375974623116276],[-35.24026596197154,-7.375386162938673],[-35.233363991702504,-7.377857695684606],[-35.21675247003806,-7.3809176886081325],[-35.20938256958132,-7.385507677993421],[-35.199556035638984,-7.387743826668303],[-35.19639750687181,-7.3919807399470345],[-35.19511069885555,-7.395629193048153],[-35.190782344619016,-7.397865341723045],[-35.186220025288655,-7.395040732870561],[-35.180838828129765,-7.395864577119201],[-35.173936857860724,-7.392098431982551],[-35.172065137109826,-7.388096902774865],[-35.15849516166565,-7.391980739947028],[-35.15381585978834,-7.392451508089113],[-35.14422329093985,-7.395982269154721],[-35.134864687185235,-7.396806113403363],[-35.12761176927543,-7.401631486859686],[-35.123283415038934,-7.401396102788651],[-35.11965695608402,-7.403985327570095],[-35.11638144476988,-7.40363225146354],[-35.10795870139075,-7.405515324031854],[-35.1021095740441,-7.404691479783216],[-35.09158114482019,-7.401396102788653],[-35.08386029672264,-7.401513794824167],[-35.07637341371894,-7.400689950575537],[-35.070524286372326,-7.398806878007202],[-35.06549403685421,-7.401984562966253],[-35.06303740336864,-7.406692244387068],[-35.054497677442555,-7.412341462092033],[-35.04806363736124,-7.417755295725972],[-35.04045977181063,-7.421756824933663],[-35.02958039494591,-7.4258760461768665],[-35.02033877373823,-7.435879869196094],[-35.01460662893852,-7.44341215946938],[-35.00676879829403,-7.448590609032274],[-35.00279139169834,-7.453533674524125],[-34.99273089266214,-7.4588298161225355],[-34.98536099220538,-7.462007501081583]]]}},{"type":"Feature","properties":{"nome":"Riacho Das Almas","codigo_ibge":"2611705"},"geometry":{"type":"Polygon","coordinates":[[[-35.91560620541346,-8.004685476865497],[-35.914319397397215,-8.002802404297181],[-35.90659854929966,-8.006215473327266],[-35.90344002053247,-8.00574470518518],[-35.895368224794126,-8.001037023764376],[-35.88694548141499,-8.005391629078623],[-35.883903935194745,-8.003743940581332],[-35.88320203991313,-8.001037023764376],[-35.88495677811712,-7.9965647264146],[-35.88109635406836,-7.991503968887239],[-35.87852273803581,-7.9898562803899535],[-35.873375505970785,-7.989503204283395],[-35.86506974513856,-7.9940931936686725],[-35.852903560257595,-7.995505498094924],[-35.84822425838029,-7.993387041455563],[-35.84693745036402,-7.989738588354426],[-35.842726078674445,-7.98361860250738],[-35.83336747491984,-7.9825593741877],[-35.82400887116522,-7.983383218436339],[-35.81687293580235,-7.981500145868002],[-35.811491738643454,-7.981500145868005],[-35.80692941931308,-7.979381689228647],[-35.80728036695386,-7.976321696305126],[-35.80505769856215,-7.973614779488152],[-35.798857623574726,-7.973144011346071],[-35.78669143869373,-7.969024790102864],[-35.77557809673514,-7.969730942315988],[-35.76692138826212,-7.975497852056482],[-35.763996824588816,-7.978793229051048],[-35.757796749601376,-7.974909391878871],[-35.756392959038195,-7.9803232255128025],[-35.75779674960139,-7.987620131715061],[-35.75417029064647,-7.988561667999233],[-35.75510615102192,-7.99162166092275],[-35.75966847035229,-7.991739352958271],[-35.75966847035229,-7.9965647264146025],[-35.76212510383788,-8.001037023764377],[-35.765400615152,-8.001978560048538],[-35.7600194179931,-8.007863161824554],[-35.76001941799311,-8.012335459174315],[-35.76715535335599,-8.012806227316402],[-35.77241956796796,-8.011864691032239],[-35.7786196429554,-8.015160068026805],[-35.785872560865194,-8.015042375991287],[-35.788797124538526,-8.022927742371142],[-35.795231164619814,-8.026105427330185],[-35.795816077354466,-8.03069541671547],[-35.798623658480864,-8.032225413177246],[-35.79955951885632,-8.040699239734696],[-35.80330296035817,-8.044465384871353],[-35.813948372129026,-8.05270382735777],[-35.817808796177815,-8.056352280458889],[-35.825997574463074,-8.058706121169301],[-35.82927308577721,-8.05505766806817],[-35.833484457466774,-8.060236117631066],[-35.83079385888732,-8.063649186661149],[-35.83605807349931,-8.06659148754916],[-35.840152462641946,-8.071299168969972],[-35.838865654625685,-8.072829165431733],[-35.83465428293611,-8.083539140664074],[-35.83734488151555,-8.098015261033064],[-35.83336747491985,-8.101075253956592],[-35.831027823981195,-8.104723707057717],[-35.8364090211401,-8.109549080514055],[-35.8357071258585,-8.114492146005903],[-35.84377892159685,-8.124025200883038],[-35.84225814848672,-8.12614365752241],[-35.845533659800836,-8.130615954872177],[-35.847639345645625,-8.13791286107443],[-35.84588460744164,-8.138736705323074],[-35.84518271216004,-8.146739763738456],[-35.84728839800483,-8.146386687631898],[-35.84787331073949,-8.154036669940716],[-35.84927710130268,-8.157920507112882],[-35.854424333367724,-8.162275112427128],[-35.857816827228774,-8.162275112427123],[-35.861326303636744,-8.164864337208572],[-35.867643361171105,-8.165688181457208],[-35.87349248851774,-8.162275112427134],[-35.883085057366216,-8.169689710664908],[-35.888349271978164,-8.172161243410832],[-35.89080590546376,-8.179222765542047],[-35.888349271978186,-8.189579664667828],[-35.88261712717846,-8.19899502750945],[-35.87992652859902,-8.206291933711707],[-35.91700999597665,-8.1871081319219],[-35.92051947238464,-8.193816577946565],[-35.920987402572365,-8.20205502043298],[-35.922508175682495,-8.203231940788175],[-35.976203164724545,-8.166747409776901],[-35.985093838291434,-8.144150538957005],[-35.97035403737793,-8.11531599025454],[-35.91560620541346,-8.004685476865497]]]}}]}